Copyright 1986-2018 Xilinx, Inc. All Rights Reserved.
--------------------------------------------------------------------------------------------------------------------------------------------------------------------------------
| Tool Version : Vivado v.2018.2 (win64) Build 2258646 Thu Jun 14 20:03:12 MDT 2018
| Date         : Thu Dec 11 05:00:29 2025
| Host         : Mowahhid-PC running 64-bit major release  (build 9200)
| Command      : report_timing_summary -max_paths 10 -file top_timing_summary_routed.rpt -pb top_timing_summary_routed.pb -rpx top_timing_summary_routed.rpx -warn_on_violation
| Design       : top
| Device       : 7a35t-cpg236
| Speed File   : -1  PRODUCTION 1.22 2018-03-21
--------------------------------------------------------------------------------------------------------------------------------------------------------------------------------

Timing Summary Report

------------------------------------------------------------------------------------------------
| Timer Settings
| --------------
------------------------------------------------------------------------------------------------

  Enable Multi Corner Analysis               :  Yes
  Enable Pessimism Removal                   :  Yes
  Pessimism Removal Resolution               :  Nearest Common Node
  Enable Input Delay Default Clock           :  No
  Enable Preset / Clear Arcs                 :  No
  Disable Flight Delays                      :  No
  Ignore I/O Paths                           :  No
  Timing Early Launch at Borrowing Latches   :  false

  Corner  Analyze    Analyze    
  Name    Max Paths  Min Paths  
  ------  ---------  ---------  
  Slow    Yes        Yes        
  Fast    Yes        Yes        



check_timing report

Table of Contents
-----------------
1. checking no_clock
2. checking constant_clock
3. checking pulse_width_clock
4. checking unconstrained_internal_endpoints
5. checking no_input_delay
6. checking no_output_delay
7. checking multiple_clock
8. checking generated_clocks
9. checking loops
10. checking partial_input_delay
11. checking partial_output_delay
12. checking latch_loops

1. checking no_clock
--------------------
 There are 0 register/latch pins with no clock.


2. checking constant_clock
--------------------------
 There are 0 register/latch pins with constant_clock.


3. checking pulse_width_clock
-----------------------------
 There are 0 register/latch pins which need pulse_width check


4. checking unconstrained_internal_endpoints
--------------------------------------------
 There are 0 pins that are not constrained for maximum delay.

 There are 0 pins that are not constrained for maximum delay due to constant clock.


5. checking no_input_delay
--------------------------
 There are 2 input ports with no input delay specified. (HIGH)

 There are 0 input ports with no input delay but user has a false path constraint.


6. checking no_output_delay
---------------------------
 There are 22 ports with no output delay specified. (HIGH)

 There are 0 ports with no output delay but user has a false path constraint

 There are 0 ports with no output delay but with a timing clock defined on it or propagating through it


7. checking multiple_clock
--------------------------
 There are 192 register/latch pins with multiple clocks. (HIGH)


8. checking generated_clocks
----------------------------
 There are 0 generated clocks that are not connected to a clock source.


9. checking loops
-----------------
 There are 0 combinational loops in the design.


10. checking partial_input_delay
--------------------------------
 There are 0 input ports with partial input delay specified.


11. checking partial_output_delay
---------------------------------
 There are 0 ports with partial output delay specified.


12. checking latch_loops
------------------------
 There are 0 combinational latch loops in the design through latch input



------------------------------------------------------------------------------------------------
| Design Timing Summary
| ---------------------
------------------------------------------------------------------------------------------------

    WNS(ns)      TNS(ns)  TNS Failing Endpoints  TNS Total Endpoints      WHS(ns)      THS(ns)  THS Failing Endpoints  THS Total Endpoints     WPWS(ns)     TPWS(ns)  TPWS Failing Endpoints  TPWS Total Endpoints  
    -------      -------  ---------------------  -------------------      -------      -------  ---------------------  -------------------     --------     --------  ----------------------  --------------------  
     -2.051       -2.051                      1                 1327        0.082        0.000                      0                 1327        3.000        0.000                       0                   200  


Timing constraints are not met.


------------------------------------------------------------------------------------------------
| Clock Summary
| -------------
------------------------------------------------------------------------------------------------

Clock                   Waveform(ns)       Period(ns)      Frequency(MHz)
-----                   ------------       ----------      --------------
clk_100mhz              {0.000 5.000}      10.000          100.000         
  clk_out1_clk_wiz_0    {0.000 19.861}     39.722          25.175          
  clk_out2_clk_wiz_0    {0.000 5.000}      10.000          100.000         
  clkfbout_clk_wiz_0    {0.000 5.000}      10.000          100.000         
sys_clk_pin             {0.000 5.000}      10.000          100.000         
  clk_out1_clk_wiz_0_1  {0.000 19.861}     39.722          25.175          
  clk_out2_clk_wiz_0_1  {0.000 5.000}      10.000          100.000         
  clkfbout_clk_wiz_0_1  {0.000 5.000}      10.000          100.000         


------------------------------------------------------------------------------------------------
| Intra Clock Table
| -----------------
------------------------------------------------------------------------------------------------

Clock                       WNS(ns)      TNS(ns)  TNS Failing Endpoints  TNS Total Endpoints      WHS(ns)      THS(ns)  THS Failing Endpoints  THS Total Endpoints     WPWS(ns)     TPWS(ns)  TPWS Failing Endpoints  TPWS Total Endpoints  
-----                       -------      -------  ---------------------  -------------------      -------      -------  ---------------------  -------------------     --------     --------  ----------------------  --------------------  
clk_100mhz                                                                                                                                                                3.000        0.000                       0                     1  
  clk_out1_clk_wiz_0         27.184        0.000                      0                  538        0.180        0.000                      0                  538       19.361        0.000                       0                    57  
  clk_out2_clk_wiz_0          3.261        0.000                      0                  788        0.172        0.000                      0                  788        4.500        0.000                       0                   139  
  clkfbout_clk_wiz_0                                                                                                                                                      7.845        0.000                       0                     3  
sys_clk_pin                                                                                                                                                               3.000        0.000                       0                     1  
  clk_out1_clk_wiz_0_1       27.187        0.000                      0                  538        0.180        0.000                      0                  538       19.361        0.000                       0                    57  
  clk_out2_clk_wiz_0_1        3.262        0.000                      0                  788        0.172        0.000                      0                  788        4.500        0.000                       0                   139  
  clkfbout_clk_wiz_0_1                                                                                                                                                    7.845        0.000                       0                     3  


------------------------------------------------------------------------------------------------
| Inter Clock Table
| -----------------
------------------------------------------------------------------------------------------------

From Clock            To Clock                  WNS(ns)      TNS(ns)  TNS Failing Endpoints  TNS Total Endpoints      WHS(ns)      THS(ns)  THS Failing Endpoints  THS Total Endpoints  
----------            --------                  -------      -------  ---------------------  -------------------      -------      -------  ---------------------  -------------------  
clk_out2_clk_wiz_0    clk_out1_clk_wiz_0         -2.051       -2.051                      1                    1        0.208        0.000                      0                    1  
clk_out1_clk_wiz_0_1  clk_out1_clk_wiz_0         27.184        0.000                      0                  538        0.082        0.000                      0                  538  
clk_out2_clk_wiz_0_1  clk_out1_clk_wiz_0         -2.051       -2.051                      1                    1        0.208        0.000                      0                    1  
clk_out2_clk_wiz_0_1  clk_out2_clk_wiz_0          3.261        0.000                      0                  788        0.095        0.000                      0                  788  
clk_out1_clk_wiz_0    clk_out1_clk_wiz_0_1       27.184        0.000                      0                  538        0.082        0.000                      0                  538  
clk_out2_clk_wiz_0    clk_out1_clk_wiz_0_1       -2.048       -2.048                      1                    1        0.211        0.000                      0                    1  
clk_out2_clk_wiz_0_1  clk_out1_clk_wiz_0_1       -2.048       -2.048                      1                    1        0.211        0.000                      0                    1  
clk_out2_clk_wiz_0    clk_out2_clk_wiz_0_1        3.261        0.000                      0                  788        0.095        0.000                      0                  788  


------------------------------------------------------------------------------------------------
| Other Path Groups Table
| -----------------------
------------------------------------------------------------------------------------------------

Path Group    From Clock    To Clock          WNS(ns)      TNS(ns)  TNS Failing Endpoints  TNS Total Endpoints      WHS(ns)      THS(ns)  THS Failing Endpoints  THS Total Endpoints  
----------    ----------    --------          -------      -------  ---------------------  -------------------      -------      -------  ---------------------  -------------------  


------------------------------------------------------------------------------------------------
| Timing Details
| --------------
------------------------------------------------------------------------------------------------


---------------------------------------------------------------------------------------------------
From Clock:  clk_100mhz
  To Clock:  clk_100mhz

Setup :           NA  Failing Endpoints,  Worst Slack           NA  ,  Total Violation           NA
Hold  :           NA  Failing Endpoints,  Worst Slack           NA  ,  Total Violation           NA
PW    :            0  Failing Endpoints,  Worst Slack        3.000ns,  Total Violation        0.000ns
---------------------------------------------------------------------------------------------------


Pulse Width Checks
--------------------------------------------------------------------------------------
Clock Name:         clk_100mhz
Waveform(ns):       { 0.000 5.000 }
Period(ns):         10.000
Sources:            { clk_100mhz }

Check Type        Corner  Lib Pin            Reference Pin  Required(ns)  Actual(ns)  Slack(ns)  Location         Pin
Min Period        n/a     MMCME2_ADV/CLKIN1  n/a            1.249         10.000      8.751      MMCME2_ADV_X1Y0  clk_gen/inst/mmcm_adv_inst/CLKIN1
Max Period        n/a     MMCME2_ADV/CLKIN1  n/a            100.000       10.000      90.000     MMCME2_ADV_X1Y0  clk_gen/inst/mmcm_adv_inst/CLKIN1
Low Pulse Width   Fast    MMCME2_ADV/CLKIN1  n/a            2.000         5.000       3.000      MMCME2_ADV_X1Y0  clk_gen/inst/mmcm_adv_inst/CLKIN1
Low Pulse Width   Slow    MMCME2_ADV/CLKIN1  n/a            2.000         5.000       3.000      MMCME2_ADV_X1Y0  clk_gen/inst/mmcm_adv_inst/CLKIN1
High Pulse Width  Slow    MMCME2_ADV/CLKIN1  n/a            2.000         5.000       3.000      MMCME2_ADV_X1Y0  clk_gen/inst/mmcm_adv_inst/CLKIN1
High Pulse Width  Fast    MMCME2_ADV/CLKIN1  n/a            2.000         5.000       3.000      MMCME2_ADV_X1Y0  clk_gen/inst/mmcm_adv_inst/CLKIN1



---------------------------------------------------------------------------------------------------
From Clock:  clk_out1_clk_wiz_0
  To Clock:  clk_out1_clk_wiz_0

Setup :            0  Failing Endpoints,  Worst Slack       27.184ns,  Total Violation        0.000ns
Hold  :            0  Failing Endpoints,  Worst Slack        0.180ns,  Total Violation        0.000ns
PW    :            0  Failing Endpoints,  Worst Slack       19.361ns,  Total Violation        0.000ns
---------------------------------------------------------------------------------------------------


Max Delay Paths
--------------------------------------------------------------------------------------
Slack (MET) :             27.184ns  (required time - arrival time)
  Source:                 u_vga/v_count_reg[1]/C
                            (rising edge-triggered cell FDCE clocked by clk_out1_clk_wiz_0  {rise@0.000ns fall@19.861ns period=39.722ns})
  Destination:            u_ping_pong/ram_reg_1_7/ENBWREN
                            (rising edge-triggered cell RAMB36E1 clocked by clk_out1_clk_wiz_0  {rise@0.000ns fall@19.861ns period=39.722ns})
  Path Group:             clk_out1_clk_wiz_0
  Path Type:              Setup (Max at Slow Process Corner)
  Requirement:            39.722ns  (clk_out1_clk_wiz_0 rise@39.722ns - clk_out1_clk_wiz_0 rise@0.000ns)
  Data Path Delay:        11.911ns  (logic 3.720ns (31.232%)  route 8.191ns (68.768%))
  Logic Levels:           8  (CARRY4=5 LUT2=2 LUT3=1)
  Clock Path Skew:        -0.086ns (DCD - SCD + CPR)
    Destination Clock Delay (DCD):    -1.519ns = ( 38.203 - 39.722 ) 
    Source Clock Delay      (SCD):    -0.950ns
    Clock Pessimism Removal (CPR):    0.484ns
  Clock Uncertainty:      0.098ns  ((TSJ^2 + DJ^2)^1/2) / 2 + PE
    Total System Jitter     (TSJ):    0.071ns
    Discrete Jitter          (DJ):    0.183ns
    Phase Error              (PE):    0.000ns

    Location             Delay type                Incr(ns)  Path(ns)    Netlist Resource(s)
  -------------------------------------------------------------------    -------------------
                         (clock clk_out1_clk_wiz_0 rise edge)
                                                      0.000     0.000 r  
    W5                                                0.000     0.000 r  clk_100mhz (IN)
                         net (fo=0)                   0.000     0.000    clk_gen/inst/clk_in1
    W5                   IBUF (Prop_ibuf_I_O)         1.458     1.458 r  clk_gen/inst/clkin1_ibufg/O
                         net (fo=1, routed)           1.233     2.691    clk_gen/inst/clk_in1_clk_wiz_0
    MMCME2_ADV_X1Y0      MMCME2_ADV (Prop_mmcme2_adv_CLKIN1_CLKOUT0)
                                                     -6.961    -4.269 r  clk_gen/inst/mmcm_adv_inst/CLKOUT0
                         net (fo=1, routed)           1.661    -2.608    clk_gen/inst/clk_out1_clk_wiz_0
    BUFGCTRL_X0Y1        BUFG (Prop_bufg_I_O)         0.096    -2.512 r  clk_gen/inst/clkout1_buf/O
                         net (fo=55, routed)          1.562    -0.950    u_vga/CLK
    SLICE_X39Y38         FDCE                                         r  u_vga/v_count_reg[1]/C
  -------------------------------------------------------------------    -------------------
    SLICE_X39Y38         FDCE (Prop_fdce_C_Q)         0.456    -0.494 r  u_vga/v_count_reg[1]/Q
                         net (fo=11, routed)          0.886     0.392    u_vga/v_count_reg_n_0_[1]
    SLICE_X36Y38         LUT2 (Prop_lut2_I1_O)        0.124     0.516 r  u_vga/ram_reg_0_2_i_12/O
                         net (fo=1, routed)           0.000     0.516    u_vga/ram_reg_0_2_i_12_n_0
    SLICE_X36Y38         CARRY4 (Prop_carry4_S[1]_CO[3])
                                                      0.550     1.066 r  u_vga/ram_reg_0_2_i_6/CO[3]
                         net (fo=1, routed)           0.000     1.066    u_vga/ram_reg_0_2_i_6_n_0
    SLICE_X36Y39         CARRY4 (Prop_carry4_CI_O[0])
                                                      0.222     1.288 r  u_vga/rd_addr_final__0_carry_i_8/O[0]
                         net (fo=1, routed)           0.582     1.870    u_vga/frame_rd_addr0[11]
    SLICE_X37Y39         CARRY4 (Prop_carry4_S[1]_CO[3])
                                                      0.849     2.719 r  u_vga/rd_addr_final__0_carry_i_2/CO[3]
                         net (fo=1, routed)           0.000     2.719    u_vga/rd_addr_final__0_carry_i_2_n_0
    SLICE_X37Y40         CARRY4 (Prop_carry4_CI_O[1])
                                                      0.334     3.053 r  u_vga/rd_addr_final__0_carry__0_i_1/O[1]
                         net (fo=3, routed)           1.005     4.057    u_ping_pong/frame_rd_addr__0[5]
    SLICE_X39Y40         LUT3 (Prop_lut3_I2_O)        0.303     4.360 r  u_ping_pong/rd_addr_final__0_carry__0_i_5/O
                         net (fo=1, routed)           0.000     4.360    u_ping_pong/rd_addr_final__0_carry__0_i_5_n_0
    SLICE_X39Y40         CARRY4 (Prop_carry4_S[1]_O[2])
                                                      0.580     4.940 f  u_ping_pong/rd_addr_final__0_carry__0/O[2]
                         net (fo=4, routed)           0.829     5.770    u_ping_pong/rd_addr_final[16]
    SLICE_X41Y40         LUT2 (Prop_lut2_I1_O)        0.302     6.072 r  u_ping_pong/ram_reg_0_2_i_2/O
                         net (fo=12, routed)          4.889    10.961    u_ping_pong/ram_reg_0_2_i_2_n_0
    RAMB36_X1Y13         RAMB36E1                                     r  u_ping_pong/ram_reg_1_7/ENBWREN
  -------------------------------------------------------------------    -------------------

                         (clock clk_out1_clk_wiz_0 rise edge)
                                                     39.722    39.722 r  
    W5                                                0.000    39.722 r  clk_100mhz (IN)
                         net (fo=0)                   0.000    39.722    clk_gen/inst/clk_in1
    W5                   IBUF (Prop_ibuf_I_O)         1.388    41.110 r  clk_gen/inst/clkin1_ibufg/O
                         net (fo=1, routed)           1.162    42.272    clk_gen/inst/clk_in1_clk_wiz_0
    MMCME2_ADV_X1Y0      MMCME2_ADV (Prop_mmcme2_adv_CLKIN1_CLKOUT0)
                                                     -7.217    35.055 r  clk_gen/inst/mmcm_adv_inst/CLKOUT0
                         net (fo=1, routed)           1.581    36.636    clk_gen/inst/clk_out1_clk_wiz_0
    BUFGCTRL_X0Y1        BUFG (Prop_bufg_I_O)         0.091    36.727 r  clk_gen/inst/clkout1_buf/O
                         net (fo=55, routed)          1.476    38.203    u_ping_pong/clk_out1
    RAMB36_X1Y13         RAMB36E1                                     r  u_ping_pong/ram_reg_1_7/CLKBWRCLK
                         clock pessimism              0.484    38.686    
                         clock uncertainty           -0.098    38.588    
    RAMB36_X1Y13         RAMB36E1 (Setup_ramb36e1_CLKBWRCLK_ENBWREN)
                                                     -0.443    38.145    u_ping_pong/ram_reg_1_7
  -------------------------------------------------------------------
                         required time                         38.145    
                         arrival time                         -10.961    
  -------------------------------------------------------------------
                         slack                                 27.184    

Slack (MET) :             27.390ns  (required time - arrival time)
  Source:                 u_vga/v_count_reg[1]/C
                            (rising edge-triggered cell FDCE clocked by clk_out1_clk_wiz_0  {rise@0.000ns fall@19.861ns period=39.722ns})
  Destination:            u_ping_pong/ram_reg_0_7/ENBWREN
                            (rising edge-triggered cell RAMB36E1 clocked by clk_out1_clk_wiz_0  {rise@0.000ns fall@19.861ns period=39.722ns})
  Path Group:             clk_out1_clk_wiz_0
  Path Type:              Setup (Max at Slow Process Corner)
  Requirement:            39.722ns  (clk_out1_clk_wiz_0 rise@39.722ns - clk_out1_clk_wiz_0 rise@0.000ns)
  Data Path Delay:        11.709ns  (logic 3.720ns (31.772%)  route 7.989ns (68.228%))
  Logic Levels:           8  (CARRY4=5 LUT2=2 LUT3=1)
  Clock Path Skew:        -0.082ns (DCD - SCD + CPR)
    Destination Clock Delay (DCD):    -1.515ns = ( 38.207 - 39.722 ) 
    Source Clock Delay      (SCD):    -0.950ns
    Clock Pessimism Removal (CPR):    0.484ns
  Clock Uncertainty:      0.098ns  ((TSJ^2 + DJ^2)^1/2) / 2 + PE
    Total System Jitter     (TSJ):    0.071ns
    Discrete Jitter          (DJ):    0.183ns
    Phase Error              (PE):    0.000ns

    Location             Delay type                Incr(ns)  Path(ns)    Netlist Resource(s)
  -------------------------------------------------------------------    -------------------
                         (clock clk_out1_clk_wiz_0 rise edge)
                                                      0.000     0.000 r  
    W5                                                0.000     0.000 r  clk_100mhz (IN)
                         net (fo=0)                   0.000     0.000    clk_gen/inst/clk_in1
    W5                   IBUF (Prop_ibuf_I_O)         1.458     1.458 r  clk_gen/inst/clkin1_ibufg/O
                         net (fo=1, routed)           1.233     2.691    clk_gen/inst/clk_in1_clk_wiz_0
    MMCME2_ADV_X1Y0      MMCME2_ADV (Prop_mmcme2_adv_CLKIN1_CLKOUT0)
                                                     -6.961    -4.269 r  clk_gen/inst/mmcm_adv_inst/CLKOUT0
                         net (fo=1, routed)           1.661    -2.608    clk_gen/inst/clk_out1_clk_wiz_0
    BUFGCTRL_X0Y1        BUFG (Prop_bufg_I_O)         0.096    -2.512 r  clk_gen/inst/clkout1_buf/O
                         net (fo=55, routed)          1.562    -0.950    u_vga/CLK
    SLICE_X39Y38         FDCE                                         r  u_vga/v_count_reg[1]/C
  -------------------------------------------------------------------    -------------------
    SLICE_X39Y38         FDCE (Prop_fdce_C_Q)         0.456    -0.494 r  u_vga/v_count_reg[1]/Q
                         net (fo=11, routed)          0.886     0.392    u_vga/v_count_reg_n_0_[1]
    SLICE_X36Y38         LUT2 (Prop_lut2_I1_O)        0.124     0.516 r  u_vga/ram_reg_0_2_i_12/O
                         net (fo=1, routed)           0.000     0.516    u_vga/ram_reg_0_2_i_12_n_0
    SLICE_X36Y38         CARRY4 (Prop_carry4_S[1]_CO[3])
                                                      0.550     1.066 r  u_vga/ram_reg_0_2_i_6/CO[3]
                         net (fo=1, routed)           0.000     1.066    u_vga/ram_reg_0_2_i_6_n_0
    SLICE_X36Y39         CARRY4 (Prop_carry4_CI_O[0])
                                                      0.222     1.288 r  u_vga/rd_addr_final__0_carry_i_8/O[0]
                         net (fo=1, routed)           0.582     1.870    u_vga/frame_rd_addr0[11]
    SLICE_X37Y39         CARRY4 (Prop_carry4_S[1]_CO[3])
                                                      0.849     2.719 r  u_vga/rd_addr_final__0_carry_i_2/CO[3]
                         net (fo=1, routed)           0.000     2.719    u_vga/rd_addr_final__0_carry_i_2_n_0
    SLICE_X37Y40         CARRY4 (Prop_carry4_CI_O[1])
                                                      0.334     3.053 r  u_vga/rd_addr_final__0_carry__0_i_1/O[1]
                         net (fo=3, routed)           1.005     4.057    u_ping_pong/frame_rd_addr__0[5]
    SLICE_X39Y40         LUT3 (Prop_lut3_I2_O)        0.303     4.360 r  u_ping_pong/rd_addr_final__0_carry__0_i_5/O
                         net (fo=1, routed)           0.000     4.360    u_ping_pong/rd_addr_final__0_carry__0_i_5_n_0
    SLICE_X39Y40         CARRY4 (Prop_carry4_S[1]_O[2])
                                                      0.580     4.940 f  u_ping_pong/rd_addr_final__0_carry__0/O[2]
                         net (fo=4, routed)           0.829     5.770    u_ping_pong/rd_addr_final[16]
    SLICE_X41Y40         LUT2 (Prop_lut2_I1_O)        0.302     6.072 r  u_ping_pong/ram_reg_0_2_i_2/O
                         net (fo=12, routed)          4.687    10.759    u_ping_pong/ram_reg_0_2_i_2_n_0
    RAMB36_X1Y12         RAMB36E1                                     r  u_ping_pong/ram_reg_0_7/ENBWREN
  -------------------------------------------------------------------    -------------------

                         (clock clk_out1_clk_wiz_0 rise edge)
                                                     39.722    39.722 r  
    W5                                                0.000    39.722 r  clk_100mhz (IN)
                         net (fo=0)                   0.000    39.722    clk_gen/inst/clk_in1
    W5                   IBUF (Prop_ibuf_I_O)         1.388    41.110 r  clk_gen/inst/clkin1_ibufg/O
                         net (fo=1, routed)           1.162    42.272    clk_gen/inst/clk_in1_clk_wiz_0
    MMCME2_ADV_X1Y0      MMCME2_ADV (Prop_mmcme2_adv_CLKIN1_CLKOUT0)
                                                     -7.217    35.055 r  clk_gen/inst/mmcm_adv_inst/CLKOUT0
                         net (fo=1, routed)           1.581    36.636    clk_gen/inst/clk_out1_clk_wiz_0
    BUFGCTRL_X0Y1        BUFG (Prop_bufg_I_O)         0.091    36.727 r  clk_gen/inst/clkout1_buf/O
                         net (fo=55, routed)          1.480    38.207    u_ping_pong/clk_out1
    RAMB36_X1Y12         RAMB36E1                                     r  u_ping_pong/ram_reg_0_7/CLKBWRCLK
                         clock pessimism              0.484    38.690    
                         clock uncertainty           -0.098    38.592    
    RAMB36_X1Y12         RAMB36E1 (Setup_ramb36e1_CLKBWRCLK_ENBWREN)
                                                     -0.443    38.149    u_ping_pong/ram_reg_0_7
  -------------------------------------------------------------------
                         required time                         38.149    
                         arrival time                         -10.759    
  -------------------------------------------------------------------
                         slack                                 27.390    

Slack (MET) :             27.880ns  (required time - arrival time)
  Source:                 u_vga/v_count_reg[1]/C
                            (rising edge-triggered cell FDCE clocked by clk_out1_clk_wiz_0  {rise@0.000ns fall@19.861ns period=39.722ns})
  Destination:            u_ping_pong/ram_reg_2_2__0/ENBWREN
                            (rising edge-triggered cell RAMB36E1 clocked by clk_out1_clk_wiz_0  {rise@0.000ns fall@19.861ns period=39.722ns})
  Path Group:             clk_out1_clk_wiz_0
  Path Type:              Setup (Max at Slow Process Corner)
  Requirement:            39.722ns  (clk_out1_clk_wiz_0 rise@39.722ns - clk_out1_clk_wiz_0 rise@0.000ns)
  Data Path Delay:        11.210ns  (logic 3.720ns (33.186%)  route 7.490ns (66.814%))
  Logic Levels:           8  (CARRY4=5 LUT2=1 LUT3=2)
  Clock Path Skew:        -0.091ns (DCD - SCD + CPR)
    Destination Clock Delay (DCD):    -1.524ns = ( 38.198 - 39.722 ) 
    Source Clock Delay      (SCD):    -0.950ns
    Clock Pessimism Removal (CPR):    0.484ns
  Clock Uncertainty:      0.098ns  ((TSJ^2 + DJ^2)^1/2) / 2 + PE
    Total System Jitter     (TSJ):    0.071ns
    Discrete Jitter          (DJ):    0.183ns
    Phase Error              (PE):    0.000ns

    Location             Delay type                Incr(ns)  Path(ns)    Netlist Resource(s)
  -------------------------------------------------------------------    -------------------
                         (clock clk_out1_clk_wiz_0 rise edge)
                                                      0.000     0.000 r  
    W5                                                0.000     0.000 r  clk_100mhz (IN)
                         net (fo=0)                   0.000     0.000    clk_gen/inst/clk_in1
    W5                   IBUF (Prop_ibuf_I_O)         1.458     1.458 r  clk_gen/inst/clkin1_ibufg/O
                         net (fo=1, routed)           1.233     2.691    clk_gen/inst/clk_in1_clk_wiz_0
    MMCME2_ADV_X1Y0      MMCME2_ADV (Prop_mmcme2_adv_CLKIN1_CLKOUT0)
                                                     -6.961    -4.269 r  clk_gen/inst/mmcm_adv_inst/CLKOUT0
                         net (fo=1, routed)           1.661    -2.608    clk_gen/inst/clk_out1_clk_wiz_0
    BUFGCTRL_X0Y1        BUFG (Prop_bufg_I_O)         0.096    -2.512 r  clk_gen/inst/clkout1_buf/O
                         net (fo=55, routed)          1.562    -0.950    u_vga/CLK
    SLICE_X39Y38         FDCE                                         r  u_vga/v_count_reg[1]/C
  -------------------------------------------------------------------    -------------------
    SLICE_X39Y38         FDCE (Prop_fdce_C_Q)         0.456    -0.494 r  u_vga/v_count_reg[1]/Q
                         net (fo=11, routed)          0.886     0.392    u_vga/v_count_reg_n_0_[1]
    SLICE_X36Y38         LUT2 (Prop_lut2_I1_O)        0.124     0.516 r  u_vga/ram_reg_0_2_i_12/O
                         net (fo=1, routed)           0.000     0.516    u_vga/ram_reg_0_2_i_12_n_0
    SLICE_X36Y38         CARRY4 (Prop_carry4_S[1]_CO[3])
                                                      0.550     1.066 r  u_vga/ram_reg_0_2_i_6/CO[3]
                         net (fo=1, routed)           0.000     1.066    u_vga/ram_reg_0_2_i_6_n_0
    SLICE_X36Y39         CARRY4 (Prop_carry4_CI_O[0])
                                                      0.222     1.288 r  u_vga/rd_addr_final__0_carry_i_8/O[0]
                         net (fo=1, routed)           0.582     1.870    u_vga/frame_rd_addr0[11]
    SLICE_X37Y39         CARRY4 (Prop_carry4_S[1]_CO[3])
                                                      0.849     2.719 r  u_vga/rd_addr_final__0_carry_i_2/CO[3]
                         net (fo=1, routed)           0.000     2.719    u_vga/rd_addr_final__0_carry_i_2_n_0
    SLICE_X37Y40         CARRY4 (Prop_carry4_CI_O[1])
                                                      0.334     3.053 r  u_vga/rd_addr_final__0_carry__0_i_1/O[1]
                         net (fo=3, routed)           1.005     4.057    u_ping_pong/frame_rd_addr__0[5]
    SLICE_X39Y40         LUT3 (Prop_lut3_I2_O)        0.303     4.360 r  u_ping_pong/rd_addr_final__0_carry__0_i_5/O
                         net (fo=1, routed)           0.000     4.360    u_ping_pong/rd_addr_final__0_carry__0_i_5_n_0
    SLICE_X39Y40         CARRY4 (Prop_carry4_S[1]_O[2])
                                                      0.580     4.940 f  u_ping_pong/rd_addr_final__0_carry__0/O[2]
                         net (fo=4, routed)           0.830     5.771    u_ping_pong/rd_addr_final[16]
    SLICE_X41Y40         LUT3 (Prop_lut3_I2_O)        0.302     6.073 r  u_ping_pong/ram_reg_2_2__0_i_2/O
                         net (fo=6, routed)           4.187    10.260    u_ping_pong/ram_reg_2_2__0_i_2_n_0
    RAMB36_X1Y14         RAMB36E1                                     r  u_ping_pong/ram_reg_2_2__0/ENBWREN
  -------------------------------------------------------------------    -------------------

                         (clock clk_out1_clk_wiz_0 rise edge)
                                                     39.722    39.722 r  
    W5                                                0.000    39.722 r  clk_100mhz (IN)
                         net (fo=0)                   0.000    39.722    clk_gen/inst/clk_in1
    W5                   IBUF (Prop_ibuf_I_O)         1.388    41.110 r  clk_gen/inst/clkin1_ibufg/O
                         net (fo=1, routed)           1.162    42.272    clk_gen/inst/clk_in1_clk_wiz_0
    MMCME2_ADV_X1Y0      MMCME2_ADV (Prop_mmcme2_adv_CLKIN1_CLKOUT0)
                                                     -7.217    35.055 r  clk_gen/inst/mmcm_adv_inst/CLKOUT0
                         net (fo=1, routed)           1.581    36.636    clk_gen/inst/clk_out1_clk_wiz_0
    BUFGCTRL_X0Y1        BUFG (Prop_bufg_I_O)         0.091    36.727 r  clk_gen/inst/clkout1_buf/O
                         net (fo=55, routed)          1.471    38.198    u_ping_pong/clk_out1
    RAMB36_X1Y14         RAMB36E1                                     r  u_ping_pong/ram_reg_2_2__0/CLKBWRCLK
                         clock pessimism              0.484    38.681    
                         clock uncertainty           -0.098    38.583    
    RAMB36_X1Y14         RAMB36E1 (Setup_ramb36e1_CLKBWRCLK_ENBWREN)
                                                     -0.443    38.140    u_ping_pong/ram_reg_2_2__0
  -------------------------------------------------------------------
                         required time                         38.140    
                         arrival time                         -10.260    
  -------------------------------------------------------------------
                         slack                                 27.880    

Slack (MET) :             28.101ns  (required time - arrival time)
  Source:                 u_vga/v_count_reg[1]/C
                            (rising edge-triggered cell FDCE clocked by clk_out1_clk_wiz_0  {rise@0.000ns fall@19.861ns period=39.722ns})
  Destination:            u_ping_pong/ram_reg_1_5/ENBWREN
                            (rising edge-triggered cell RAMB36E1 clocked by clk_out1_clk_wiz_0  {rise@0.000ns fall@19.861ns period=39.722ns})
  Path Group:             clk_out1_clk_wiz_0
  Path Type:              Setup (Max at Slow Process Corner)
  Requirement:            39.722ns  (clk_out1_clk_wiz_0 rise@39.722ns - clk_out1_clk_wiz_0 rise@0.000ns)
  Data Path Delay:        11.000ns  (logic 3.720ns (33.818%)  route 7.280ns (66.182%))
  Logic Levels:           8  (CARRY4=5 LUT2=2 LUT3=1)
  Clock Path Skew:        -0.080ns (DCD - SCD + CPR)
    Destination Clock Delay (DCD):    -1.513ns = ( 38.209 - 39.722 ) 
    Source Clock Delay      (SCD):    -0.950ns
    Clock Pessimism Removal (CPR):    0.484ns
  Clock Uncertainty:      0.098ns  ((TSJ^2 + DJ^2)^1/2) / 2 + PE
    Total System Jitter     (TSJ):    0.071ns
    Discrete Jitter          (DJ):    0.183ns
    Phase Error              (PE):    0.000ns

    Location             Delay type                Incr(ns)  Path(ns)    Netlist Resource(s)
  -------------------------------------------------------------------    -------------------
                         (clock clk_out1_clk_wiz_0 rise edge)
                                                      0.000     0.000 r  
    W5                                                0.000     0.000 r  clk_100mhz (IN)
                         net (fo=0)                   0.000     0.000    clk_gen/inst/clk_in1
    W5                   IBUF (Prop_ibuf_I_O)         1.458     1.458 r  clk_gen/inst/clkin1_ibufg/O
                         net (fo=1, routed)           1.233     2.691    clk_gen/inst/clk_in1_clk_wiz_0
    MMCME2_ADV_X1Y0      MMCME2_ADV (Prop_mmcme2_adv_CLKIN1_CLKOUT0)
                                                     -6.961    -4.269 r  clk_gen/inst/mmcm_adv_inst/CLKOUT0
                         net (fo=1, routed)           1.661    -2.608    clk_gen/inst/clk_out1_clk_wiz_0
    BUFGCTRL_X0Y1        BUFG (Prop_bufg_I_O)         0.096    -2.512 r  clk_gen/inst/clkout1_buf/O
                         net (fo=55, routed)          1.562    -0.950    u_vga/CLK
    SLICE_X39Y38         FDCE                                         r  u_vga/v_count_reg[1]/C
  -------------------------------------------------------------------    -------------------
    SLICE_X39Y38         FDCE (Prop_fdce_C_Q)         0.456    -0.494 r  u_vga/v_count_reg[1]/Q
                         net (fo=11, routed)          0.886     0.392    u_vga/v_count_reg_n_0_[1]
    SLICE_X36Y38         LUT2 (Prop_lut2_I1_O)        0.124     0.516 r  u_vga/ram_reg_0_2_i_12/O
                         net (fo=1, routed)           0.000     0.516    u_vga/ram_reg_0_2_i_12_n_0
    SLICE_X36Y38         CARRY4 (Prop_carry4_S[1]_CO[3])
                                                      0.550     1.066 r  u_vga/ram_reg_0_2_i_6/CO[3]
                         net (fo=1, routed)           0.000     1.066    u_vga/ram_reg_0_2_i_6_n_0
    SLICE_X36Y39         CARRY4 (Prop_carry4_CI_O[0])
                                                      0.222     1.288 r  u_vga/rd_addr_final__0_carry_i_8/O[0]
                         net (fo=1, routed)           0.582     1.870    u_vga/frame_rd_addr0[11]
    SLICE_X37Y39         CARRY4 (Prop_carry4_S[1]_CO[3])
                                                      0.849     2.719 r  u_vga/rd_addr_final__0_carry_i_2/CO[3]
                         net (fo=1, routed)           0.000     2.719    u_vga/rd_addr_final__0_carry_i_2_n_0
    SLICE_X37Y40         CARRY4 (Prop_carry4_CI_O[1])
                                                      0.334     3.053 r  u_vga/rd_addr_final__0_carry__0_i_1/O[1]
                         net (fo=3, routed)           1.005     4.057    u_ping_pong/frame_rd_addr__0[5]
    SLICE_X39Y40         LUT3 (Prop_lut3_I2_O)        0.303     4.360 r  u_ping_pong/rd_addr_final__0_carry__0_i_5/O
                         net (fo=1, routed)           0.000     4.360    u_ping_pong/rd_addr_final__0_carry__0_i_5_n_0
    SLICE_X39Y40         CARRY4 (Prop_carry4_S[1]_O[2])
                                                      0.580     4.940 f  u_ping_pong/rd_addr_final__0_carry__0/O[2]
                         net (fo=4, routed)           0.829     5.770    u_ping_pong/rd_addr_final[16]
    SLICE_X41Y40         LUT2 (Prop_lut2_I1_O)        0.302     6.072 r  u_ping_pong/ram_reg_0_2_i_2/O
                         net (fo=12, routed)          3.979    10.051    u_ping_pong/ram_reg_0_2_i_2_n_0
    RAMB36_X2Y12         RAMB36E1                                     r  u_ping_pong/ram_reg_1_5/ENBWREN
  -------------------------------------------------------------------    -------------------

                         (clock clk_out1_clk_wiz_0 rise edge)
                                                     39.722    39.722 r  
    W5                                                0.000    39.722 r  clk_100mhz (IN)
                         net (fo=0)                   0.000    39.722    clk_gen/inst/clk_in1
    W5                   IBUF (Prop_ibuf_I_O)         1.388    41.110 r  clk_gen/inst/clkin1_ibufg/O
                         net (fo=1, routed)           1.162    42.272    clk_gen/inst/clk_in1_clk_wiz_0
    MMCME2_ADV_X1Y0      MMCME2_ADV (Prop_mmcme2_adv_CLKIN1_CLKOUT0)
                                                     -7.217    35.055 r  clk_gen/inst/mmcm_adv_inst/CLKOUT0
                         net (fo=1, routed)           1.581    36.636    clk_gen/inst/clk_out1_clk_wiz_0
    BUFGCTRL_X0Y1        BUFG (Prop_bufg_I_O)         0.091    36.727 r  clk_gen/inst/clkout1_buf/O
                         net (fo=55, routed)          1.482    38.209    u_ping_pong/clk_out1
    RAMB36_X2Y12         RAMB36E1                                     r  u_ping_pong/ram_reg_1_5/CLKBWRCLK
                         clock pessimism              0.484    38.692    
                         clock uncertainty           -0.098    38.594    
    RAMB36_X2Y12         RAMB36E1 (Setup_ramb36e1_CLKBWRCLK_ENBWREN)
                                                     -0.443    38.151    u_ping_pong/ram_reg_1_5
  -------------------------------------------------------------------
                         required time                         38.151    
                         arrival time                         -10.051    
  -------------------------------------------------------------------
                         slack                                 28.101    

Slack (MET) :             28.167ns  (required time - arrival time)
  Source:                 u_vga/v_count_reg[1]/C
                            (rising edge-triggered cell FDCE clocked by clk_out1_clk_wiz_0  {rise@0.000ns fall@19.861ns period=39.722ns})
  Destination:            u_ping_pong/ram_reg_0_5/ENBWREN
                            (rising edge-triggered cell RAMB36E1 clocked by clk_out1_clk_wiz_0  {rise@0.000ns fall@19.861ns period=39.722ns})
  Path Group:             clk_out1_clk_wiz_0
  Path Type:              Setup (Max at Slow Process Corner)
  Requirement:            39.722ns  (clk_out1_clk_wiz_0 rise@39.722ns - clk_out1_clk_wiz_0 rise@0.000ns)
  Data Path Delay:        10.937ns  (logic 3.720ns (34.013%)  route 7.217ns (65.987%))
  Logic Levels:           8  (CARRY4=5 LUT2=2 LUT3=1)
  Clock Path Skew:        -0.077ns (DCD - SCD + CPR)
    Destination Clock Delay (DCD):    -1.510ns = ( 38.212 - 39.722 ) 
    Source Clock Delay      (SCD):    -0.950ns
    Clock Pessimism Removal (CPR):    0.484ns
  Clock Uncertainty:      0.098ns  ((TSJ^2 + DJ^2)^1/2) / 2 + PE
    Total System Jitter     (TSJ):    0.071ns
    Discrete Jitter          (DJ):    0.183ns
    Phase Error              (PE):    0.000ns

    Location             Delay type                Incr(ns)  Path(ns)    Netlist Resource(s)
  -------------------------------------------------------------------    -------------------
                         (clock clk_out1_clk_wiz_0 rise edge)
                                                      0.000     0.000 r  
    W5                                                0.000     0.000 r  clk_100mhz (IN)
                         net (fo=0)                   0.000     0.000    clk_gen/inst/clk_in1
    W5                   IBUF (Prop_ibuf_I_O)         1.458     1.458 r  clk_gen/inst/clkin1_ibufg/O
                         net (fo=1, routed)           1.233     2.691    clk_gen/inst/clk_in1_clk_wiz_0
    MMCME2_ADV_X1Y0      MMCME2_ADV (Prop_mmcme2_adv_CLKIN1_CLKOUT0)
                                                     -6.961    -4.269 r  clk_gen/inst/mmcm_adv_inst/CLKOUT0
                         net (fo=1, routed)           1.661    -2.608    clk_gen/inst/clk_out1_clk_wiz_0
    BUFGCTRL_X0Y1        BUFG (Prop_bufg_I_O)         0.096    -2.512 r  clk_gen/inst/clkout1_buf/O
                         net (fo=55, routed)          1.562    -0.950    u_vga/CLK
    SLICE_X39Y38         FDCE                                         r  u_vga/v_count_reg[1]/C
  -------------------------------------------------------------------    -------------------
    SLICE_X39Y38         FDCE (Prop_fdce_C_Q)         0.456    -0.494 r  u_vga/v_count_reg[1]/Q
                         net (fo=11, routed)          0.886     0.392    u_vga/v_count_reg_n_0_[1]
    SLICE_X36Y38         LUT2 (Prop_lut2_I1_O)        0.124     0.516 r  u_vga/ram_reg_0_2_i_12/O
                         net (fo=1, routed)           0.000     0.516    u_vga/ram_reg_0_2_i_12_n_0
    SLICE_X36Y38         CARRY4 (Prop_carry4_S[1]_CO[3])
                                                      0.550     1.066 r  u_vga/ram_reg_0_2_i_6/CO[3]
                         net (fo=1, routed)           0.000     1.066    u_vga/ram_reg_0_2_i_6_n_0
    SLICE_X36Y39         CARRY4 (Prop_carry4_CI_O[0])
                                                      0.222     1.288 r  u_vga/rd_addr_final__0_carry_i_8/O[0]
                         net (fo=1, routed)           0.582     1.870    u_vga/frame_rd_addr0[11]
    SLICE_X37Y39         CARRY4 (Prop_carry4_S[1]_CO[3])
                                                      0.849     2.719 r  u_vga/rd_addr_final__0_carry_i_2/CO[3]
                         net (fo=1, routed)           0.000     2.719    u_vga/rd_addr_final__0_carry_i_2_n_0
    SLICE_X37Y40         CARRY4 (Prop_carry4_CI_O[1])
                                                      0.334     3.053 r  u_vga/rd_addr_final__0_carry__0_i_1/O[1]
                         net (fo=3, routed)           1.005     4.057    u_ping_pong/frame_rd_addr__0[5]
    SLICE_X39Y40         LUT3 (Prop_lut3_I2_O)        0.303     4.360 r  u_ping_pong/rd_addr_final__0_carry__0_i_5/O
                         net (fo=1, routed)           0.000     4.360    u_ping_pong/rd_addr_final__0_carry__0_i_5_n_0
    SLICE_X39Y40         CARRY4 (Prop_carry4_S[1]_O[2])
                                                      0.580     4.940 f  u_ping_pong/rd_addr_final__0_carry__0/O[2]
                         net (fo=4, routed)           0.829     5.770    u_ping_pong/rd_addr_final[16]
    SLICE_X41Y40         LUT2 (Prop_lut2_I1_O)        0.302     6.072 r  u_ping_pong/ram_reg_0_2_i_2/O
                         net (fo=12, routed)          3.916     9.988    u_ping_pong/ram_reg_0_2_i_2_n_0
    RAMB36_X2Y11         RAMB36E1                                     r  u_ping_pong/ram_reg_0_5/ENBWREN
  -------------------------------------------------------------------    -------------------

                         (clock clk_out1_clk_wiz_0 rise edge)
                                                     39.722    39.722 r  
    W5                                                0.000    39.722 r  clk_100mhz (IN)
                         net (fo=0)                   0.000    39.722    clk_gen/inst/clk_in1
    W5                   IBUF (Prop_ibuf_I_O)         1.388    41.110 r  clk_gen/inst/clkin1_ibufg/O
                         net (fo=1, routed)           1.162    42.272    clk_gen/inst/clk_in1_clk_wiz_0
    MMCME2_ADV_X1Y0      MMCME2_ADV (Prop_mmcme2_adv_CLKIN1_CLKOUT0)
                                                     -7.217    35.055 r  clk_gen/inst/mmcm_adv_inst/CLKOUT0
                         net (fo=1, routed)           1.581    36.636    clk_gen/inst/clk_out1_clk_wiz_0
    BUFGCTRL_X0Y1        BUFG (Prop_bufg_I_O)         0.091    36.727 r  clk_gen/inst/clkout1_buf/O
                         net (fo=55, routed)          1.485    38.212    u_ping_pong/clk_out1
    RAMB36_X2Y11         RAMB36E1                                     r  u_ping_pong/ram_reg_0_5/CLKBWRCLK
                         clock pessimism              0.484    38.695    
                         clock uncertainty           -0.098    38.597    
    RAMB36_X2Y11         RAMB36E1 (Setup_ramb36e1_CLKBWRCLK_ENBWREN)
                                                     -0.443    38.154    u_ping_pong/ram_reg_0_5
  -------------------------------------------------------------------
                         required time                         38.154    
                         arrival time                          -9.988    
  -------------------------------------------------------------------
                         slack                                 28.167    

Slack (MET) :             28.576ns  (required time - arrival time)
  Source:                 u_vga/v_count_reg[1]/C
                            (rising edge-triggered cell FDCE clocked by clk_out1_clk_wiz_0  {rise@0.000ns fall@19.861ns period=39.722ns})
  Destination:            u_ping_pong/ram_reg_2_7__0/ENBWREN
                            (rising edge-triggered cell RAMB36E1 clocked by clk_out1_clk_wiz_0  {rise@0.000ns fall@19.861ns period=39.722ns})
  Path Group:             clk_out1_clk_wiz_0
  Path Type:              Setup (Max at Slow Process Corner)
  Requirement:            39.722ns  (clk_out1_clk_wiz_0 rise@39.722ns - clk_out1_clk_wiz_0 rise@0.000ns)
  Data Path Delay:        10.516ns  (logic 3.720ns (35.376%)  route 6.796ns (64.624%))
  Logic Levels:           8  (CARRY4=5 LUT2=1 LUT3=2)
  Clock Path Skew:        -0.089ns (DCD - SCD + CPR)
    Destination Clock Delay (DCD):    -1.522ns = ( 38.200 - 39.722 ) 
    Source Clock Delay      (SCD):    -0.950ns
    Clock Pessimism Removal (CPR):    0.484ns
  Clock Uncertainty:      0.098ns  ((TSJ^2 + DJ^2)^1/2) / 2 + PE
    Total System Jitter     (TSJ):    0.071ns
    Discrete Jitter          (DJ):    0.183ns
    Phase Error              (PE):    0.000ns

    Location             Delay type                Incr(ns)  Path(ns)    Netlist Resource(s)
  -------------------------------------------------------------------    -------------------
                         (clock clk_out1_clk_wiz_0 rise edge)
                                                      0.000     0.000 r  
    W5                                                0.000     0.000 r  clk_100mhz (IN)
                         net (fo=0)                   0.000     0.000    clk_gen/inst/clk_in1
    W5                   IBUF (Prop_ibuf_I_O)         1.458     1.458 r  clk_gen/inst/clkin1_ibufg/O
                         net (fo=1, routed)           1.233     2.691    clk_gen/inst/clk_in1_clk_wiz_0
    MMCME2_ADV_X1Y0      MMCME2_ADV (Prop_mmcme2_adv_CLKIN1_CLKOUT0)
                                                     -6.961    -4.269 r  clk_gen/inst/mmcm_adv_inst/CLKOUT0
                         net (fo=1, routed)           1.661    -2.608    clk_gen/inst/clk_out1_clk_wiz_0
    BUFGCTRL_X0Y1        BUFG (Prop_bufg_I_O)         0.096    -2.512 r  clk_gen/inst/clkout1_buf/O
                         net (fo=55, routed)          1.562    -0.950    u_vga/CLK
    SLICE_X39Y38         FDCE                                         r  u_vga/v_count_reg[1]/C
  -------------------------------------------------------------------    -------------------
    SLICE_X39Y38         FDCE (Prop_fdce_C_Q)         0.456    -0.494 r  u_vga/v_count_reg[1]/Q
                         net (fo=11, routed)          0.886     0.392    u_vga/v_count_reg_n_0_[1]
    SLICE_X36Y38         LUT2 (Prop_lut2_I1_O)        0.124     0.516 r  u_vga/ram_reg_0_2_i_12/O
                         net (fo=1, routed)           0.000     0.516    u_vga/ram_reg_0_2_i_12_n_0
    SLICE_X36Y38         CARRY4 (Prop_carry4_S[1]_CO[3])
                                                      0.550     1.066 r  u_vga/ram_reg_0_2_i_6/CO[3]
                         net (fo=1, routed)           0.000     1.066    u_vga/ram_reg_0_2_i_6_n_0
    SLICE_X36Y39         CARRY4 (Prop_carry4_CI_O[0])
                                                      0.222     1.288 r  u_vga/rd_addr_final__0_carry_i_8/O[0]
                         net (fo=1, routed)           0.582     1.870    u_vga/frame_rd_addr0[11]
    SLICE_X37Y39         CARRY4 (Prop_carry4_S[1]_CO[3])
                                                      0.849     2.719 r  u_vga/rd_addr_final__0_carry_i_2/CO[3]
                         net (fo=1, routed)           0.000     2.719    u_vga/rd_addr_final__0_carry_i_2_n_0
    SLICE_X37Y40         CARRY4 (Prop_carry4_CI_O[1])
                                                      0.334     3.053 r  u_vga/rd_addr_final__0_carry__0_i_1/O[1]
                         net (fo=3, routed)           1.005     4.057    u_ping_pong/frame_rd_addr__0[5]
    SLICE_X39Y40         LUT3 (Prop_lut3_I2_O)        0.303     4.360 r  u_ping_pong/rd_addr_final__0_carry__0_i_5/O
                         net (fo=1, routed)           0.000     4.360    u_ping_pong/rd_addr_final__0_carry__0_i_5_n_0
    SLICE_X39Y40         CARRY4 (Prop_carry4_S[1]_O[2])
                                                      0.580     4.940 f  u_ping_pong/rd_addr_final__0_carry__0/O[2]
                         net (fo=4, routed)           0.830     5.771    u_ping_pong/rd_addr_final[16]
    SLICE_X41Y40         LUT3 (Prop_lut3_I2_O)        0.302     6.073 r  u_ping_pong/ram_reg_2_2__0_i_2/O
                         net (fo=6, routed)           3.493     9.566    u_ping_pong/ram_reg_2_2__0_i_2_n_0
    RAMB36_X2Y14         RAMB36E1                                     r  u_ping_pong/ram_reg_2_7__0/ENBWREN
  -------------------------------------------------------------------    -------------------

                         (clock clk_out1_clk_wiz_0 rise edge)
                                                     39.722    39.722 r  
    W5                                                0.000    39.722 r  clk_100mhz (IN)
                         net (fo=0)                   0.000    39.722    clk_gen/inst/clk_in1
    W5                   IBUF (Prop_ibuf_I_O)         1.388    41.110 r  clk_gen/inst/clkin1_ibufg/O
                         net (fo=1, routed)           1.162    42.272    clk_gen/inst/clk_in1_clk_wiz_0
    MMCME2_ADV_X1Y0      MMCME2_ADV (Prop_mmcme2_adv_CLKIN1_CLKOUT0)
                                                     -7.217    35.055 r  clk_gen/inst/mmcm_adv_inst/CLKOUT0
                         net (fo=1, routed)           1.581    36.636    clk_gen/inst/clk_out1_clk_wiz_0
    BUFGCTRL_X0Y1        BUFG (Prop_bufg_I_O)         0.091    36.727 r  clk_gen/inst/clkout1_buf/O
                         net (fo=55, routed)          1.473    38.200    u_ping_pong/clk_out1
    RAMB36_X2Y14         RAMB36E1                                     r  u_ping_pong/ram_reg_2_7__0/CLKBWRCLK
                         clock pessimism              0.484    38.683    
                         clock uncertainty           -0.098    38.585    
    RAMB36_X2Y14         RAMB36E1 (Setup_ramb36e1_CLKBWRCLK_ENBWREN)
                                                     -0.443    38.142    u_ping_pong/ram_reg_2_7__0
  -------------------------------------------------------------------
                         required time                         38.142    
                         arrival time                          -9.566    
  -------------------------------------------------------------------
                         slack                                 28.576    

Slack (MET) :             28.614ns  (required time - arrival time)
  Source:                 u_vga/v_count_reg[1]/C
                            (rising edge-triggered cell FDCE clocked by clk_out1_clk_wiz_0  {rise@0.000ns fall@19.861ns period=39.722ns})
  Destination:            u_ping_pong/ram_reg_1_6/ENBWREN
                            (rising edge-triggered cell RAMB36E1 clocked by clk_out1_clk_wiz_0  {rise@0.000ns fall@19.861ns period=39.722ns})
  Path Group:             clk_out1_clk_wiz_0
  Path Type:              Setup (Max at Slow Process Corner)
  Requirement:            39.722ns  (clk_out1_clk_wiz_0 rise@39.722ns - clk_out1_clk_wiz_0 rise@0.000ns)
  Data Path Delay:        10.491ns  (logic 3.720ns (35.459%)  route 6.771ns (64.541%))
  Logic Levels:           8  (CARRY4=5 LUT2=2 LUT3=1)
  Clock Path Skew:        -0.076ns (DCD - SCD + CPR)
    Destination Clock Delay (DCD):    -1.509ns = ( 38.213 - 39.722 ) 
    Source Clock Delay      (SCD):    -0.950ns
    Clock Pessimism Removal (CPR):    0.484ns
  Clock Uncertainty:      0.098ns  ((TSJ^2 + DJ^2)^1/2) / 2 + PE
    Total System Jitter     (TSJ):    0.071ns
    Discrete Jitter          (DJ):    0.183ns
    Phase Error              (PE):    0.000ns

    Location             Delay type                Incr(ns)  Path(ns)    Netlist Resource(s)
  -------------------------------------------------------------------    -------------------
                         (clock clk_out1_clk_wiz_0 rise edge)
                                                      0.000     0.000 r  
    W5                                                0.000     0.000 r  clk_100mhz (IN)
                         net (fo=0)                   0.000     0.000    clk_gen/inst/clk_in1
    W5                   IBUF (Prop_ibuf_I_O)         1.458     1.458 r  clk_gen/inst/clkin1_ibufg/O
                         net (fo=1, routed)           1.233     2.691    clk_gen/inst/clk_in1_clk_wiz_0
    MMCME2_ADV_X1Y0      MMCME2_ADV (Prop_mmcme2_adv_CLKIN1_CLKOUT0)
                                                     -6.961    -4.269 r  clk_gen/inst/mmcm_adv_inst/CLKOUT0
                         net (fo=1, routed)           1.661    -2.608    clk_gen/inst/clk_out1_clk_wiz_0
    BUFGCTRL_X0Y1        BUFG (Prop_bufg_I_O)         0.096    -2.512 r  clk_gen/inst/clkout1_buf/O
                         net (fo=55, routed)          1.562    -0.950    u_vga/CLK
    SLICE_X39Y38         FDCE                                         r  u_vga/v_count_reg[1]/C
  -------------------------------------------------------------------    -------------------
    SLICE_X39Y38         FDCE (Prop_fdce_C_Q)         0.456    -0.494 r  u_vga/v_count_reg[1]/Q
                         net (fo=11, routed)          0.886     0.392    u_vga/v_count_reg_n_0_[1]
    SLICE_X36Y38         LUT2 (Prop_lut2_I1_O)        0.124     0.516 r  u_vga/ram_reg_0_2_i_12/O
                         net (fo=1, routed)           0.000     0.516    u_vga/ram_reg_0_2_i_12_n_0
    SLICE_X36Y38         CARRY4 (Prop_carry4_S[1]_CO[3])
                                                      0.550     1.066 r  u_vga/ram_reg_0_2_i_6/CO[3]
                         net (fo=1, routed)           0.000     1.066    u_vga/ram_reg_0_2_i_6_n_0
    SLICE_X36Y39         CARRY4 (Prop_carry4_CI_O[0])
                                                      0.222     1.288 r  u_vga/rd_addr_final__0_carry_i_8/O[0]
                         net (fo=1, routed)           0.582     1.870    u_vga/frame_rd_addr0[11]
    SLICE_X37Y39         CARRY4 (Prop_carry4_S[1]_CO[3])
                                                      0.849     2.719 r  u_vga/rd_addr_final__0_carry_i_2/CO[3]
                         net (fo=1, routed)           0.000     2.719    u_vga/rd_addr_final__0_carry_i_2_n_0
    SLICE_X37Y40         CARRY4 (Prop_carry4_CI_O[1])
                                                      0.334     3.053 r  u_vga/rd_addr_final__0_carry__0_i_1/O[1]
                         net (fo=3, routed)           1.005     4.057    u_ping_pong/frame_rd_addr__0[5]
    SLICE_X39Y40         LUT3 (Prop_lut3_I2_O)        0.303     4.360 r  u_ping_pong/rd_addr_final__0_carry__0_i_5/O
                         net (fo=1, routed)           0.000     4.360    u_ping_pong/rd_addr_final__0_carry__0_i_5_n_0
    SLICE_X39Y40         CARRY4 (Prop_carry4_S[1]_O[2])
                                                      0.580     4.940 f  u_ping_pong/rd_addr_final__0_carry__0/O[2]
                         net (fo=4, routed)           0.829     5.770    u_ping_pong/rd_addr_final[16]
    SLICE_X41Y40         LUT2 (Prop_lut2_I1_O)        0.302     6.072 r  u_ping_pong/ram_reg_0_2_i_2/O
                         net (fo=12, routed)          3.469     9.541    u_ping_pong/ram_reg_0_2_i_2_n_0
    RAMB36_X2Y10         RAMB36E1                                     r  u_ping_pong/ram_reg_1_6/ENBWREN
  -------------------------------------------------------------------    -------------------

                         (clock clk_out1_clk_wiz_0 rise edge)
                                                     39.722    39.722 r  
    W5                                                0.000    39.722 r  clk_100mhz (IN)
                         net (fo=0)                   0.000    39.722    clk_gen/inst/clk_in1
    W5                   IBUF (Prop_ibuf_I_O)         1.388    41.110 r  clk_gen/inst/clkin1_ibufg/O
                         net (fo=1, routed)           1.162    42.272    clk_gen/inst/clk_in1_clk_wiz_0
    MMCME2_ADV_X1Y0      MMCME2_ADV (Prop_mmcme2_adv_CLKIN1_CLKOUT0)
                                                     -7.217    35.055 r  clk_gen/inst/mmcm_adv_inst/CLKOUT0
                         net (fo=1, routed)           1.581    36.636    clk_gen/inst/clk_out1_clk_wiz_0
    BUFGCTRL_X0Y1        BUFG (Prop_bufg_I_O)         0.091    36.727 r  clk_gen/inst/clkout1_buf/O
                         net (fo=55, routed)          1.486    38.213    u_ping_pong/clk_out1
    RAMB36_X2Y10         RAMB36E1                                     r  u_ping_pong/ram_reg_1_6/CLKBWRCLK
                         clock pessimism              0.484    38.696    
                         clock uncertainty           -0.098    38.598    
    RAMB36_X2Y10         RAMB36E1 (Setup_ramb36e1_CLKBWRCLK_ENBWREN)
                                                     -0.443    38.155    u_ping_pong/ram_reg_1_6
  -------------------------------------------------------------------
                         required time                         38.155    
                         arrival time                          -9.541    
  -------------------------------------------------------------------
                         slack                                 28.614    

Slack (MET) :             28.736ns  (required time - arrival time)
  Source:                 u_vga/v_count_reg[1]/C
                            (rising edge-triggered cell FDCE clocked by clk_out1_clk_wiz_0  {rise@0.000ns fall@19.861ns period=39.722ns})
  Destination:            u_ping_pong/ram_reg_2_5__0/ENBWREN
                            (rising edge-triggered cell RAMB36E1 clocked by clk_out1_clk_wiz_0  {rise@0.000ns fall@19.861ns period=39.722ns})
  Path Group:             clk_out1_clk_wiz_0
  Path Type:              Setup (Max at Slow Process Corner)
  Requirement:            39.722ns  (clk_out1_clk_wiz_0 rise@39.722ns - clk_out1_clk_wiz_0 rise@0.000ns)
  Data Path Delay:        10.361ns  (logic 3.720ns (35.904%)  route 6.641ns (64.096%))
  Logic Levels:           8  (CARRY4=5 LUT2=1 LUT3=2)
  Clock Path Skew:        -0.084ns (DCD - SCD + CPR)
    Destination Clock Delay (DCD):    -1.517ns = ( 38.205 - 39.722 ) 
    Source Clock Delay      (SCD):    -0.950ns
    Clock Pessimism Removal (CPR):    0.484ns
  Clock Uncertainty:      0.098ns  ((TSJ^2 + DJ^2)^1/2) / 2 + PE
    Total System Jitter     (TSJ):    0.071ns
    Discrete Jitter          (DJ):    0.183ns
    Phase Error              (PE):    0.000ns

    Location             Delay type                Incr(ns)  Path(ns)    Netlist Resource(s)
  -------------------------------------------------------------------    -------------------
                         (clock clk_out1_clk_wiz_0 rise edge)
                                                      0.000     0.000 r  
    W5                                                0.000     0.000 r  clk_100mhz (IN)
                         net (fo=0)                   0.000     0.000    clk_gen/inst/clk_in1
    W5                   IBUF (Prop_ibuf_I_O)         1.458     1.458 r  clk_gen/inst/clkin1_ibufg/O
                         net (fo=1, routed)           1.233     2.691    clk_gen/inst/clk_in1_clk_wiz_0
    MMCME2_ADV_X1Y0      MMCME2_ADV (Prop_mmcme2_adv_CLKIN1_CLKOUT0)
                                                     -6.961    -4.269 r  clk_gen/inst/mmcm_adv_inst/CLKOUT0
                         net (fo=1, routed)           1.661    -2.608    clk_gen/inst/clk_out1_clk_wiz_0
    BUFGCTRL_X0Y1        BUFG (Prop_bufg_I_O)         0.096    -2.512 r  clk_gen/inst/clkout1_buf/O
                         net (fo=55, routed)          1.562    -0.950    u_vga/CLK
    SLICE_X39Y38         FDCE                                         r  u_vga/v_count_reg[1]/C
  -------------------------------------------------------------------    -------------------
    SLICE_X39Y38         FDCE (Prop_fdce_C_Q)         0.456    -0.494 r  u_vga/v_count_reg[1]/Q
                         net (fo=11, routed)          0.886     0.392    u_vga/v_count_reg_n_0_[1]
    SLICE_X36Y38         LUT2 (Prop_lut2_I1_O)        0.124     0.516 r  u_vga/ram_reg_0_2_i_12/O
                         net (fo=1, routed)           0.000     0.516    u_vga/ram_reg_0_2_i_12_n_0
    SLICE_X36Y38         CARRY4 (Prop_carry4_S[1]_CO[3])
                                                      0.550     1.066 r  u_vga/ram_reg_0_2_i_6/CO[3]
                         net (fo=1, routed)           0.000     1.066    u_vga/ram_reg_0_2_i_6_n_0
    SLICE_X36Y39         CARRY4 (Prop_carry4_CI_O[0])
                                                      0.222     1.288 r  u_vga/rd_addr_final__0_carry_i_8/O[0]
                         net (fo=1, routed)           0.582     1.870    u_vga/frame_rd_addr0[11]
    SLICE_X37Y39         CARRY4 (Prop_carry4_S[1]_CO[3])
                                                      0.849     2.719 r  u_vga/rd_addr_final__0_carry_i_2/CO[3]
                         net (fo=1, routed)           0.000     2.719    u_vga/rd_addr_final__0_carry_i_2_n_0
    SLICE_X37Y40         CARRY4 (Prop_carry4_CI_O[1])
                                                      0.334     3.053 r  u_vga/rd_addr_final__0_carry__0_i_1/O[1]
                         net (fo=3, routed)           1.005     4.057    u_ping_pong/frame_rd_addr__0[5]
    SLICE_X39Y40         LUT3 (Prop_lut3_I2_O)        0.303     4.360 r  u_ping_pong/rd_addr_final__0_carry__0_i_5/O
                         net (fo=1, routed)           0.000     4.360    u_ping_pong/rd_addr_final__0_carry__0_i_5_n_0
    SLICE_X39Y40         CARRY4 (Prop_carry4_S[1]_O[2])
                                                      0.580     4.940 f  u_ping_pong/rd_addr_final__0_carry__0/O[2]
                         net (fo=4, routed)           0.830     5.771    u_ping_pong/rd_addr_final[16]
    SLICE_X41Y40         LUT3 (Prop_lut3_I2_O)        0.302     6.073 r  u_ping_pong/ram_reg_2_2__0_i_2/O
                         net (fo=6, routed)           3.339     9.411    u_ping_pong/ram_reg_2_2__0_i_2_n_0
    RAMB36_X2Y13         RAMB36E1                                     r  u_ping_pong/ram_reg_2_5__0/ENBWREN
  -------------------------------------------------------------------    -------------------

                         (clock clk_out1_clk_wiz_0 rise edge)
                                                     39.722    39.722 r  
    W5                                                0.000    39.722 r  clk_100mhz (IN)
                         net (fo=0)                   0.000    39.722    clk_gen/inst/clk_in1
    W5                   IBUF (Prop_ibuf_I_O)         1.388    41.110 r  clk_gen/inst/clkin1_ibufg/O
                         net (fo=1, routed)           1.162    42.272    clk_gen/inst/clk_in1_clk_wiz_0
    MMCME2_ADV_X1Y0      MMCME2_ADV (Prop_mmcme2_adv_CLKIN1_CLKOUT0)
                                                     -7.217    35.055 r  clk_gen/inst/mmcm_adv_inst/CLKOUT0
                         net (fo=1, routed)           1.581    36.636    clk_gen/inst/clk_out1_clk_wiz_0
    BUFGCTRL_X0Y1        BUFG (Prop_bufg_I_O)         0.091    36.727 r  clk_gen/inst/clkout1_buf/O
                         net (fo=55, routed)          1.478    38.205    u_ping_pong/clk_out1
    RAMB36_X2Y13         RAMB36E1                                     r  u_ping_pong/ram_reg_2_5__0/CLKBWRCLK
                         clock pessimism              0.484    38.688    
                         clock uncertainty           -0.098    38.590    
    RAMB36_X2Y13         RAMB36E1 (Setup_ramb36e1_CLKBWRCLK_ENBWREN)
                                                     -0.443    38.147    u_ping_pong/ram_reg_2_5__0
  -------------------------------------------------------------------
                         required time                         38.147    
                         arrival time                          -9.411    
  -------------------------------------------------------------------
                         slack                                 28.736    

Slack (MET) :             28.908ns  (required time - arrival time)
  Source:                 u_vga/v_count_reg[1]/C
                            (rising edge-triggered cell FDCE clocked by clk_out1_clk_wiz_0  {rise@0.000ns fall@19.861ns period=39.722ns})
  Destination:            u_ping_pong/ram_reg_0_6/ENBWREN
                            (rising edge-triggered cell RAMB36E1 clocked by clk_out1_clk_wiz_0  {rise@0.000ns fall@19.861ns period=39.722ns})
  Path Group:             clk_out1_clk_wiz_0
  Path Type:              Setup (Max at Slow Process Corner)
  Requirement:            39.722ns  (clk_out1_clk_wiz_0 rise@39.722ns - clk_out1_clk_wiz_0 rise@0.000ns)
  Data Path Delay:        10.286ns  (logic 3.720ns (36.165%)  route 6.566ns (63.835%))
  Logic Levels:           8  (CARRY4=5 LUT2=2 LUT3=1)
  Clock Path Skew:        0.013ns (DCD - SCD + CPR)
    Destination Clock Delay (DCD):    -1.500ns = ( 38.223 - 39.722 ) 
    Source Clock Delay      (SCD):    -0.950ns
    Clock Pessimism Removal (CPR):    0.564ns
  Clock Uncertainty:      0.098ns  ((TSJ^2 + DJ^2)^1/2) / 2 + PE
    Total System Jitter     (TSJ):    0.071ns
    Discrete Jitter          (DJ):    0.183ns
    Phase Error              (PE):    0.000ns

    Location             Delay type                Incr(ns)  Path(ns)    Netlist Resource(s)
  -------------------------------------------------------------------    -------------------
                         (clock clk_out1_clk_wiz_0 rise edge)
                                                      0.000     0.000 r  
    W5                                                0.000     0.000 r  clk_100mhz (IN)
                         net (fo=0)                   0.000     0.000    clk_gen/inst/clk_in1
    W5                   IBUF (Prop_ibuf_I_O)         1.458     1.458 r  clk_gen/inst/clkin1_ibufg/O
                         net (fo=1, routed)           1.233     2.691    clk_gen/inst/clk_in1_clk_wiz_0
    MMCME2_ADV_X1Y0      MMCME2_ADV (Prop_mmcme2_adv_CLKIN1_CLKOUT0)
                                                     -6.961    -4.269 r  clk_gen/inst/mmcm_adv_inst/CLKOUT0
                         net (fo=1, routed)           1.661    -2.608    clk_gen/inst/clk_out1_clk_wiz_0
    BUFGCTRL_X0Y1        BUFG (Prop_bufg_I_O)         0.096    -2.512 r  clk_gen/inst/clkout1_buf/O
                         net (fo=55, routed)          1.562    -0.950    u_vga/CLK
    SLICE_X39Y38         FDCE                                         r  u_vga/v_count_reg[1]/C
  -------------------------------------------------------------------    -------------------
    SLICE_X39Y38         FDCE (Prop_fdce_C_Q)         0.456    -0.494 r  u_vga/v_count_reg[1]/Q
                         net (fo=11, routed)          0.886     0.392    u_vga/v_count_reg_n_0_[1]
    SLICE_X36Y38         LUT2 (Prop_lut2_I1_O)        0.124     0.516 r  u_vga/ram_reg_0_2_i_12/O
                         net (fo=1, routed)           0.000     0.516    u_vga/ram_reg_0_2_i_12_n_0
    SLICE_X36Y38         CARRY4 (Prop_carry4_S[1]_CO[3])
                                                      0.550     1.066 r  u_vga/ram_reg_0_2_i_6/CO[3]
                         net (fo=1, routed)           0.000     1.066    u_vga/ram_reg_0_2_i_6_n_0
    SLICE_X36Y39         CARRY4 (Prop_carry4_CI_O[0])
                                                      0.222     1.288 r  u_vga/rd_addr_final__0_carry_i_8/O[0]
                         net (fo=1, routed)           0.582     1.870    u_vga/frame_rd_addr0[11]
    SLICE_X37Y39         CARRY4 (Prop_carry4_S[1]_CO[3])
                                                      0.849     2.719 r  u_vga/rd_addr_final__0_carry_i_2/CO[3]
                         net (fo=1, routed)           0.000     2.719    u_vga/rd_addr_final__0_carry_i_2_n_0
    SLICE_X37Y40         CARRY4 (Prop_carry4_CI_O[1])
                                                      0.334     3.053 r  u_vga/rd_addr_final__0_carry__0_i_1/O[1]
                         net (fo=3, routed)           1.005     4.057    u_ping_pong/frame_rd_addr__0[5]
    SLICE_X39Y40         LUT3 (Prop_lut3_I2_O)        0.303     4.360 r  u_ping_pong/rd_addr_final__0_carry__0_i_5/O
                         net (fo=1, routed)           0.000     4.360    u_ping_pong/rd_addr_final__0_carry__0_i_5_n_0
    SLICE_X39Y40         CARRY4 (Prop_carry4_S[1]_O[2])
                                                      0.580     4.940 f  u_ping_pong/rd_addr_final__0_carry__0/O[2]
                         net (fo=4, routed)           0.829     5.770    u_ping_pong/rd_addr_final[16]
    SLICE_X41Y40         LUT2 (Prop_lut2_I1_O)        0.302     6.072 r  u_ping_pong/ram_reg_0_2_i_2/O
                         net (fo=12, routed)          3.265     9.337    u_ping_pong/ram_reg_0_2_i_2_n_0
    RAMB36_X2Y9          RAMB36E1                                     r  u_ping_pong/ram_reg_0_6/ENBWREN
  -------------------------------------------------------------------    -------------------

                         (clock clk_out1_clk_wiz_0 rise edge)
                                                     39.722    39.722 r  
    W5                                                0.000    39.722 r  clk_100mhz (IN)
                         net (fo=0)                   0.000    39.722    clk_gen/inst/clk_in1
    W5                   IBUF (Prop_ibuf_I_O)         1.388    41.110 r  clk_gen/inst/clkin1_ibufg/O
                         net (fo=1, routed)           1.162    42.272    clk_gen/inst/clk_in1_clk_wiz_0
    MMCME2_ADV_X1Y0      MMCME2_ADV (Prop_mmcme2_adv_CLKIN1_CLKOUT0)
                                                     -7.217    35.055 r  clk_gen/inst/mmcm_adv_inst/CLKOUT0
                         net (fo=1, routed)           1.581    36.636    clk_gen/inst/clk_out1_clk_wiz_0
    BUFGCTRL_X0Y1        BUFG (Prop_bufg_I_O)         0.091    36.727 r  clk_gen/inst/clkout1_buf/O
                         net (fo=55, routed)          1.496    38.223    u_ping_pong/clk_out1
    RAMB36_X2Y9          RAMB36E1                                     r  u_ping_pong/ram_reg_0_6/CLKBWRCLK
                         clock pessimism              0.564    38.786    
                         clock uncertainty           -0.098    38.688    
    RAMB36_X2Y9          RAMB36E1 (Setup_ramb36e1_CLKBWRCLK_ENBWREN)
                                                     -0.443    38.245    u_ping_pong/ram_reg_0_6
  -------------------------------------------------------------------
                         required time                         38.245    
                         arrival time                          -9.337    
  -------------------------------------------------------------------
                         slack                                 28.908    

Slack (MET) :             29.359ns  (required time - arrival time)
  Source:                 u_vga/v_count_reg[1]/C
                            (rising edge-triggered cell FDCE clocked by clk_out1_clk_wiz_0  {rise@0.000ns fall@19.861ns period=39.722ns})
  Destination:            u_ping_pong/ram_reg_2_7__0/ADDRBWRADDR[13]
                            (rising edge-triggered cell RAMB36E1 clocked by clk_out1_clk_wiz_0  {rise@0.000ns fall@19.861ns period=39.722ns})
  Path Group:             clk_out1_clk_wiz_0
  Path Type:              Setup (Max at Slow Process Corner)
  Requirement:            39.722ns  (clk_out1_clk_wiz_0 rise@39.722ns - clk_out1_clk_wiz_0 rise@0.000ns)
  Data Path Delay:        9.428ns  (logic 3.140ns (33.304%)  route 6.288ns (66.696%))
  Logic Levels:           6  (CARRY4=4 LUT2=1 LUT3=1)
  Clock Path Skew:        -0.089ns (DCD - SCD + CPR)
    Destination Clock Delay (DCD):    -1.522ns = ( 38.200 - 39.722 ) 
    Source Clock Delay      (SCD):    -0.950ns
    Clock Pessimism Removal (CPR):    0.484ns
  Clock Uncertainty:      0.098ns  ((TSJ^2 + DJ^2)^1/2) / 2 + PE
    Total System Jitter     (TSJ):    0.071ns
    Discrete Jitter          (DJ):    0.183ns
    Phase Error              (PE):    0.000ns

    Location             Delay type                Incr(ns)  Path(ns)    Netlist Resource(s)
  -------------------------------------------------------------------    -------------------
                         (clock clk_out1_clk_wiz_0 rise edge)
                                                      0.000     0.000 r  
    W5                                                0.000     0.000 r  clk_100mhz (IN)
                         net (fo=0)                   0.000     0.000    clk_gen/inst/clk_in1
    W5                   IBUF (Prop_ibuf_I_O)         1.458     1.458 r  clk_gen/inst/clkin1_ibufg/O
                         net (fo=1, routed)           1.233     2.691    clk_gen/inst/clk_in1_clk_wiz_0
    MMCME2_ADV_X1Y0      MMCME2_ADV (Prop_mmcme2_adv_CLKIN1_CLKOUT0)
                                                     -6.961    -4.269 r  clk_gen/inst/mmcm_adv_inst/CLKOUT0
                         net (fo=1, routed)           1.661    -2.608    clk_gen/inst/clk_out1_clk_wiz_0
    BUFGCTRL_X0Y1        BUFG (Prop_bufg_I_O)         0.096    -2.512 r  clk_gen/inst/clkout1_buf/O
                         net (fo=55, routed)          1.562    -0.950    u_vga/CLK
    SLICE_X39Y38         FDCE                                         r  u_vga/v_count_reg[1]/C
  -------------------------------------------------------------------    -------------------
    SLICE_X39Y38         FDCE (Prop_fdce_C_Q)         0.456    -0.494 r  u_vga/v_count_reg[1]/Q
                         net (fo=11, routed)          0.886     0.392    u_vga/v_count_reg_n_0_[1]
    SLICE_X36Y38         LUT2 (Prop_lut2_I1_O)        0.124     0.516 r  u_vga/ram_reg_0_2_i_12/O
                         net (fo=1, routed)           0.000     0.516    u_vga/ram_reg_0_2_i_12_n_0
    SLICE_X36Y38         CARRY4 (Prop_carry4_S[1]_O[2])
                                                      0.580     1.096 r  u_vga/ram_reg_0_2_i_6/O[2]
                         net (fo=1, routed)           0.600     1.696    u_vga/frame_rd_addr0[9]
    SLICE_X37Y38         CARRY4 (Prop_carry4_S[3]_CO[3])
                                                      0.703     2.399 r  u_vga/ram_reg_0_2_i_3/CO[3]
                         net (fo=1, routed)           0.000     2.399    u_vga/ram_reg_0_2_i_3_n_0
    SLICE_X37Y39         CARRY4 (Prop_carry4_CI_O[1])
                                                      0.334     2.733 r  u_vga/rd_addr_final__0_carry_i_2/O[1]
                         net (fo=3, routed)           1.005     3.737    u_ping_pong/frame_rd_addr__0[1]
    SLICE_X39Y39         LUT3 (Prop_lut3_I2_O)        0.303     4.040 r  u_ping_pong/rd_addr_final__0_carry_i_6/O
                         net (fo=1, routed)           0.000     4.040    u_ping_pong/rd_addr_final__0_carry_i_6_n_0
    SLICE_X39Y39         CARRY4 (Prop_carry4_S[1]_O[3])
                                                      0.640     4.680 r  u_ping_pong/rd_addr_final__0_carry/O[3]
                         net (fo=30, routed)          3.798     8.479    u_ping_pong/rd_addr_final[13]
    RAMB36_X2Y14         RAMB36E1                                     r  u_ping_pong/ram_reg_2_7__0/ADDRBWRADDR[13]
  -------------------------------------------------------------------    -------------------

                         (clock clk_out1_clk_wiz_0 rise edge)
                                                     39.722    39.722 r  
    W5                                                0.000    39.722 r  clk_100mhz (IN)
                         net (fo=0)                   0.000    39.722    clk_gen/inst/clk_in1
    W5                   IBUF (Prop_ibuf_I_O)         1.388    41.110 r  clk_gen/inst/clkin1_ibufg/O
                         net (fo=1, routed)           1.162    42.272    clk_gen/inst/clk_in1_clk_wiz_0
    MMCME2_ADV_X1Y0      MMCME2_ADV (Prop_mmcme2_adv_CLKIN1_CLKOUT0)
                                                     -7.217    35.055 r  clk_gen/inst/mmcm_adv_inst/CLKOUT0
                         net (fo=1, routed)           1.581    36.636    clk_gen/inst/clk_out1_clk_wiz_0
    BUFGCTRL_X0Y1        BUFG (Prop_bufg_I_O)         0.091    36.727 r  clk_gen/inst/clkout1_buf/O
                         net (fo=55, routed)          1.473    38.200    u_ping_pong/clk_out1
    RAMB36_X2Y14         RAMB36E1                                     r  u_ping_pong/ram_reg_2_7__0/CLKBWRCLK
                         clock pessimism              0.484    38.683    
                         clock uncertainty           -0.098    38.585    
    RAMB36_X2Y14         RAMB36E1 (Setup_ramb36e1_CLKBWRCLK_ADDRBWRADDR[13])
                                                     -0.748    37.837    u_ping_pong/ram_reg_2_7__0
  -------------------------------------------------------------------
                         required time                         37.837    
                         arrival time                          -8.479    
  -------------------------------------------------------------------
                         slack                                 29.359    





Min Delay Paths
--------------------------------------------------------------------------------------
Slack (MET) :             0.180ns  (arrival time - required time)
  Source:                 u_vga/h_count_reg[0]/C
                            (rising edge-triggered cell FDCE clocked by clk_out1_clk_wiz_0  {rise@0.000ns fall@19.861ns period=39.722ns})
  Destination:            u_vga/h_count_reg[3]/D
                            (rising edge-triggered cell FDCE clocked by clk_out1_clk_wiz_0  {rise@0.000ns fall@19.861ns period=39.722ns})
  Path Group:             clk_out1_clk_wiz_0
  Path Type:              Hold (Min at Fast Process Corner)
  Requirement:            0.000ns  (clk_out1_clk_wiz_0 rise@0.000ns - clk_out1_clk_wiz_0 rise@0.000ns)
  Data Path Delay:        0.300ns  (logic 0.190ns (63.351%)  route 0.110ns (36.650%))
  Logic Levels:           1  (LUT5=1)
  Clock Path Skew:        0.013ns (DCD - SCD - CPR)
    Destination Clock Delay (DCD):    -0.863ns
    Source Clock Delay      (SCD):    -0.622ns
    Clock Pessimism Removal (CPR):    -0.253ns

    Location             Delay type                Incr(ns)  Path(ns)    Netlist Resource(s)
  -------------------------------------------------------------------    -------------------
                         (clock clk_out1_clk_wiz_0 rise edge)
                                                      0.000     0.000 r  
    W5                                                0.000     0.000 r  clk_100mhz (IN)
                         net (fo=0)                   0.000     0.000    clk_gen/inst/clk_in1
    W5                   IBUF (Prop_ibuf_I_O)         0.226     0.226 r  clk_gen/inst/clkin1_ibufg/O
                         net (fo=1, routed)           0.440     0.667    clk_gen/inst/clk_in1_clk_wiz_0
    MMCME2_ADV_X1Y0      MMCME2_ADV (Prop_mmcme2_adv_CLKIN1_CLKOUT0)
                                                     -2.360    -1.693 r  clk_gen/inst/mmcm_adv_inst/CLKOUT0
                         net (fo=1, routed)           0.486    -1.207    clk_gen/inst/clk_out1_clk_wiz_0
    BUFGCTRL_X0Y1        BUFG (Prop_bufg_I_O)         0.026    -1.181 r  clk_gen/inst/clkout1_buf/O
                         net (fo=55, routed)          0.559    -0.622    u_vga/CLK
    SLICE_X36Y36         FDCE                                         r  u_vga/h_count_reg[0]/C
  -------------------------------------------------------------------    -------------------
    SLICE_X36Y36         FDCE (Prop_fdce_C_Q)         0.141    -0.481 r  u_vga/h_count_reg[0]/Q
                         net (fo=6, routed)           0.110    -0.371    u_vga/h_count_reg_n_0_[0]
    SLICE_X37Y36         LUT5 (Prop_lut5_I3_O)        0.049    -0.322 r  u_vga/h_count[3]_i_1/O
                         net (fo=1, routed)           0.000    -0.322    u_vga/h_count[3]
    SLICE_X37Y36         FDCE                                         r  u_vga/h_count_reg[3]/D
  -------------------------------------------------------------------    -------------------

                         (clock clk_out1_clk_wiz_0 rise edge)
                                                      0.000     0.000 r  
    W5                                                0.000     0.000 r  clk_100mhz (IN)
                         net (fo=0)                   0.000     0.000    clk_gen/inst/clk_in1
    W5                   IBUF (Prop_ibuf_I_O)         0.414     0.414 r  clk_gen/inst/clkin1_ibufg/O
                         net (fo=1, routed)           0.480     0.894    clk_gen/inst/clk_in1_clk_wiz_0
    MMCME2_ADV_X1Y0      MMCME2_ADV (Prop_mmcme2_adv_CLKIN1_CLKOUT0)
                                                     -3.142    -2.248 r  clk_gen/inst/mmcm_adv_inst/CLKOUT0
                         net (fo=1, routed)           0.530    -1.718    clk_gen/inst/clk_out1_clk_wiz_0
    BUFGCTRL_X0Y1        BUFG (Prop_bufg_I_O)         0.029    -1.689 r  clk_gen/inst/clkout1_buf/O
                         net (fo=55, routed)          0.827    -0.863    u_vga/CLK
    SLICE_X37Y36         FDCE                                         r  u_vga/h_count_reg[3]/C
                         clock pessimism              0.253    -0.609    
    SLICE_X37Y36         FDCE (Hold_fdce_C_D)         0.107    -0.502    u_vga/h_count_reg[3]
  -------------------------------------------------------------------
                         required time                          0.502    
                         arrival time                          -0.322    
  -------------------------------------------------------------------
                         slack                                  0.180    

Slack (MET) :             0.191ns  (arrival time - required time)
  Source:                 u_vga/h_count_reg[0]/C
                            (rising edge-triggered cell FDCE clocked by clk_out1_clk_wiz_0  {rise@0.000ns fall@19.861ns period=39.722ns})
  Destination:            u_vga/h_count_reg[2]/D
                            (rising edge-triggered cell FDCE clocked by clk_out1_clk_wiz_0  {rise@0.000ns fall@19.861ns period=39.722ns})
  Path Group:             clk_out1_clk_wiz_0
  Path Type:              Hold (Min at Fast Process Corner)
  Requirement:            0.000ns  (clk_out1_clk_wiz_0 rise@0.000ns - clk_out1_clk_wiz_0 rise@0.000ns)
  Data Path Delay:        0.296ns  (logic 0.186ns (62.855%)  route 0.110ns (37.145%))
  Logic Levels:           1  (LUT4=1)
  Clock Path Skew:        0.013ns (DCD - SCD - CPR)
    Destination Clock Delay (DCD):    -0.863ns
    Source Clock Delay      (SCD):    -0.622ns
    Clock Pessimism Removal (CPR):    -0.253ns

    Location             Delay type                Incr(ns)  Path(ns)    Netlist Resource(s)
  -------------------------------------------------------------------    -------------------
                         (clock clk_out1_clk_wiz_0 rise edge)
                                                      0.000     0.000 r  
    W5                                                0.000     0.000 r  clk_100mhz (IN)
                         net (fo=0)                   0.000     0.000    clk_gen/inst/clk_in1
    W5                   IBUF (Prop_ibuf_I_O)         0.226     0.226 r  clk_gen/inst/clkin1_ibufg/O
                         net (fo=1, routed)           0.440     0.667    clk_gen/inst/clk_in1_clk_wiz_0
    MMCME2_ADV_X1Y0      MMCME2_ADV (Prop_mmcme2_adv_CLKIN1_CLKOUT0)
                                                     -2.360    -1.693 r  clk_gen/inst/mmcm_adv_inst/CLKOUT0
                         net (fo=1, routed)           0.486    -1.207    clk_gen/inst/clk_out1_clk_wiz_0
    BUFGCTRL_X0Y1        BUFG (Prop_bufg_I_O)         0.026    -1.181 r  clk_gen/inst/clkout1_buf/O
                         net (fo=55, routed)          0.559    -0.622    u_vga/CLK
    SLICE_X36Y36         FDCE                                         r  u_vga/h_count_reg[0]/C
  -------------------------------------------------------------------    -------------------
    SLICE_X36Y36         FDCE (Prop_fdce_C_Q)         0.141    -0.481 r  u_vga/h_count_reg[0]/Q
                         net (fo=6, routed)           0.110    -0.371    u_vga/h_count_reg_n_0_[0]
    SLICE_X37Y36         LUT4 (Prop_lut4_I2_O)        0.045    -0.326 r  u_vga/h_count[2]_i_1/O
                         net (fo=1, routed)           0.000    -0.326    u_vga/h_count[2]
    SLICE_X37Y36         FDCE                                         r  u_vga/h_count_reg[2]/D
  -------------------------------------------------------------------    -------------------

                         (clock clk_out1_clk_wiz_0 rise edge)
                                                      0.000     0.000 r  
    W5                                                0.000     0.000 r  clk_100mhz (IN)
                         net (fo=0)                   0.000     0.000    clk_gen/inst/clk_in1
    W5                   IBUF (Prop_ibuf_I_O)         0.414     0.414 r  clk_gen/inst/clkin1_ibufg/O
                         net (fo=1, routed)           0.480     0.894    clk_gen/inst/clk_in1_clk_wiz_0
    MMCME2_ADV_X1Y0      MMCME2_ADV (Prop_mmcme2_adv_CLKIN1_CLKOUT0)
                                                     -3.142    -2.248 r  clk_gen/inst/mmcm_adv_inst/CLKOUT0
                         net (fo=1, routed)           0.530    -1.718    clk_gen/inst/clk_out1_clk_wiz_0
    BUFGCTRL_X0Y1        BUFG (Prop_bufg_I_O)         0.029    -1.689 r  clk_gen/inst/clkout1_buf/O
                         net (fo=55, routed)          0.827    -0.863    u_vga/CLK
    SLICE_X37Y36         FDCE                                         r  u_vga/h_count_reg[2]/C
                         clock pessimism              0.253    -0.609    
    SLICE_X37Y36         FDCE (Hold_fdce_C_D)         0.092    -0.517    u_vga/h_count_reg[2]
  -------------------------------------------------------------------
                         required time                          0.517    
                         arrival time                          -0.326    
  -------------------------------------------------------------------
                         slack                                  0.191    

Slack (MET) :             0.242ns  (arrival time - required time)
  Source:                 u_vga/v_count_reg[7]/C
                            (rising edge-triggered cell FDCE clocked by clk_out1_clk_wiz_0  {rise@0.000ns fall@19.861ns period=39.722ns})
  Destination:            u_vga/v_count_reg[0]/D
                            (rising edge-triggered cell FDCE clocked by clk_out1_clk_wiz_0  {rise@0.000ns fall@19.861ns period=39.722ns})
  Path Group:             clk_out1_clk_wiz_0
  Path Type:              Hold (Min at Fast Process Corner)
  Requirement:            0.000ns  (clk_out1_clk_wiz_0 rise@0.000ns - clk_out1_clk_wiz_0 rise@0.000ns)
  Data Path Delay:        0.363ns  (logic 0.247ns (68.021%)  route 0.116ns (31.979%))
  Logic Levels:           1  (LUT6=1)
  Clock Path Skew:        0.000ns (DCD - SCD - CPR)
    Destination Clock Delay (DCD):    -0.860ns
    Source Clock Delay      (SCD):    -0.620ns
    Clock Pessimism Removal (CPR):    -0.239ns

    Location             Delay type                Incr(ns)  Path(ns)    Netlist Resource(s)
  -------------------------------------------------------------------    -------------------
                         (clock clk_out1_clk_wiz_0 rise edge)
                                                      0.000     0.000 r  
    W5                                                0.000     0.000 r  clk_100mhz (IN)
                         net (fo=0)                   0.000     0.000    clk_gen/inst/clk_in1
    W5                   IBUF (Prop_ibuf_I_O)         0.226     0.226 r  clk_gen/inst/clkin1_ibufg/O
                         net (fo=1, routed)           0.440     0.667    clk_gen/inst/clk_in1_clk_wiz_0
    MMCME2_ADV_X1Y0      MMCME2_ADV (Prop_mmcme2_adv_CLKIN1_CLKOUT0)
                                                     -2.360    -1.693 r  clk_gen/inst/mmcm_adv_inst/CLKOUT0
                         net (fo=1, routed)           0.486    -1.207    clk_gen/inst/clk_out1_clk_wiz_0
    BUFGCTRL_X0Y1        BUFG (Prop_bufg_I_O)         0.026    -1.181 r  clk_gen/inst/clkout1_buf/O
                         net (fo=55, routed)          0.561    -0.620    u_vga/CLK
    SLICE_X38Y39         FDCE                                         r  u_vga/v_count_reg[7]/C
  -------------------------------------------------------------------    -------------------
    SLICE_X38Y39         FDCE (Prop_fdce_C_Q)         0.148    -0.472 r  u_vga/v_count_reg[7]/Q
                         net (fo=8, routed)           0.116    -0.356    u_vga/v_count_reg_n_0_[7]
    SLICE_X38Y39         LUT6 (Prop_lut6_I0_O)        0.099    -0.257 r  u_vga/v_count[0]_i_1/O
                         net (fo=1, routed)           0.000    -0.257    u_vga/v_count[0]_i_1_n_0
    SLICE_X38Y39         FDCE                                         r  u_vga/v_count_reg[0]/D
  -------------------------------------------------------------------    -------------------

                         (clock clk_out1_clk_wiz_0 rise edge)
                                                      0.000     0.000 r  
    W5                                                0.000     0.000 r  clk_100mhz (IN)
                         net (fo=0)                   0.000     0.000    clk_gen/inst/clk_in1
    W5                   IBUF (Prop_ibuf_I_O)         0.414     0.414 r  clk_gen/inst/clkin1_ibufg/O
                         net (fo=1, routed)           0.480     0.894    clk_gen/inst/clk_in1_clk_wiz_0
    MMCME2_ADV_X1Y0      MMCME2_ADV (Prop_mmcme2_adv_CLKIN1_CLKOUT0)
                                                     -3.142    -2.248 r  clk_gen/inst/mmcm_adv_inst/CLKOUT0
                         net (fo=1, routed)           0.530    -1.718    clk_gen/inst/clk_out1_clk_wiz_0
    BUFGCTRL_X0Y1        BUFG (Prop_bufg_I_O)         0.029    -1.689 r  clk_gen/inst/clkout1_buf/O
                         net (fo=55, routed)          0.830    -0.860    u_vga/CLK
    SLICE_X38Y39         FDCE                                         r  u_vga/v_count_reg[0]/C
                         clock pessimism              0.239    -0.620    
    SLICE_X38Y39         FDCE (Hold_fdce_C_D)         0.121    -0.499    u_vga/v_count_reg[0]
  -------------------------------------------------------------------
                         required time                          0.499    
                         arrival time                          -0.257    
  -------------------------------------------------------------------
                         slack                                  0.242    

Slack (MET) :             0.247ns  (arrival time - required time)
  Source:                 u_vga/v_count_reg[3]/C
                            (rising edge-triggered cell FDCE clocked by clk_out1_clk_wiz_0  {rise@0.000ns fall@19.861ns period=39.722ns})
  Destination:            u_vga/v_count_reg[4]/D
                            (rising edge-triggered cell FDCE clocked by clk_out1_clk_wiz_0  {rise@0.000ns fall@19.861ns period=39.722ns})
  Path Group:             clk_out1_clk_wiz_0
  Path Type:              Hold (Min at Fast Process Corner)
  Requirement:            0.000ns  (clk_out1_clk_wiz_0 rise@0.000ns - clk_out1_clk_wiz_0 rise@0.000ns)
  Data Path Delay:        0.339ns  (logic 0.227ns (66.991%)  route 0.112ns (33.009%))
  Logic Levels:           1  (LUT6=1)
  Clock Path Skew:        0.000ns (DCD - SCD - CPR)
    Destination Clock Delay (DCD):    -0.860ns
    Source Clock Delay      (SCD):    -0.620ns
    Clock Pessimism Removal (CPR):    -0.239ns

    Location             Delay type                Incr(ns)  Path(ns)    Netlist Resource(s)
  -------------------------------------------------------------------    -------------------
                         (clock clk_out1_clk_wiz_0 rise edge)
                                                      0.000     0.000 r  
    W5                                                0.000     0.000 r  clk_100mhz (IN)
                         net (fo=0)                   0.000     0.000    clk_gen/inst/clk_in1
    W5                   IBUF (Prop_ibuf_I_O)         0.226     0.226 r  clk_gen/inst/clkin1_ibufg/O
                         net (fo=1, routed)           0.440     0.667    clk_gen/inst/clk_in1_clk_wiz_0
    MMCME2_ADV_X1Y0      MMCME2_ADV (Prop_mmcme2_adv_CLKIN1_CLKOUT0)
                                                     -2.360    -1.693 r  clk_gen/inst/mmcm_adv_inst/CLKOUT0
                         net (fo=1, routed)           0.486    -1.207    clk_gen/inst/clk_out1_clk_wiz_0
    BUFGCTRL_X0Y1        BUFG (Prop_bufg_I_O)         0.026    -1.181 r  clk_gen/inst/clkout1_buf/O
                         net (fo=55, routed)          0.561    -0.620    u_vga/CLK
    SLICE_X39Y38         FDCE                                         r  u_vga/v_count_reg[3]/C
  -------------------------------------------------------------------    -------------------
    SLICE_X39Y38         FDCE (Prop_fdce_C_Q)         0.128    -0.492 r  u_vga/v_count_reg[3]/Q
                         net (fo=8, routed)           0.112    -0.381    u_vga/v_count_reg_n_0_[3]
    SLICE_X39Y38         LUT6 (Prop_lut6_I4_O)        0.099    -0.282 r  u_vga/v_count[4]_i_1/O
                         net (fo=1, routed)           0.000    -0.282    u_vga/v_count[4]_i_1_n_0
    SLICE_X39Y38         FDCE                                         r  u_vga/v_count_reg[4]/D
  -------------------------------------------------------------------    -------------------

                         (clock clk_out1_clk_wiz_0 rise edge)
                                                      0.000     0.000 r  
    W5                                                0.000     0.000 r  clk_100mhz (IN)
                         net (fo=0)                   0.000     0.000    clk_gen/inst/clk_in1
    W5                   IBUF (Prop_ibuf_I_O)         0.414     0.414 r  clk_gen/inst/clkin1_ibufg/O
                         net (fo=1, routed)           0.480     0.894    clk_gen/inst/clk_in1_clk_wiz_0
    MMCME2_ADV_X1Y0      MMCME2_ADV (Prop_mmcme2_adv_CLKIN1_CLKOUT0)
                                                     -3.142    -2.248 r  clk_gen/inst/mmcm_adv_inst/CLKOUT0
                         net (fo=1, routed)           0.530    -1.718    clk_gen/inst/clk_out1_clk_wiz_0
    BUFGCTRL_X0Y1        BUFG (Prop_bufg_I_O)         0.029    -1.689 r  clk_gen/inst/clkout1_buf/O
                         net (fo=55, routed)          0.830    -0.860    u_vga/CLK
    SLICE_X39Y38         FDCE                                         r  u_vga/v_count_reg[4]/C
                         clock pessimism              0.239    -0.620    
    SLICE_X39Y38         FDCE (Hold_fdce_C_D)         0.092    -0.528    u_vga/v_count_reg[4]
  -------------------------------------------------------------------
                         required time                          0.528    
                         arrival time                          -0.282    
  -------------------------------------------------------------------
                         slack                                  0.247    

Slack (MET) :             0.252ns  (arrival time - required time)
  Source:                 u_vga/h_count_reg[0]/C
                            (rising edge-triggered cell FDCE clocked by clk_out1_clk_wiz_0  {rise@0.000ns fall@19.861ns period=39.722ns})
  Destination:            u_vga/h_count_reg[1]/D
                            (rising edge-triggered cell FDCE clocked by clk_out1_clk_wiz_0  {rise@0.000ns fall@19.861ns period=39.722ns})
  Path Group:             clk_out1_clk_wiz_0
  Path Type:              Hold (Min at Fast Process Corner)
  Requirement:            0.000ns  (clk_out1_clk_wiz_0 rise@0.000ns - clk_out1_clk_wiz_0 rise@0.000ns)
  Data Path Delay:        0.357ns  (logic 0.186ns (52.102%)  route 0.171ns (47.898%))
  Logic Levels:           1  (LUT3=1)
  Clock Path Skew:        0.013ns (DCD - SCD - CPR)
    Destination Clock Delay (DCD):    -0.863ns
    Source Clock Delay      (SCD):    -0.622ns
    Clock Pessimism Removal (CPR):    -0.253ns

    Location             Delay type                Incr(ns)  Path(ns)    Netlist Resource(s)
  -------------------------------------------------------------------    -------------------
                         (clock clk_out1_clk_wiz_0 rise edge)
                                                      0.000     0.000 r  
    W5                                                0.000     0.000 r  clk_100mhz (IN)
                         net (fo=0)                   0.000     0.000    clk_gen/inst/clk_in1
    W5                   IBUF (Prop_ibuf_I_O)         0.226     0.226 r  clk_gen/inst/clkin1_ibufg/O
                         net (fo=1, routed)           0.440     0.667    clk_gen/inst/clk_in1_clk_wiz_0
    MMCME2_ADV_X1Y0      MMCME2_ADV (Prop_mmcme2_adv_CLKIN1_CLKOUT0)
                                                     -2.360    -1.693 r  clk_gen/inst/mmcm_adv_inst/CLKOUT0
                         net (fo=1, routed)           0.486    -1.207    clk_gen/inst/clk_out1_clk_wiz_0
    BUFGCTRL_X0Y1        BUFG (Prop_bufg_I_O)         0.026    -1.181 r  clk_gen/inst/clkout1_buf/O
                         net (fo=55, routed)          0.559    -0.622    u_vga/CLK
    SLICE_X36Y36         FDCE                                         r  u_vga/h_count_reg[0]/C
  -------------------------------------------------------------------    -------------------
    SLICE_X36Y36         FDCE (Prop_fdce_C_Q)         0.141    -0.481 r  u_vga/h_count_reg[0]/Q
                         net (fo=6, routed)           0.171    -0.310    u_vga/h_count_reg_n_0_[0]
    SLICE_X37Y36         LUT3 (Prop_lut3_I2_O)        0.045    -0.265 r  u_vga/h_count[1]_i_1/O
                         net (fo=1, routed)           0.000    -0.265    u_vga/h_count[1]
    SLICE_X37Y36         FDCE                                         r  u_vga/h_count_reg[1]/D
  -------------------------------------------------------------------    -------------------

                         (clock clk_out1_clk_wiz_0 rise edge)
                                                      0.000     0.000 r  
    W5                                                0.000     0.000 r  clk_100mhz (IN)
                         net (fo=0)                   0.000     0.000    clk_gen/inst/clk_in1
    W5                   IBUF (Prop_ibuf_I_O)         0.414     0.414 r  clk_gen/inst/clkin1_ibufg/O
                         net (fo=1, routed)           0.480     0.894    clk_gen/inst/clk_in1_clk_wiz_0
    MMCME2_ADV_X1Y0      MMCME2_ADV (Prop_mmcme2_adv_CLKIN1_CLKOUT0)
                                                     -3.142    -2.248 r  clk_gen/inst/mmcm_adv_inst/CLKOUT0
                         net (fo=1, routed)           0.530    -1.718    clk_gen/inst/clk_out1_clk_wiz_0
    BUFGCTRL_X0Y1        BUFG (Prop_bufg_I_O)         0.029    -1.689 r  clk_gen/inst/clkout1_buf/O
                         net (fo=55, routed)          0.827    -0.863    u_vga/CLK
    SLICE_X37Y36         FDCE                                         r  u_vga/h_count_reg[1]/C
                         clock pessimism              0.253    -0.609    
    SLICE_X37Y36         FDCE (Hold_fdce_C_D)         0.092    -0.517    u_vga/h_count_reg[1]
  -------------------------------------------------------------------
                         required time                          0.517    
                         arrival time                          -0.265    
  -------------------------------------------------------------------
                         slack                                  0.252    

Slack (MET) :             0.262ns  (arrival time - required time)
  Source:                 u_vga/h_count_reg[2]/C
                            (rising edge-triggered cell FDCE clocked by clk_out1_clk_wiz_0  {rise@0.000ns fall@19.861ns period=39.722ns})
  Destination:            u_ping_pong/ram_reg_3_4/ADDRBWRADDR[1]
                            (rising edge-triggered cell RAMB36E1 clocked by clk_out1_clk_wiz_0  {rise@0.000ns fall@19.861ns period=39.722ns})
  Path Group:             clk_out1_clk_wiz_0
  Path Type:              Hold (Min at Fast Process Corner)
  Requirement:            0.000ns  (clk_out1_clk_wiz_0 rise@0.000ns - clk_out1_clk_wiz_0 rise@0.000ns)
  Data Path Delay:        0.525ns  (logic 0.141ns (26.838%)  route 0.384ns (73.162%))
  Logic Levels:           0  
  Clock Path Skew:        0.080ns (DCD - SCD - CPR)
    Destination Clock Delay (DCD):    -0.816ns
    Source Clock Delay      (SCD):    -0.622ns
    Clock Pessimism Removal (CPR):    -0.274ns

    Location             Delay type                Incr(ns)  Path(ns)    Netlist Resource(s)
  -------------------------------------------------------------------    -------------------
                         (clock clk_out1_clk_wiz_0 rise edge)
                                                      0.000     0.000 r  
    W5                                                0.000     0.000 r  clk_100mhz (IN)
                         net (fo=0)                   0.000     0.000    clk_gen/inst/clk_in1
    W5                   IBUF (Prop_ibuf_I_O)         0.226     0.226 r  clk_gen/inst/clkin1_ibufg/O
                         net (fo=1, routed)           0.440     0.667    clk_gen/inst/clk_in1_clk_wiz_0
    MMCME2_ADV_X1Y0      MMCME2_ADV (Prop_mmcme2_adv_CLKIN1_CLKOUT0)
                                                     -2.360    -1.693 r  clk_gen/inst/mmcm_adv_inst/CLKOUT0
                         net (fo=1, routed)           0.486    -1.207    clk_gen/inst/clk_out1_clk_wiz_0
    BUFGCTRL_X0Y1        BUFG (Prop_bufg_I_O)         0.026    -1.181 r  clk_gen/inst/clkout1_buf/O
                         net (fo=55, routed)          0.559    -0.622    u_vga/CLK
    SLICE_X37Y36         FDCE                                         r  u_vga/h_count_reg[2]/C
  -------------------------------------------------------------------    -------------------
    SLICE_X37Y36         FDCE (Prop_fdce_C_Q)         0.141    -0.481 r  u_vga/h_count_reg[2]/Q
                         net (fo=34, routed)          0.384    -0.097    u_ping_pong/ADDRBWRADDR[1]
    RAMB36_X1Y7          RAMB36E1                                     r  u_ping_pong/ram_reg_3_4/ADDRBWRADDR[1]
  -------------------------------------------------------------------    -------------------

                         (clock clk_out1_clk_wiz_0 rise edge)
                                                      0.000     0.000 r  
    W5                                                0.000     0.000 r  clk_100mhz (IN)
                         net (fo=0)                   0.000     0.000    clk_gen/inst/clk_in1
    W5                   IBUF (Prop_ibuf_I_O)         0.414     0.414 r  clk_gen/inst/clkin1_ibufg/O
                         net (fo=1, routed)           0.480     0.894    clk_gen/inst/clk_in1_clk_wiz_0
    MMCME2_ADV_X1Y0      MMCME2_ADV (Prop_mmcme2_adv_CLKIN1_CLKOUT0)
                                                     -3.142    -2.248 r  clk_gen/inst/mmcm_adv_inst/CLKOUT0
                         net (fo=1, routed)           0.530    -1.718    clk_gen/inst/clk_out1_clk_wiz_0
    BUFGCTRL_X0Y1        BUFG (Prop_bufg_I_O)         0.029    -1.689 r  clk_gen/inst/clkout1_buf/O
                         net (fo=55, routed)          0.873    -0.816    u_ping_pong/clk_out1
    RAMB36_X1Y7          RAMB36E1                                     r  u_ping_pong/ram_reg_3_4/CLKBWRCLK
                         clock pessimism              0.274    -0.542    
    RAMB36_X1Y7          RAMB36E1 (Hold_ramb36e1_CLKBWRCLK_ADDRBWRADDR[1])
                                                      0.183    -0.359    u_ping_pong/ram_reg_3_4
  -------------------------------------------------------------------
                         required time                          0.359    
                         arrival time                          -0.097    
  -------------------------------------------------------------------
                         slack                                  0.262    

Slack (MET) :             0.264ns  (arrival time - required time)
  Source:                 u_vga/h_count_reg[6]/C
                            (rising edge-triggered cell FDCE clocked by clk_out1_clk_wiz_0  {rise@0.000ns fall@19.861ns period=39.722ns})
  Destination:            u_vga/h_count_reg[5]/D
                            (rising edge-triggered cell FDCE clocked by clk_out1_clk_wiz_0  {rise@0.000ns fall@19.861ns period=39.722ns})
  Path Group:             clk_out1_clk_wiz_0
  Path Type:              Hold (Min at Fast Process Corner)
  Requirement:            0.000ns  (clk_out1_clk_wiz_0 rise@0.000ns - clk_out1_clk_wiz_0 rise@0.000ns)
  Data Path Delay:        0.384ns  (logic 0.209ns (54.467%)  route 0.175ns (45.533%))
  Logic Levels:           1  (LUT6=1)
  Clock Path Skew:        0.000ns (DCD - SCD - CPR)
    Destination Clock Delay (DCD):    -0.862ns
    Source Clock Delay      (SCD):    -0.621ns
    Clock Pessimism Removal (CPR):    -0.240ns

    Location             Delay type                Incr(ns)  Path(ns)    Netlist Resource(s)
  -------------------------------------------------------------------    -------------------
                         (clock clk_out1_clk_wiz_0 rise edge)
                                                      0.000     0.000 r  
    W5                                                0.000     0.000 r  clk_100mhz (IN)
                         net (fo=0)                   0.000     0.000    clk_gen/inst/clk_in1
    W5                   IBUF (Prop_ibuf_I_O)         0.226     0.226 r  clk_gen/inst/clkin1_ibufg/O
                         net (fo=1, routed)           0.440     0.667    clk_gen/inst/clk_in1_clk_wiz_0
    MMCME2_ADV_X1Y0      MMCME2_ADV (Prop_mmcme2_adv_CLKIN1_CLKOUT0)
                                                     -2.360    -1.693 r  clk_gen/inst/mmcm_adv_inst/CLKOUT0
                         net (fo=1, routed)           0.486    -1.207    clk_gen/inst/clk_out1_clk_wiz_0
    BUFGCTRL_X0Y1        BUFG (Prop_bufg_I_O)         0.026    -1.181 r  clk_gen/inst/clkout1_buf/O
                         net (fo=55, routed)          0.560    -0.621    u_vga/CLK
    SLICE_X38Y37         FDCE                                         r  u_vga/h_count_reg[6]/C
  -------------------------------------------------------------------    -------------------
    SLICE_X38Y37         FDCE (Prop_fdce_C_Q)         0.164    -0.457 r  u_vga/h_count_reg[6]/Q
                         net (fo=37, routed)          0.175    -0.283    u_vga/ADDRBWRADDR[5]
    SLICE_X38Y37         LUT6 (Prop_lut6_I3_O)        0.045    -0.238 r  u_vga/h_count[5]_i_1/O
                         net (fo=1, routed)           0.000    -0.238    u_vga/h_count[5]
    SLICE_X38Y37         FDCE                                         r  u_vga/h_count_reg[5]/D
  -------------------------------------------------------------------    -------------------

                         (clock clk_out1_clk_wiz_0 rise edge)
                                                      0.000     0.000 r  
    W5                                                0.000     0.000 r  clk_100mhz (IN)
                         net (fo=0)                   0.000     0.000    clk_gen/inst/clk_in1
    W5                   IBUF (Prop_ibuf_I_O)         0.414     0.414 r  clk_gen/inst/clkin1_ibufg/O
                         net (fo=1, routed)           0.480     0.894    clk_gen/inst/clk_in1_clk_wiz_0
    MMCME2_ADV_X1Y0      MMCME2_ADV (Prop_mmcme2_adv_CLKIN1_CLKOUT0)
                                                     -3.142    -2.248 r  clk_gen/inst/mmcm_adv_inst/CLKOUT0
                         net (fo=1, routed)           0.530    -1.718    clk_gen/inst/clk_out1_clk_wiz_0
    BUFGCTRL_X0Y1        BUFG (Prop_bufg_I_O)         0.029    -1.689 r  clk_gen/inst/clkout1_buf/O
                         net (fo=55, routed)          0.828    -0.862    u_vga/CLK
    SLICE_X38Y37         FDCE                                         r  u_vga/h_count_reg[5]/C
                         clock pessimism              0.240    -0.621    
    SLICE_X38Y37         FDCE (Hold_fdce_C_D)         0.120    -0.501    u_vga/h_count_reg[5]
  -------------------------------------------------------------------
                         required time                          0.501    
                         arrival time                          -0.238    
  -------------------------------------------------------------------
                         slack                                  0.264    

Slack (MET) :             0.268ns  (arrival time - required time)
  Source:                 u_vga/h_count_reg[1]/C
                            (rising edge-triggered cell FDCE clocked by clk_out1_clk_wiz_0  {rise@0.000ns fall@19.861ns period=39.722ns})
  Destination:            u_vga/h_count_reg[4]/D
                            (rising edge-triggered cell FDCE clocked by clk_out1_clk_wiz_0  {rise@0.000ns fall@19.861ns period=39.722ns})
  Path Group:             clk_out1_clk_wiz_0
  Path Type:              Hold (Min at Fast Process Corner)
  Requirement:            0.000ns  (clk_out1_clk_wiz_0 rise@0.000ns - clk_out1_clk_wiz_0 rise@0.000ns)
  Data Path Delay:        0.360ns  (logic 0.186ns (51.681%)  route 0.174ns (48.319%))
  Logic Levels:           1  (LUT6=1)
  Clock Path Skew:        0.000ns (DCD - SCD - CPR)
    Destination Clock Delay (DCD):    -0.863ns
    Source Clock Delay      (SCD):    -0.622ns
    Clock Pessimism Removal (CPR):    -0.240ns

    Location             Delay type                Incr(ns)  Path(ns)    Netlist Resource(s)
  -------------------------------------------------------------------    -------------------
                         (clock clk_out1_clk_wiz_0 rise edge)
                                                      0.000     0.000 r  
    W5                                                0.000     0.000 r  clk_100mhz (IN)
                         net (fo=0)                   0.000     0.000    clk_gen/inst/clk_in1
    W5                   IBUF (Prop_ibuf_I_O)         0.226     0.226 r  clk_gen/inst/clkin1_ibufg/O
                         net (fo=1, routed)           0.440     0.667    clk_gen/inst/clk_in1_clk_wiz_0
    MMCME2_ADV_X1Y0      MMCME2_ADV (Prop_mmcme2_adv_CLKIN1_CLKOUT0)
                                                     -2.360    -1.693 r  clk_gen/inst/mmcm_adv_inst/CLKOUT0
                         net (fo=1, routed)           0.486    -1.207    clk_gen/inst/clk_out1_clk_wiz_0
    BUFGCTRL_X0Y1        BUFG (Prop_bufg_I_O)         0.026    -1.181 r  clk_gen/inst/clkout1_buf/O
                         net (fo=55, routed)          0.559    -0.622    u_vga/CLK
    SLICE_X37Y36         FDCE                                         r  u_vga/h_count_reg[1]/C
  -------------------------------------------------------------------    -------------------
    SLICE_X37Y36         FDCE (Prop_fdce_C_Q)         0.141    -0.481 r  u_vga/h_count_reg[1]/Q
                         net (fo=35, routed)          0.174    -0.307    u_vga/ADDRBWRADDR[0]
    SLICE_X37Y36         LUT6 (Prop_lut6_I4_O)        0.045    -0.262 r  u_vga/h_count[4]_i_1/O
                         net (fo=1, routed)           0.000    -0.262    u_vga/h_count[4]
    SLICE_X37Y36         FDCE                                         r  u_vga/h_count_reg[4]/D
  -------------------------------------------------------------------    -------------------

                         (clock clk_out1_clk_wiz_0 rise edge)
                                                      0.000     0.000 r  
    W5                                                0.000     0.000 r  clk_100mhz (IN)
                         net (fo=0)                   0.000     0.000    clk_gen/inst/clk_in1
    W5                   IBUF (Prop_ibuf_I_O)         0.414     0.414 r  clk_gen/inst/clkin1_ibufg/O
                         net (fo=1, routed)           0.480     0.894    clk_gen/inst/clk_in1_clk_wiz_0
    MMCME2_ADV_X1Y0      MMCME2_ADV (Prop_mmcme2_adv_CLKIN1_CLKOUT0)
                                                     -3.142    -2.248 r  clk_gen/inst/mmcm_adv_inst/CLKOUT0
                         net (fo=1, routed)           0.530    -1.718    clk_gen/inst/clk_out1_clk_wiz_0
    BUFGCTRL_X0Y1        BUFG (Prop_bufg_I_O)         0.029    -1.689 r  clk_gen/inst/clkout1_buf/O
                         net (fo=55, routed)          0.827    -0.863    u_vga/CLK
    SLICE_X37Y36         FDCE                                         r  u_vga/h_count_reg[4]/C
                         clock pessimism              0.240    -0.622    
    SLICE_X37Y36         FDCE (Hold_fdce_C_D)         0.092    -0.530    u_vga/h_count_reg[4]
  -------------------------------------------------------------------
                         required time                          0.530    
                         arrival time                          -0.262    
  -------------------------------------------------------------------
                         slack                                  0.268    

Slack (MET) :             0.273ns  (arrival time - required time)
  Source:                 u_vga/h_count_reg[5]/C
                            (rising edge-triggered cell FDCE clocked by clk_out1_clk_wiz_0  {rise@0.000ns fall@19.861ns period=39.722ns})
  Destination:            u_vga/h_count_reg[9]/D
                            (rising edge-triggered cell FDCE clocked by clk_out1_clk_wiz_0  {rise@0.000ns fall@19.861ns period=39.722ns})
  Path Group:             clk_out1_clk_wiz_0
  Path Type:              Hold (Min at Fast Process Corner)
  Requirement:            0.000ns  (clk_out1_clk_wiz_0 rise@0.000ns - clk_out1_clk_wiz_0 rise@0.000ns)
  Data Path Delay:        0.394ns  (logic 0.209ns (53.008%)  route 0.185ns (46.992%))
  Logic Levels:           1  (LUT6=1)
  Clock Path Skew:        0.000ns (DCD - SCD - CPR)
    Destination Clock Delay (DCD):    -0.862ns
    Source Clock Delay      (SCD):    -0.621ns
    Clock Pessimism Removal (CPR):    -0.240ns

    Location             Delay type                Incr(ns)  Path(ns)    Netlist Resource(s)
  -------------------------------------------------------------------    -------------------
                         (clock clk_out1_clk_wiz_0 rise edge)
                                                      0.000     0.000 r  
    W5                                                0.000     0.000 r  clk_100mhz (IN)
                         net (fo=0)                   0.000     0.000    clk_gen/inst/clk_in1
    W5                   IBUF (Prop_ibuf_I_O)         0.226     0.226 r  clk_gen/inst/clkin1_ibufg/O
                         net (fo=1, routed)           0.440     0.667    clk_gen/inst/clk_in1_clk_wiz_0
    MMCME2_ADV_X1Y0      MMCME2_ADV (Prop_mmcme2_adv_CLKIN1_CLKOUT0)
                                                     -2.360    -1.693 r  clk_gen/inst/mmcm_adv_inst/CLKOUT0
                         net (fo=1, routed)           0.486    -1.207    clk_gen/inst/clk_out1_clk_wiz_0
    BUFGCTRL_X0Y1        BUFG (Prop_bufg_I_O)         0.026    -1.181 r  clk_gen/inst/clkout1_buf/O
                         net (fo=55, routed)          0.560    -0.621    u_vga/CLK
    SLICE_X38Y37         FDCE                                         r  u_vga/h_count_reg[5]/C
  -------------------------------------------------------------------    -------------------
    SLICE_X38Y37         FDCE (Prop_fdce_C_Q)         0.164    -0.457 r  u_vga/h_count_reg[5]/Q
                         net (fo=37, routed)          0.185    -0.272    u_vga/ADDRBWRADDR[4]
    SLICE_X38Y37         LUT6 (Prop_lut6_I2_O)        0.045    -0.227 r  u_vga/h_count[9]_i_1/O
                         net (fo=1, routed)           0.000    -0.227    u_vga/h_count[9]
    SLICE_X38Y37         FDCE                                         r  u_vga/h_count_reg[9]/D
  -------------------------------------------------------------------    -------------------

                         (clock clk_out1_clk_wiz_0 rise edge)
                                                      0.000     0.000 r  
    W5                                                0.000     0.000 r  clk_100mhz (IN)
                         net (fo=0)                   0.000     0.000    clk_gen/inst/clk_in1
    W5                   IBUF (Prop_ibuf_I_O)         0.414     0.414 r  clk_gen/inst/clkin1_ibufg/O
                         net (fo=1, routed)           0.480     0.894    clk_gen/inst/clk_in1_clk_wiz_0
    MMCME2_ADV_X1Y0      MMCME2_ADV (Prop_mmcme2_adv_CLKIN1_CLKOUT0)
                                                     -3.142    -2.248 r  clk_gen/inst/mmcm_adv_inst/CLKOUT0
                         net (fo=1, routed)           0.530    -1.718    clk_gen/inst/clk_out1_clk_wiz_0
    BUFGCTRL_X0Y1        BUFG (Prop_bufg_I_O)         0.029    -1.689 r  clk_gen/inst/clkout1_buf/O
                         net (fo=55, routed)          0.828    -0.862    u_vga/CLK
    SLICE_X38Y37         FDCE                                         r  u_vga/h_count_reg[9]/C
                         clock pessimism              0.240    -0.621    
    SLICE_X38Y37         FDCE (Hold_fdce_C_D)         0.121    -0.500    u_vga/h_count_reg[9]
  -------------------------------------------------------------------
                         required time                          0.500    
                         arrival time                          -0.227    
  -------------------------------------------------------------------
                         slack                                  0.273    

Slack (MET) :             0.275ns  (arrival time - required time)
  Source:                 u_vga/h_count_reg[5]/C
                            (rising edge-triggered cell FDCE clocked by clk_out1_clk_wiz_0  {rise@0.000ns fall@19.861ns period=39.722ns})
  Destination:            u_vga/h_count_reg[8]/D
                            (rising edge-triggered cell FDCE clocked by clk_out1_clk_wiz_0  {rise@0.000ns fall@19.861ns period=39.722ns})
  Path Group:             clk_out1_clk_wiz_0
  Path Type:              Hold (Min at Fast Process Corner)
  Requirement:            0.000ns  (clk_out1_clk_wiz_0 rise@0.000ns - clk_out1_clk_wiz_0 rise@0.000ns)
  Data Path Delay:        0.396ns  (logic 0.209ns (52.740%)  route 0.187ns (47.260%))
  Logic Levels:           1  (LUT6=1)
  Clock Path Skew:        0.000ns (DCD - SCD - CPR)
    Destination Clock Delay (DCD):    -0.862ns
    Source Clock Delay      (SCD):    -0.621ns
    Clock Pessimism Removal (CPR):    -0.240ns

    Location             Delay type                Incr(ns)  Path(ns)    Netlist Resource(s)
  -------------------------------------------------------------------    -------------------
                         (clock clk_out1_clk_wiz_0 rise edge)
                                                      0.000     0.000 r  
    W5                                                0.000     0.000 r  clk_100mhz (IN)
                         net (fo=0)                   0.000     0.000    clk_gen/inst/clk_in1
    W5                   IBUF (Prop_ibuf_I_O)         0.226     0.226 r  clk_gen/inst/clkin1_ibufg/O
                         net (fo=1, routed)           0.440     0.667    clk_gen/inst/clk_in1_clk_wiz_0
    MMCME2_ADV_X1Y0      MMCME2_ADV (Prop_mmcme2_adv_CLKIN1_CLKOUT0)
                                                     -2.360    -1.693 r  clk_gen/inst/mmcm_adv_inst/CLKOUT0
                         net (fo=1, routed)           0.486    -1.207    clk_gen/inst/clk_out1_clk_wiz_0
    BUFGCTRL_X0Y1        BUFG (Prop_bufg_I_O)         0.026    -1.181 r  clk_gen/inst/clkout1_buf/O
                         net (fo=55, routed)          0.560    -0.621    u_vga/CLK
    SLICE_X38Y37         FDCE                                         r  u_vga/h_count_reg[5]/C
  -------------------------------------------------------------------    -------------------
    SLICE_X38Y37         FDCE (Prop_fdce_C_Q)         0.164    -0.457 r  u_vga/h_count_reg[5]/Q
                         net (fo=37, routed)          0.187    -0.270    u_vga/ADDRBWRADDR[4]
    SLICE_X38Y37         LUT6 (Prop_lut6_I3_O)        0.045    -0.225 r  u_vga/h_count[8]_i_1/O
                         net (fo=1, routed)           0.000    -0.225    u_vga/h_count[8]
    SLICE_X38Y37         FDCE                                         r  u_vga/h_count_reg[8]/D
  -------------------------------------------------------------------    -------------------

                         (clock clk_out1_clk_wiz_0 rise edge)
                                                      0.000     0.000 r  
    W5                                                0.000     0.000 r  clk_100mhz (IN)
                         net (fo=0)                   0.000     0.000    clk_gen/inst/clk_in1
    W5                   IBUF (Prop_ibuf_I_O)         0.414     0.414 r  clk_gen/inst/clkin1_ibufg/O
                         net (fo=1, routed)           0.480     0.894    clk_gen/inst/clk_in1_clk_wiz_0
    MMCME2_ADV_X1Y0      MMCME2_ADV (Prop_mmcme2_adv_CLKIN1_CLKOUT0)
                                                     -3.142    -2.248 r  clk_gen/inst/mmcm_adv_inst/CLKOUT0
                         net (fo=1, routed)           0.530    -1.718    clk_gen/inst/clk_out1_clk_wiz_0
    BUFGCTRL_X0Y1        BUFG (Prop_bufg_I_O)         0.029    -1.689 r  clk_gen/inst/clkout1_buf/O
                         net (fo=55, routed)          0.828    -0.862    u_vga/CLK
    SLICE_X38Y37         FDCE                                         r  u_vga/h_count_reg[8]/C
                         clock pessimism              0.240    -0.621    
    SLICE_X38Y37         FDCE (Hold_fdce_C_D)         0.121    -0.500    u_vga/h_count_reg[8]
  -------------------------------------------------------------------
                         required time                          0.500    
                         arrival time                          -0.225    
  -------------------------------------------------------------------
                         slack                                  0.275    





Pulse Width Checks
--------------------------------------------------------------------------------------
Clock Name:         clk_out1_clk_wiz_0
Waveform(ns):       { 0.000 19.861 }
Period(ns):         39.722
Sources:            { clk_gen/inst/mmcm_adv_inst/CLKOUT0 }

Check Type        Corner  Lib Pin             Reference Pin  Required(ns)  Actual(ns)  Slack(ns)  Location         Pin
Min Period        n/a     RAMB36E1/CLKBWRCLK  n/a            2.892         39.722      36.830     RAMB36_X2Y6      u_ping_pong/ram_reg_0_4/CLKBWRCLK
Min Period        n/a     RAMB36E1/CLKBWRCLK  n/a            2.892         39.722      36.830     RAMB36_X2Y9      u_ping_pong/ram_reg_0_6/CLKBWRCLK
Min Period        n/a     RAMB36E1/CLKBWRCLK  n/a            2.892         39.722      36.830     RAMB36_X1Y4      u_ping_pong/ram_reg_1_2/CLKBWRCLK
Min Period        n/a     RAMB36E1/CLKBWRCLK  n/a            2.892         39.722      36.830     RAMB36_X2Y7      u_ping_pong/ram_reg_1_4/CLKBWRCLK
Min Period        n/a     RAMB36E1/CLKBWRCLK  n/a            2.892         39.722      36.830     RAMB36_X2Y10     u_ping_pong/ram_reg_1_6/CLKBWRCLK
Min Period        n/a     RAMB36E1/CLKBWRCLK  n/a            2.892         39.722      36.830     RAMB36_X0Y8      u_ping_pong/ram_reg_2_2/CLKBWRCLK
Min Period        n/a     RAMB36E1/CLKBWRCLK  n/a            2.892         39.722      36.830     RAMB36_X0Y6      u_ping_pong/ram_reg_2_3/CLKBWRCLK
Min Period        n/a     RAMB36E1/CLKBWRCLK  n/a            2.892         39.722      36.830     RAMB36_X1Y6      u_ping_pong/ram_reg_2_4/CLKBWRCLK
Min Period        n/a     RAMB36E1/CLKBWRCLK  n/a            2.892         39.722      36.830     RAMB36_X0Y10     u_ping_pong/ram_reg_2_5/CLKBWRCLK
Min Period        n/a     RAMB36E1/CLKBWRCLK  n/a            2.892         39.722      36.830     RAMB36_X1Y8      u_ping_pong/ram_reg_2_6/CLKBWRCLK
Max Period        n/a     MMCME2_ADV/CLKOUT0  n/a            213.360       39.722      173.638    MMCME2_ADV_X1Y0  clk_gen/inst/mmcm_adv_inst/CLKOUT0
Low Pulse Width   Fast    FDCE/C              n/a            0.500         19.861      19.361     SLICE_X38Y39     u_vga/v_count_reg[0]/C
Low Pulse Width   Fast    FDCE/C              n/a            0.500         19.861      19.361     SLICE_X39Y38     u_vga/v_count_reg[1]/C
Low Pulse Width   Fast    FDCE/C              n/a            0.500         19.861      19.361     SLICE_X39Y38     u_vga/v_count_reg[2]/C
Low Pulse Width   Fast    FDCE/C              n/a            0.500         19.861      19.361     SLICE_X39Y38     u_vga/v_count_reg[3]/C
Low Pulse Width   Fast    FDCE/C              n/a            0.500         19.861      19.361     SLICE_X39Y38     u_vga/v_count_reg[4]/C
Low Pulse Width   Fast    FDCE/C              n/a            0.500         19.861      19.361     SLICE_X38Y39     u_vga/v_count_reg[5]/C
Low Pulse Width   Fast    FDCE/C              n/a            0.500         19.861      19.361     SLICE_X38Y39     u_vga/v_count_reg[6]/C
Low Pulse Width   Fast    FDCE/C              n/a            0.500         19.861      19.361     SLICE_X38Y39     u_vga/v_count_reg[7]/C
Low Pulse Width   Fast    FDCE/C              n/a            0.500         19.861      19.361     SLICE_X38Y39     u_vga/v_count_reg[8]/C
Low Pulse Width   Fast    FDCE/C              n/a            0.500         19.861      19.361     SLICE_X38Y39     u_vga/v_count_reg[9]/C
High Pulse Width  Slow    FDRE/C              n/a            0.500         19.861      19.361     SLICE_X39Y40     u_ping_pong/ram_reg_mux_sel__22/C
High Pulse Width  Slow    FDRE/C              n/a            0.500         19.861      19.361     SLICE_X39Y40     u_ping_pong/ram_reg_mux_sel__54/C
High Pulse Width  Slow    FDRE/C              n/a            0.500         19.861      19.361     SLICE_X39Y40     u_ping_pong/ram_reg_mux_sel__6/C
High Pulse Width  Slow    FDRE/C              n/a            0.500         19.861      19.361     SLICE_X38Y40     u_ping_pong/buf_sel_rd_sync2_reg/C
High Pulse Width  Slow    FDCE/C              n/a            0.500         19.861      19.361     SLICE_X36Y36     u_vga/h_count_reg[0]/C
High Pulse Width  Slow    FDCE/C              n/a            0.500         19.861      19.361     SLICE_X37Y36     u_vga/h_count_reg[1]/C
High Pulse Width  Slow    FDCE/C              n/a            0.500         19.861      19.361     SLICE_X37Y36     u_vga/h_count_reg[2]/C
High Pulse Width  Slow    FDCE/C              n/a            0.500         19.861      19.361     SLICE_X37Y36     u_vga/h_count_reg[3]/C
High Pulse Width  Slow    FDCE/C              n/a            0.500         19.861      19.361     SLICE_X37Y36     u_vga/h_count_reg[4]/C
High Pulse Width  Slow    FDCE/C              n/a            0.500         19.861      19.361     SLICE_X38Y37     u_vga/h_count_reg[5]/C



---------------------------------------------------------------------------------------------------
From Clock:  clk_out2_clk_wiz_0
  To Clock:  clk_out2_clk_wiz_0

Setup :            0  Failing Endpoints,  Worst Slack        3.261ns,  Total Violation        0.000ns
Hold  :            0  Failing Endpoints,  Worst Slack        0.172ns,  Total Violation        0.000ns
PW    :            0  Failing Endpoints,  Worst Slack        4.500ns,  Total Violation        0.000ns
---------------------------------------------------------------------------------------------------


Max Delay Paths
--------------------------------------------------------------------------------------
Slack (MET) :             3.261ns  (required time - arrival time)
  Source:                 u_ping_pong/wr_ptr_reg[14]/C
                            (rising edge-triggered cell FDRE clocked by clk_out2_clk_wiz_0  {rise@0.000ns fall@5.000ns period=10.000ns})
  Destination:            u_ping_pong/ram_reg_3_5/ENARDEN
                            (rising edge-triggered cell RAMB36E1 clocked by clk_out2_clk_wiz_0  {rise@0.000ns fall@5.000ns period=10.000ns})
  Path Group:             clk_out2_clk_wiz_0
  Path Type:              Setup (Max at Slow Process Corner)
  Requirement:            10.000ns  (clk_out2_clk_wiz_0 rise@10.000ns - clk_out2_clk_wiz_0 rise@0.000ns)
  Data Path Delay:        6.127ns  (logic 1.788ns (29.181%)  route 4.339ns (70.819%))
  Logic Levels:           4  (CARRY4=1 LUT3=2 LUT5=1)
  Clock Path Skew:        -0.091ns (DCD - SCD + CPR)
    Destination Clock Delay (DCD):    -1.514ns = ( 8.486 - 10.000 ) 
    Source Clock Delay      (SCD):    -0.940ns
    Clock Pessimism Removal (CPR):    0.484ns
  Clock Uncertainty:      0.077ns  ((TSJ^2 + DJ^2)^1/2) / 2 + PE
    Total System Jitter     (TSJ):    0.071ns
    Discrete Jitter          (DJ):    0.138ns
    Phase Error              (PE):    0.000ns

    Location             Delay type                Incr(ns)  Path(ns)    Netlist Resource(s)
  -------------------------------------------------------------------    -------------------
                         (clock clk_out2_clk_wiz_0 rise edge)
                                                      0.000     0.000 r  
    W5                                                0.000     0.000 r  clk_100mhz (IN)
                         net (fo=0)                   0.000     0.000    clk_gen/inst/clk_in1
    W5                   IBUF (Prop_ibuf_I_O)         1.458     1.458 r  clk_gen/inst/clkin1_ibufg/O
                         net (fo=1, routed)           1.233     2.691    clk_gen/inst/clk_in1_clk_wiz_0
    MMCME2_ADV_X1Y0      MMCME2_ADV (Prop_mmcme2_adv_CLKIN1_CLKOUT1)
                                                     -6.961    -4.269 r  clk_gen/inst/mmcm_adv_inst/CLKOUT1
                         net (fo=1, routed)           1.661    -2.608    clk_gen/inst/clk_out2_clk_wiz_0
    BUFGCTRL_X0Y0        BUFG (Prop_bufg_I_O)         0.096    -2.512 r  clk_gen/inst/clkout2_buf/O
                         net (fo=137, routed)         1.572    -0.940    u_ping_pong/clk_out2
    SLICE_X51Y47         FDRE                                         r  u_ping_pong/wr_ptr_reg[14]/C
  -------------------------------------------------------------------    -------------------
    SLICE_X51Y47         FDRE (Prop_fdre_C_Q)         0.419    -0.521 r  u_ping_pong/wr_ptr_reg[14]/Q
                         net (fo=5, routed)           0.837     0.316    u_ping_pong/wr_ptr[14]
    SLICE_X51Y45         LUT3 (Prop_lut3_I1_O)        0.299     0.615 r  u_ping_pong/wr_addr_final__0_carry__0_i_4/O
                         net (fo=25, routed)          0.000     0.615    u_ping_pong/wr_addr_final__0_carry__0_i_4_n_0
    SLICE_X51Y45         CARRY4 (Prop_carry4_S[1]_O[3])
                                                      0.640     1.255 f  u_ping_pong/wr_addr_final__0_carry__0/O[3]
                         net (fo=14, routed)          1.453     2.709    u_ping_pong/wr_addr_final[17]
    SLICE_X32Y43         LUT3 (Prop_lut3_I1_O)        0.306     3.015 r  u_ping_pong/ram_reg_2_2_i_1/O
                         net (fo=12, routed)          1.343     4.357    u_ping_pong/ram_reg_2_2_i_1_n_0
    SLICE_X14Y53         LUT5 (Prop_lut5_I4_O)        0.124     4.481 r  u_ping_pong/ram_reg_3_5_ENARDEN_cooolgate_en_gate_19/O
                         net (fo=1, routed)           0.706     5.188    u_ping_pong/ram_reg_3_5_ENARDEN_cooolgate_en_sig_10
    RAMB36_X0Y11         RAMB36E1                                     r  u_ping_pong/ram_reg_3_5/ENARDEN
  -------------------------------------------------------------------    -------------------

                         (clock clk_out2_clk_wiz_0 rise edge)
                                                     10.000    10.000 r  
    W5                                                0.000    10.000 r  clk_100mhz (IN)
                         net (fo=0)                   0.000    10.000    clk_gen/inst/clk_in1
    W5                   IBUF (Prop_ibuf_I_O)         1.388    11.388 r  clk_gen/inst/clkin1_ibufg/O
                         net (fo=1, routed)           1.162    12.550    clk_gen/inst/clk_in1_clk_wiz_0
    MMCME2_ADV_X1Y0      MMCME2_ADV (Prop_mmcme2_adv_CLKIN1_CLKOUT1)
                                                     -7.217     5.332 r  clk_gen/inst/mmcm_adv_inst/CLKOUT1
                         net (fo=1, routed)           1.581     6.914    clk_gen/inst/clk_out2_clk_wiz_0
    BUFGCTRL_X0Y0        BUFG (Prop_bufg_I_O)         0.091     7.005 r  clk_gen/inst/clkout2_buf/O
                         net (fo=137, routed)         1.481     8.486    u_ping_pong/clk_out2
    RAMB36_X0Y11         RAMB36E1                                     r  u_ping_pong/ram_reg_3_5/CLKARDCLK
                         clock pessimism              0.484     8.969    
                         clock uncertainty           -0.077     8.892    
    RAMB36_X0Y11         RAMB36E1 (Setup_ramb36e1_CLKARDCLK_ENARDEN)
                                                     -0.443     8.449    u_ping_pong/ram_reg_3_5
  -------------------------------------------------------------------
                         required time                          8.449    
                         arrival time                          -5.188    
  -------------------------------------------------------------------
                         slack                                  3.261    

Slack (MET) :             3.430ns  (required time - arrival time)
  Source:                 u_ping_pong/wr_ptr_reg[14]/C
                            (rising edge-triggered cell FDRE clocked by clk_out2_clk_wiz_0  {rise@0.000ns fall@5.000ns period=10.000ns})
  Destination:            u_ping_pong/ram_reg_2_5/ENARDEN
                            (rising edge-triggered cell RAMB36E1 clocked by clk_out2_clk_wiz_0  {rise@0.000ns fall@5.000ns period=10.000ns})
  Path Group:             clk_out2_clk_wiz_0
  Path Type:              Setup (Max at Slow Process Corner)
  Requirement:            10.000ns  (clk_out2_clk_wiz_0 rise@10.000ns - clk_out2_clk_wiz_0 rise@0.000ns)
  Data Path Delay:        5.960ns  (logic 1.788ns (30.001%)  route 4.172ns (69.999%))
  Logic Levels:           4  (CARRY4=1 LUT3=2 LUT5=1)
  Clock Path Skew:        -0.090ns (DCD - SCD + CPR)
    Destination Clock Delay (DCD):    -1.513ns = ( 8.487 - 10.000 ) 
    Source Clock Delay      (SCD):    -0.940ns
    Clock Pessimism Removal (CPR):    0.484ns
  Clock Uncertainty:      0.077ns  ((TSJ^2 + DJ^2)^1/2) / 2 + PE
    Total System Jitter     (TSJ):    0.071ns
    Discrete Jitter          (DJ):    0.138ns
    Phase Error              (PE):    0.000ns

    Location             Delay type                Incr(ns)  Path(ns)    Netlist Resource(s)
  -------------------------------------------------------------------    -------------------
                         (clock clk_out2_clk_wiz_0 rise edge)
                                                      0.000     0.000 r  
    W5                                                0.000     0.000 r  clk_100mhz (IN)
                         net (fo=0)                   0.000     0.000    clk_gen/inst/clk_in1
    W5                   IBUF (Prop_ibuf_I_O)         1.458     1.458 r  clk_gen/inst/clkin1_ibufg/O
                         net (fo=1, routed)           1.233     2.691    clk_gen/inst/clk_in1_clk_wiz_0
    MMCME2_ADV_X1Y0      MMCME2_ADV (Prop_mmcme2_adv_CLKIN1_CLKOUT1)
                                                     -6.961    -4.269 r  clk_gen/inst/mmcm_adv_inst/CLKOUT1
                         net (fo=1, routed)           1.661    -2.608    clk_gen/inst/clk_out2_clk_wiz_0
    BUFGCTRL_X0Y0        BUFG (Prop_bufg_I_O)         0.096    -2.512 r  clk_gen/inst/clkout2_buf/O
                         net (fo=137, routed)         1.572    -0.940    u_ping_pong/clk_out2
    SLICE_X51Y47         FDRE                                         r  u_ping_pong/wr_ptr_reg[14]/C
  -------------------------------------------------------------------    -------------------
    SLICE_X51Y47         FDRE (Prop_fdre_C_Q)         0.419    -0.521 r  u_ping_pong/wr_ptr_reg[14]/Q
                         net (fo=5, routed)           0.837     0.316    u_ping_pong/wr_ptr[14]
    SLICE_X51Y45         LUT3 (Prop_lut3_I1_O)        0.299     0.615 r  u_ping_pong/wr_addr_final__0_carry__0_i_4/O
                         net (fo=25, routed)          0.000     0.615    u_ping_pong/wr_addr_final__0_carry__0_i_4_n_0
    SLICE_X51Y45         CARRY4 (Prop_carry4_S[1]_O[3])
                                                      0.640     1.255 f  u_ping_pong/wr_addr_final__0_carry__0/O[3]
                         net (fo=14, routed)          1.453     2.709    u_ping_pong/wr_addr_final[17]
    SLICE_X32Y43         LUT3 (Prop_lut3_I1_O)        0.306     3.015 r  u_ping_pong/ram_reg_2_2_i_1/O
                         net (fo=12, routed)          1.343     4.357    u_ping_pong/ram_reg_2_2_i_1_n_0
    SLICE_X14Y52         LUT5 (Prop_lut5_I4_O)        0.124     4.481 r  u_ping_pong/ram_reg_2_5_ENARDEN_cooolgate_en_gate_43/O
                         net (fo=1, routed)           0.539     5.020    u_ping_pong/ram_reg_2_5_ENARDEN_cooolgate_en_sig_22
    RAMB36_X0Y10         RAMB36E1                                     r  u_ping_pong/ram_reg_2_5/ENARDEN
  -------------------------------------------------------------------    -------------------

                         (clock clk_out2_clk_wiz_0 rise edge)
                                                     10.000    10.000 r  
    W5                                                0.000    10.000 r  clk_100mhz (IN)
                         net (fo=0)                   0.000    10.000    clk_gen/inst/clk_in1
    W5                   IBUF (Prop_ibuf_I_O)         1.388    11.388 r  clk_gen/inst/clkin1_ibufg/O
                         net (fo=1, routed)           1.162    12.550    clk_gen/inst/clk_in1_clk_wiz_0
    MMCME2_ADV_X1Y0      MMCME2_ADV (Prop_mmcme2_adv_CLKIN1_CLKOUT1)
                                                     -7.217     5.332 r  clk_gen/inst/mmcm_adv_inst/CLKOUT1
                         net (fo=1, routed)           1.581     6.914    clk_gen/inst/clk_out2_clk_wiz_0
    BUFGCTRL_X0Y0        BUFG (Prop_bufg_I_O)         0.091     7.005 r  clk_gen/inst/clkout2_buf/O
                         net (fo=137, routed)         1.482     8.487    u_ping_pong/clk_out2
    RAMB36_X0Y10         RAMB36E1                                     r  u_ping_pong/ram_reg_2_5/CLKARDCLK
                         clock pessimism              0.484     8.970    
                         clock uncertainty           -0.077     8.893    
    RAMB36_X0Y10         RAMB36E1 (Setup_ramb36e1_CLKARDCLK_ENARDEN)
                                                     -0.443     8.450    u_ping_pong/ram_reg_2_5
  -------------------------------------------------------------------
                         required time                          8.450    
                         arrival time                          -5.020    
  -------------------------------------------------------------------
                         slack                                  3.430    

Slack (MET) :             3.459ns  (required time - arrival time)
  Source:                 u_ping_pong/wr_ptr_reg[12]/C
                            (rising edge-triggered cell FDRE clocked by clk_out2_clk_wiz_0  {rise@0.000ns fall@5.000ns period=10.000ns})
  Destination:            u_ping_pong/ram_reg_3_5/ADDRARDADDR[15]
                            (rising edge-triggered cell RAMB36E1 clocked by clk_out2_clk_wiz_0  {rise@0.000ns fall@5.000ns period=10.000ns})
  Path Group:             clk_out2_clk_wiz_0
  Path Type:              Setup (Max at Slow Process Corner)
  Requirement:            10.000ns  (clk_out2_clk_wiz_0 rise@10.000ns - clk_out2_clk_wiz_0 rise@0.000ns)
  Data Path Delay:        5.679ns  (logic 1.315ns (23.156%)  route 4.364ns (76.844%))
  Logic Levels:           3  (CARRY4=2 LUT3=1)
  Clock Path Skew:        -0.091ns (DCD - SCD + CPR)
    Destination Clock Delay (DCD):    -1.514ns = ( 8.486 - 10.000 ) 
    Source Clock Delay      (SCD):    -0.940ns
    Clock Pessimism Removal (CPR):    0.484ns
  Clock Uncertainty:      0.077ns  ((TSJ^2 + DJ^2)^1/2) / 2 + PE
    Total System Jitter     (TSJ):    0.071ns
    Discrete Jitter          (DJ):    0.138ns
    Phase Error              (PE):    0.000ns

    Location             Delay type                Incr(ns)  Path(ns)    Netlist Resource(s)
  -------------------------------------------------------------------    -------------------
                         (clock clk_out2_clk_wiz_0 rise edge)
                                                      0.000     0.000 r  
    W5                                                0.000     0.000 r  clk_100mhz (IN)
                         net (fo=0)                   0.000     0.000    clk_gen/inst/clk_in1
    W5                   IBUF (Prop_ibuf_I_O)         1.458     1.458 r  clk_gen/inst/clkin1_ibufg/O
                         net (fo=1, routed)           1.233     2.691    clk_gen/inst/clk_in1_clk_wiz_0
    MMCME2_ADV_X1Y0      MMCME2_ADV (Prop_mmcme2_adv_CLKIN1_CLKOUT1)
                                                     -6.961    -4.269 r  clk_gen/inst/mmcm_adv_inst/CLKOUT1
                         net (fo=1, routed)           1.661    -2.608    clk_gen/inst/clk_out2_clk_wiz_0
    BUFGCTRL_X0Y0        BUFG (Prop_bufg_I_O)         0.096    -2.512 r  clk_gen/inst/clkout2_buf/O
                         net (fo=137, routed)         1.572    -0.940    u_ping_pong/clk_out2
    SLICE_X51Y47         FDRE                                         r  u_ping_pong/wr_ptr_reg[12]/C
  -------------------------------------------------------------------    -------------------
    SLICE_X51Y47         FDRE (Prop_fdre_C_Q)         0.456    -0.484 r  u_ping_pong/wr_ptr_reg[12]/Q
                         net (fo=5, routed)           0.841     0.357    u_ping_pong/wr_ptr[12]
    SLICE_X51Y44         LUT3 (Prop_lut3_I1_O)        0.124     0.481 r  u_ping_pong/wr_addr_final__0_carry_i_3/O
                         net (fo=1, routed)           0.000     0.481    u_ping_pong/wr_addr_final__0_carry_i_3_n_0
    SLICE_X51Y44         CARRY4 (Prop_carry4_S[3]_CO[3])
                                                      0.401     0.882 r  u_ping_pong/wr_addr_final__0_carry/CO[3]
                         net (fo=1, routed)           0.000     0.882    u_ping_pong/wr_addr_final__0_carry_n_0
    SLICE_X51Y45         CARRY4 (Prop_carry4_CI_O[1])
                                                      0.334     1.216 r  u_ping_pong/wr_addr_final__0_carry__0/O[1]
                         net (fo=26, routed)          3.523     4.739    u_ping_pong/wr_addr_final[15]
    RAMB36_X0Y11         RAMB36E1                                     r  u_ping_pong/ram_reg_3_5/ADDRARDADDR[15]
  -------------------------------------------------------------------    -------------------

                         (clock clk_out2_clk_wiz_0 rise edge)
                                                     10.000    10.000 r  
    W5                                                0.000    10.000 r  clk_100mhz (IN)
                         net (fo=0)                   0.000    10.000    clk_gen/inst/clk_in1
    W5                   IBUF (Prop_ibuf_I_O)         1.388    11.388 r  clk_gen/inst/clkin1_ibufg/O
                         net (fo=1, routed)           1.162    12.550    clk_gen/inst/clk_in1_clk_wiz_0
    MMCME2_ADV_X1Y0      MMCME2_ADV (Prop_mmcme2_adv_CLKIN1_CLKOUT1)
                                                     -7.217     5.332 r  clk_gen/inst/mmcm_adv_inst/CLKOUT1
                         net (fo=1, routed)           1.581     6.914    clk_gen/inst/clk_out2_clk_wiz_0
    BUFGCTRL_X0Y0        BUFG (Prop_bufg_I_O)         0.091     7.005 r  clk_gen/inst/clkout2_buf/O
                         net (fo=137, routed)         1.481     8.486    u_ping_pong/clk_out2
    RAMB36_X0Y11         RAMB36E1                                     r  u_ping_pong/ram_reg_3_5/CLKARDCLK
                         clock pessimism              0.484     8.969    
                         clock uncertainty           -0.077     8.892    
    RAMB36_X0Y11         RAMB36E1 (Setup_ramb36e1_CLKARDCLK_ADDRARDADDR[15])
                                                     -0.694     8.198    u_ping_pong/ram_reg_3_5
  -------------------------------------------------------------------
                         required time                          8.198    
                         arrival time                          -4.739    
  -------------------------------------------------------------------
                         slack                                  3.459    

Slack (MET) :             3.459ns  (required time - arrival time)
  Source:                 u_ping_pong/wr_ptr_reg[14]/C
                            (rising edge-triggered cell FDRE clocked by clk_out2_clk_wiz_0  {rise@0.000ns fall@5.000ns period=10.000ns})
  Destination:            u_ping_pong/ram_reg_2_3/ENARDEN
                            (rising edge-triggered cell RAMB36E1 clocked by clk_out2_clk_wiz_0  {rise@0.000ns fall@5.000ns period=10.000ns})
  Path Group:             clk_out2_clk_wiz_0
  Path Type:              Setup (Max at Slow Process Corner)
  Requirement:            10.000ns  (clk_out2_clk_wiz_0 rise@10.000ns - clk_out2_clk_wiz_0 rise@0.000ns)
  Data Path Delay:        5.942ns  (logic 1.788ns (30.090%)  route 4.154ns (69.910%))
  Logic Levels:           4  (CARRY4=1 LUT3=2 LUT5=1)
  Clock Path Skew:        -0.079ns (DCD - SCD + CPR)
    Destination Clock Delay (DCD):    -1.510ns = ( 8.490 - 10.000 ) 
    Source Clock Delay      (SCD):    -0.940ns
    Clock Pessimism Removal (CPR):    0.492ns
  Clock Uncertainty:      0.077ns  ((TSJ^2 + DJ^2)^1/2) / 2 + PE
    Total System Jitter     (TSJ):    0.071ns
    Discrete Jitter          (DJ):    0.138ns
    Phase Error              (PE):    0.000ns

    Location             Delay type                Incr(ns)  Path(ns)    Netlist Resource(s)
  -------------------------------------------------------------------    -------------------
                         (clock clk_out2_clk_wiz_0 rise edge)
                                                      0.000     0.000 r  
    W5                                                0.000     0.000 r  clk_100mhz (IN)
                         net (fo=0)                   0.000     0.000    clk_gen/inst/clk_in1
    W5                   IBUF (Prop_ibuf_I_O)         1.458     1.458 r  clk_gen/inst/clkin1_ibufg/O
                         net (fo=1, routed)           1.233     2.691    clk_gen/inst/clk_in1_clk_wiz_0
    MMCME2_ADV_X1Y0      MMCME2_ADV (Prop_mmcme2_adv_CLKIN1_CLKOUT1)
                                                     -6.961    -4.269 r  clk_gen/inst/mmcm_adv_inst/CLKOUT1
                         net (fo=1, routed)           1.661    -2.608    clk_gen/inst/clk_out2_clk_wiz_0
    BUFGCTRL_X0Y0        BUFG (Prop_bufg_I_O)         0.096    -2.512 r  clk_gen/inst/clkout2_buf/O
                         net (fo=137, routed)         1.572    -0.940    u_ping_pong/clk_out2
    SLICE_X51Y47         FDRE                                         r  u_ping_pong/wr_ptr_reg[14]/C
  -------------------------------------------------------------------    -------------------
    SLICE_X51Y47         FDRE (Prop_fdre_C_Q)         0.419    -0.521 r  u_ping_pong/wr_ptr_reg[14]/Q
                         net (fo=5, routed)           0.837     0.316    u_ping_pong/wr_ptr[14]
    SLICE_X51Y45         LUT3 (Prop_lut3_I1_O)        0.299     0.615 r  u_ping_pong/wr_addr_final__0_carry__0_i_4/O
                         net (fo=25, routed)          0.000     0.615    u_ping_pong/wr_addr_final__0_carry__0_i_4_n_0
    SLICE_X51Y45         CARRY4 (Prop_carry4_S[1]_O[3])
                                                      0.640     1.255 f  u_ping_pong/wr_addr_final__0_carry__0/O[3]
                         net (fo=14, routed)          1.453     2.709    u_ping_pong/wr_addr_final[17]
    SLICE_X32Y43         LUT3 (Prop_lut3_I1_O)        0.306     3.015 r  u_ping_pong/ram_reg_2_2_i_1/O
                         net (fo=12, routed)          0.995     4.010    u_ping_pong/ram_reg_2_2_i_1_n_0
    SLICE_X14Y38         LUT5 (Prop_lut5_I4_O)        0.124     4.134 r  u_ping_pong/ram_reg_2_3_ENARDEN_cooolgate_en_gate_39/O
                         net (fo=1, routed)           0.869     5.003    u_ping_pong/ram_reg_2_3_ENARDEN_cooolgate_en_sig_20
    RAMB36_X0Y6          RAMB36E1                                     r  u_ping_pong/ram_reg_2_3/ENARDEN
  -------------------------------------------------------------------    -------------------

                         (clock clk_out2_clk_wiz_0 rise edge)
                                                     10.000    10.000 r  
    W5                                                0.000    10.000 r  clk_100mhz (IN)
                         net (fo=0)                   0.000    10.000    clk_gen/inst/clk_in1
    W5                   IBUF (Prop_ibuf_I_O)         1.388    11.388 r  clk_gen/inst/clkin1_ibufg/O
                         net (fo=1, routed)           1.162    12.550    clk_gen/inst/clk_in1_clk_wiz_0
    MMCME2_ADV_X1Y0      MMCME2_ADV (Prop_mmcme2_adv_CLKIN1_CLKOUT1)
                                                     -7.217     5.332 r  clk_gen/inst/mmcm_adv_inst/CLKOUT1
                         net (fo=1, routed)           1.581     6.914    clk_gen/inst/clk_out2_clk_wiz_0
    BUFGCTRL_X0Y0        BUFG (Prop_bufg_I_O)         0.091     7.005 r  clk_gen/inst/clkout2_buf/O
                         net (fo=137, routed)         1.486     8.490    u_ping_pong/clk_out2
    RAMB36_X0Y6          RAMB36E1                                     r  u_ping_pong/ram_reg_2_3/CLKARDCLK
                         clock pessimism              0.492     8.982    
                         clock uncertainty           -0.077     8.905    
    RAMB36_X0Y6          RAMB36E1 (Setup_ramb36e1_CLKARDCLK_ENARDEN)
                                                     -0.443     8.462    u_ping_pong/ram_reg_2_3
  -------------------------------------------------------------------
                         required time                          8.462    
                         arrival time                          -5.003    
  -------------------------------------------------------------------
                         slack                                  3.459    

Slack (MET) :             3.517ns  (required time - arrival time)
  Source:                 u_ping_pong/wr_ptr_reg[12]/C
                            (rising edge-triggered cell FDRE clocked by clk_out2_clk_wiz_0  {rise@0.000ns fall@5.000ns period=10.000ns})
  Destination:            u_ping_pong/ram_reg_2_5/ADDRARDADDR[15]
                            (rising edge-triggered cell RAMB36E1 clocked by clk_out2_clk_wiz_0  {rise@0.000ns fall@5.000ns period=10.000ns})
  Path Group:             clk_out2_clk_wiz_0
  Path Type:              Setup (Max at Slow Process Corner)
  Requirement:            10.000ns  (clk_out2_clk_wiz_0 rise@10.000ns - clk_out2_clk_wiz_0 rise@0.000ns)
  Data Path Delay:        5.621ns  (logic 1.315ns (23.394%)  route 4.306ns (76.606%))
  Logic Levels:           3  (CARRY4=2 LUT3=1)
  Clock Path Skew:        -0.090ns (DCD - SCD + CPR)
    Destination Clock Delay (DCD):    -1.513ns = ( 8.487 - 10.000 ) 
    Source Clock Delay      (SCD):    -0.940ns
    Clock Pessimism Removal (CPR):    0.484ns
  Clock Uncertainty:      0.077ns  ((TSJ^2 + DJ^2)^1/2) / 2 + PE
    Total System Jitter     (TSJ):    0.071ns
    Discrete Jitter          (DJ):    0.138ns
    Phase Error              (PE):    0.000ns

    Location             Delay type                Incr(ns)  Path(ns)    Netlist Resource(s)
  -------------------------------------------------------------------    -------------------
                         (clock clk_out2_clk_wiz_0 rise edge)
                                                      0.000     0.000 r  
    W5                                                0.000     0.000 r  clk_100mhz (IN)
                         net (fo=0)                   0.000     0.000    clk_gen/inst/clk_in1
    W5                   IBUF (Prop_ibuf_I_O)         1.458     1.458 r  clk_gen/inst/clkin1_ibufg/O
                         net (fo=1, routed)           1.233     2.691    clk_gen/inst/clk_in1_clk_wiz_0
    MMCME2_ADV_X1Y0      MMCME2_ADV (Prop_mmcme2_adv_CLKIN1_CLKOUT1)
                                                     -6.961    -4.269 r  clk_gen/inst/mmcm_adv_inst/CLKOUT1
                         net (fo=1, routed)           1.661    -2.608    clk_gen/inst/clk_out2_clk_wiz_0
    BUFGCTRL_X0Y0        BUFG (Prop_bufg_I_O)         0.096    -2.512 r  clk_gen/inst/clkout2_buf/O
                         net (fo=137, routed)         1.572    -0.940    u_ping_pong/clk_out2
    SLICE_X51Y47         FDRE                                         r  u_ping_pong/wr_ptr_reg[12]/C
  -------------------------------------------------------------------    -------------------
    SLICE_X51Y47         FDRE (Prop_fdre_C_Q)         0.456    -0.484 r  u_ping_pong/wr_ptr_reg[12]/Q
                         net (fo=5, routed)           0.841     0.357    u_ping_pong/wr_ptr[12]
    SLICE_X51Y44         LUT3 (Prop_lut3_I1_O)        0.124     0.481 r  u_ping_pong/wr_addr_final__0_carry_i_3/O
                         net (fo=1, routed)           0.000     0.481    u_ping_pong/wr_addr_final__0_carry_i_3_n_0
    SLICE_X51Y44         CARRY4 (Prop_carry4_S[3]_CO[3])
                                                      0.401     0.882 r  u_ping_pong/wr_addr_final__0_carry/CO[3]
                         net (fo=1, routed)           0.000     0.882    u_ping_pong/wr_addr_final__0_carry_n_0
    SLICE_X51Y45         CARRY4 (Prop_carry4_CI_O[1])
                                                      0.334     1.216 r  u_ping_pong/wr_addr_final__0_carry__0/O[1]
                         net (fo=26, routed)          3.465     4.682    u_ping_pong/wr_addr_final[15]
    RAMB36_X0Y10         RAMB36E1                                     r  u_ping_pong/ram_reg_2_5/ADDRARDADDR[15]
  -------------------------------------------------------------------    -------------------

                         (clock clk_out2_clk_wiz_0 rise edge)
                                                     10.000    10.000 r  
    W5                                                0.000    10.000 r  clk_100mhz (IN)
                         net (fo=0)                   0.000    10.000    clk_gen/inst/clk_in1
    W5                   IBUF (Prop_ibuf_I_O)         1.388    11.388 r  clk_gen/inst/clkin1_ibufg/O
                         net (fo=1, routed)           1.162    12.550    clk_gen/inst/clk_in1_clk_wiz_0
    MMCME2_ADV_X1Y0      MMCME2_ADV (Prop_mmcme2_adv_CLKIN1_CLKOUT1)
                                                     -7.217     5.332 r  clk_gen/inst/mmcm_adv_inst/CLKOUT1
                         net (fo=1, routed)           1.581     6.914    clk_gen/inst/clk_out2_clk_wiz_0
    BUFGCTRL_X0Y0        BUFG (Prop_bufg_I_O)         0.091     7.005 r  clk_gen/inst/clkout2_buf/O
                         net (fo=137, routed)         1.482     8.487    u_ping_pong/clk_out2
    RAMB36_X0Y10         RAMB36E1                                     r  u_ping_pong/ram_reg_2_5/CLKARDCLK
                         clock pessimism              0.484     8.970    
                         clock uncertainty           -0.077     8.893    
    RAMB36_X0Y10         RAMB36E1 (Setup_ramb36e1_CLKARDCLK_ADDRARDADDR[15])
                                                     -0.694     8.199    u_ping_pong/ram_reg_2_5
  -------------------------------------------------------------------
                         required time                          8.199    
                         arrival time                          -4.682    
  -------------------------------------------------------------------
                         slack                                  3.517    

Slack (MET) :             3.540ns  (required time - arrival time)
  Source:                 u_ping_pong/wr_ptr_reg[12]/C
                            (rising edge-triggered cell FDRE clocked by clk_out2_clk_wiz_0  {rise@0.000ns fall@5.000ns period=10.000ns})
  Destination:            u_ping_pong/ram_reg_2_3/ADDRARDADDR[15]
                            (rising edge-triggered cell RAMB36E1 clocked by clk_out2_clk_wiz_0  {rise@0.000ns fall@5.000ns period=10.000ns})
  Path Group:             clk_out2_clk_wiz_0
  Path Type:              Setup (Max at Slow Process Corner)
  Requirement:            10.000ns  (clk_out2_clk_wiz_0 rise@10.000ns - clk_out2_clk_wiz_0 rise@0.000ns)
  Data Path Delay:        5.610ns  (logic 1.315ns (23.440%)  route 4.295ns (76.560%))
  Logic Levels:           3  (CARRY4=2 LUT3=1)
  Clock Path Skew:        -0.079ns (DCD - SCD + CPR)
    Destination Clock Delay (DCD):    -1.510ns = ( 8.490 - 10.000 ) 
    Source Clock Delay      (SCD):    -0.940ns
    Clock Pessimism Removal (CPR):    0.492ns
  Clock Uncertainty:      0.077ns  ((TSJ^2 + DJ^2)^1/2) / 2 + PE
    Total System Jitter     (TSJ):    0.071ns
    Discrete Jitter          (DJ):    0.138ns
    Phase Error              (PE):    0.000ns

    Location             Delay type                Incr(ns)  Path(ns)    Netlist Resource(s)
  -------------------------------------------------------------------    -------------------
                         (clock clk_out2_clk_wiz_0 rise edge)
                                                      0.000     0.000 r  
    W5                                                0.000     0.000 r  clk_100mhz (IN)
                         net (fo=0)                   0.000     0.000    clk_gen/inst/clk_in1
    W5                   IBUF (Prop_ibuf_I_O)         1.458     1.458 r  clk_gen/inst/clkin1_ibufg/O
                         net (fo=1, routed)           1.233     2.691    clk_gen/inst/clk_in1_clk_wiz_0
    MMCME2_ADV_X1Y0      MMCME2_ADV (Prop_mmcme2_adv_CLKIN1_CLKOUT1)
                                                     -6.961    -4.269 r  clk_gen/inst/mmcm_adv_inst/CLKOUT1
                         net (fo=1, routed)           1.661    -2.608    clk_gen/inst/clk_out2_clk_wiz_0
    BUFGCTRL_X0Y0        BUFG (Prop_bufg_I_O)         0.096    -2.512 r  clk_gen/inst/clkout2_buf/O
                         net (fo=137, routed)         1.572    -0.940    u_ping_pong/clk_out2
    SLICE_X51Y47         FDRE                                         r  u_ping_pong/wr_ptr_reg[12]/C
  -------------------------------------------------------------------    -------------------
    SLICE_X51Y47         FDRE (Prop_fdre_C_Q)         0.456    -0.484 r  u_ping_pong/wr_ptr_reg[12]/Q
                         net (fo=5, routed)           0.841     0.357    u_ping_pong/wr_ptr[12]
    SLICE_X51Y44         LUT3 (Prop_lut3_I1_O)        0.124     0.481 r  u_ping_pong/wr_addr_final__0_carry_i_3/O
                         net (fo=1, routed)           0.000     0.481    u_ping_pong/wr_addr_final__0_carry_i_3_n_0
    SLICE_X51Y44         CARRY4 (Prop_carry4_S[3]_CO[3])
                                                      0.401     0.882 r  u_ping_pong/wr_addr_final__0_carry/CO[3]
                         net (fo=1, routed)           0.000     0.882    u_ping_pong/wr_addr_final__0_carry_n_0
    SLICE_X51Y45         CARRY4 (Prop_carry4_CI_O[1])
                                                      0.334     1.216 r  u_ping_pong/wr_addr_final__0_carry__0/O[1]
                         net (fo=26, routed)          3.454     4.670    u_ping_pong/wr_addr_final[15]
    RAMB36_X0Y6          RAMB36E1                                     r  u_ping_pong/ram_reg_2_3/ADDRARDADDR[15]
  -------------------------------------------------------------------    -------------------

                         (clock clk_out2_clk_wiz_0 rise edge)
                                                     10.000    10.000 r  
    W5                                                0.000    10.000 r  clk_100mhz (IN)
                         net (fo=0)                   0.000    10.000    clk_gen/inst/clk_in1
    W5                   IBUF (Prop_ibuf_I_O)         1.388    11.388 r  clk_gen/inst/clkin1_ibufg/O
                         net (fo=1, routed)           1.162    12.550    clk_gen/inst/clk_in1_clk_wiz_0
    MMCME2_ADV_X1Y0      MMCME2_ADV (Prop_mmcme2_adv_CLKIN1_CLKOUT1)
                                                     -7.217     5.332 r  clk_gen/inst/mmcm_adv_inst/CLKOUT1
                         net (fo=1, routed)           1.581     6.914    clk_gen/inst/clk_out2_clk_wiz_0
    BUFGCTRL_X0Y0        BUFG (Prop_bufg_I_O)         0.091     7.005 r  clk_gen/inst/clkout2_buf/O
                         net (fo=137, routed)         1.486     8.490    u_ping_pong/clk_out2
    RAMB36_X0Y6          RAMB36E1                                     r  u_ping_pong/ram_reg_2_3/CLKARDCLK
                         clock pessimism              0.492     8.982    
                         clock uncertainty           -0.077     8.905    
    RAMB36_X0Y6          RAMB36E1 (Setup_ramb36e1_CLKARDCLK_ADDRARDADDR[15])
                                                     -0.694     8.211    u_ping_pong/ram_reg_2_3
  -------------------------------------------------------------------
                         required time                          8.211    
                         arrival time                          -4.670    
  -------------------------------------------------------------------
                         slack                                  3.540    

Slack (MET) :             3.601ns  (required time - arrival time)
  Source:                 u_ping_pong/wr_ptr_reg[14]/C
                            (rising edge-triggered cell FDRE clocked by clk_out2_clk_wiz_0  {rise@0.000ns fall@5.000ns period=10.000ns})
  Destination:            u_ping_pong/ram_reg_3_7/ENARDEN
                            (rising edge-triggered cell RAMB36E1 clocked by clk_out2_clk_wiz_0  {rise@0.000ns fall@5.000ns period=10.000ns})
  Path Group:             clk_out2_clk_wiz_0
  Path Type:              Setup (Max at Slow Process Corner)
  Requirement:            10.000ns  (clk_out2_clk_wiz_0 rise@10.000ns - clk_out2_clk_wiz_0 rise@0.000ns)
  Data Path Delay:        5.789ns  (logic 1.788ns (30.888%)  route 4.001ns (69.112%))
  Logic Levels:           4  (CARRY4=1 LUT3=2 LUT5=1)
  Clock Path Skew:        -0.090ns (DCD - SCD + CPR)
    Destination Clock Delay (DCD):    -1.513ns = ( 8.487 - 10.000 ) 
    Source Clock Delay      (SCD):    -0.940ns
    Clock Pessimism Removal (CPR):    0.484ns
  Clock Uncertainty:      0.077ns  ((TSJ^2 + DJ^2)^1/2) / 2 + PE
    Total System Jitter     (TSJ):    0.071ns
    Discrete Jitter          (DJ):    0.138ns
    Phase Error              (PE):    0.000ns

    Location             Delay type                Incr(ns)  Path(ns)    Netlist Resource(s)
  -------------------------------------------------------------------    -------------------
                         (clock clk_out2_clk_wiz_0 rise edge)
                                                      0.000     0.000 r  
    W5                                                0.000     0.000 r  clk_100mhz (IN)
                         net (fo=0)                   0.000     0.000    clk_gen/inst/clk_in1
    W5                   IBUF (Prop_ibuf_I_O)         1.458     1.458 r  clk_gen/inst/clkin1_ibufg/O
                         net (fo=1, routed)           1.233     2.691    clk_gen/inst/clk_in1_clk_wiz_0
    MMCME2_ADV_X1Y0      MMCME2_ADV (Prop_mmcme2_adv_CLKIN1_CLKOUT1)
                                                     -6.961    -4.269 r  clk_gen/inst/mmcm_adv_inst/CLKOUT1
                         net (fo=1, routed)           1.661    -2.608    clk_gen/inst/clk_out2_clk_wiz_0
    BUFGCTRL_X0Y0        BUFG (Prop_bufg_I_O)         0.096    -2.512 r  clk_gen/inst/clkout2_buf/O
                         net (fo=137, routed)         1.572    -0.940    u_ping_pong/clk_out2
    SLICE_X51Y47         FDRE                                         r  u_ping_pong/wr_ptr_reg[14]/C
  -------------------------------------------------------------------    -------------------
    SLICE_X51Y47         FDRE (Prop_fdre_C_Q)         0.419    -0.521 r  u_ping_pong/wr_ptr_reg[14]/Q
                         net (fo=5, routed)           0.837     0.316    u_ping_pong/wr_ptr[14]
    SLICE_X51Y45         LUT3 (Prop_lut3_I1_O)        0.299     0.615 r  u_ping_pong/wr_addr_final__0_carry__0_i_4/O
                         net (fo=25, routed)          0.000     0.615    u_ping_pong/wr_addr_final__0_carry__0_i_4_n_0
    SLICE_X51Y45         CARRY4 (Prop_carry4_S[1]_O[3])
                                                      0.640     1.255 f  u_ping_pong/wr_addr_final__0_carry__0/O[3]
                         net (fo=14, routed)          1.453     2.709    u_ping_pong/wr_addr_final[17]
    SLICE_X32Y43         LUT3 (Prop_lut3_I1_O)        0.306     3.015 r  u_ping_pong/ram_reg_2_2_i_1/O
                         net (fo=12, routed)          0.934     3.948    u_ping_pong/ram_reg_2_2_i_1_n_0
    SLICE_X44Y53         LUT5 (Prop_lut5_I4_O)        0.124     4.072 r  u_ping_pong/ram_reg_3_7_ENARDEN_cooolgate_en_gate_23/O
                         net (fo=1, routed)           0.777     4.849    u_ping_pong/ram_reg_3_7_ENARDEN_cooolgate_en_sig_12
    RAMB36_X1Y11         RAMB36E1                                     r  u_ping_pong/ram_reg_3_7/ENARDEN
  -------------------------------------------------------------------    -------------------

                         (clock clk_out2_clk_wiz_0 rise edge)
                                                     10.000    10.000 r  
    W5                                                0.000    10.000 r  clk_100mhz (IN)
                         net (fo=0)                   0.000    10.000    clk_gen/inst/clk_in1
    W5                   IBUF (Prop_ibuf_I_O)         1.388    11.388 r  clk_gen/inst/clkin1_ibufg/O
                         net (fo=1, routed)           1.162    12.550    clk_gen/inst/clk_in1_clk_wiz_0
    MMCME2_ADV_X1Y0      MMCME2_ADV (Prop_mmcme2_adv_CLKIN1_CLKOUT1)
                                                     -7.217     5.332 r  clk_gen/inst/mmcm_adv_inst/CLKOUT1
                         net (fo=1, routed)           1.581     6.914    clk_gen/inst/clk_out2_clk_wiz_0
    BUFGCTRL_X0Y0        BUFG (Prop_bufg_I_O)         0.091     7.005 r  clk_gen/inst/clkout2_buf/O
                         net (fo=137, routed)         1.482     8.487    u_ping_pong/clk_out2
    RAMB36_X1Y11         RAMB36E1                                     r  u_ping_pong/ram_reg_3_7/CLKARDCLK
                         clock pessimism              0.484     8.970    
                         clock uncertainty           -0.077     8.893    
    RAMB36_X1Y11         RAMB36E1 (Setup_ramb36e1_CLKARDCLK_ENARDEN)
                                                     -0.443     8.450    u_ping_pong/ram_reg_3_7
  -------------------------------------------------------------------
                         required time                          8.450    
                         arrival time                          -4.849    
  -------------------------------------------------------------------
                         slack                                  3.601    

Slack (MET) :             3.708ns  (required time - arrival time)
  Source:                 u_ping_pong/wr_ptr_reg[12]/C
                            (rising edge-triggered cell FDRE clocked by clk_out2_clk_wiz_0  {rise@0.000ns fall@5.000ns period=10.000ns})
  Destination:            u_ping_pong/ram_reg_2_3/ADDRARDADDR[14]
                            (rising edge-triggered cell RAMB36E1 clocked by clk_out2_clk_wiz_0  {rise@0.000ns fall@5.000ns period=10.000ns})
  Path Group:             clk_out2_clk_wiz_0
  Path Type:              Setup (Max at Slow Process Corner)
  Requirement:            10.000ns  (clk_out2_clk_wiz_0 rise@10.000ns - clk_out2_clk_wiz_0 rise@0.000ns)
  Data Path Delay:        5.395ns  (logic 1.203ns (22.298%)  route 4.192ns (77.702%))
  Logic Levels:           3  (CARRY4=2 LUT3=1)
  Clock Path Skew:        -0.079ns (DCD - SCD + CPR)
    Destination Clock Delay (DCD):    -1.510ns = ( 8.490 - 10.000 ) 
    Source Clock Delay      (SCD):    -0.940ns
    Clock Pessimism Removal (CPR):    0.492ns
  Clock Uncertainty:      0.077ns  ((TSJ^2 + DJ^2)^1/2) / 2 + PE
    Total System Jitter     (TSJ):    0.071ns
    Discrete Jitter          (DJ):    0.138ns
    Phase Error              (PE):    0.000ns

    Location             Delay type                Incr(ns)  Path(ns)    Netlist Resource(s)
  -------------------------------------------------------------------    -------------------
                         (clock clk_out2_clk_wiz_0 rise edge)
                                                      0.000     0.000 r  
    W5                                                0.000     0.000 r  clk_100mhz (IN)
                         net (fo=0)                   0.000     0.000    clk_gen/inst/clk_in1
    W5                   IBUF (Prop_ibuf_I_O)         1.458     1.458 r  clk_gen/inst/clkin1_ibufg/O
                         net (fo=1, routed)           1.233     2.691    clk_gen/inst/clk_in1_clk_wiz_0
    MMCME2_ADV_X1Y0      MMCME2_ADV (Prop_mmcme2_adv_CLKIN1_CLKOUT1)
                                                     -6.961    -4.269 r  clk_gen/inst/mmcm_adv_inst/CLKOUT1
                         net (fo=1, routed)           1.661    -2.608    clk_gen/inst/clk_out2_clk_wiz_0
    BUFGCTRL_X0Y0        BUFG (Prop_bufg_I_O)         0.096    -2.512 r  clk_gen/inst/clkout2_buf/O
                         net (fo=137, routed)         1.572    -0.940    u_ping_pong/clk_out2
    SLICE_X51Y47         FDRE                                         r  u_ping_pong/wr_ptr_reg[12]/C
  -------------------------------------------------------------------    -------------------
    SLICE_X51Y47         FDRE (Prop_fdre_C_Q)         0.456    -0.484 r  u_ping_pong/wr_ptr_reg[12]/Q
                         net (fo=5, routed)           0.841     0.357    u_ping_pong/wr_ptr[12]
    SLICE_X51Y44         LUT3 (Prop_lut3_I1_O)        0.124     0.481 r  u_ping_pong/wr_addr_final__0_carry_i_3/O
                         net (fo=1, routed)           0.000     0.481    u_ping_pong/wr_addr_final__0_carry_i_3_n_0
    SLICE_X51Y44         CARRY4 (Prop_carry4_S[3]_CO[3])
                                                      0.401     0.882 r  u_ping_pong/wr_addr_final__0_carry/CO[3]
                         net (fo=1, routed)           0.000     0.882    u_ping_pong/wr_addr_final__0_carry_n_0
    SLICE_X51Y45         CARRY4 (Prop_carry4_CI_O[0])
                                                      0.222     1.104 r  u_ping_pong/wr_addr_final__0_carry__0/O[0]
                         net (fo=30, routed)          3.351     4.455    u_ping_pong/wr_addr_final[14]
    RAMB36_X0Y6          RAMB36E1                                     r  u_ping_pong/ram_reg_2_3/ADDRARDADDR[14]
  -------------------------------------------------------------------    -------------------

                         (clock clk_out2_clk_wiz_0 rise edge)
                                                     10.000    10.000 r  
    W5                                                0.000    10.000 r  clk_100mhz (IN)
                         net (fo=0)                   0.000    10.000    clk_gen/inst/clk_in1
    W5                   IBUF (Prop_ibuf_I_O)         1.388    11.388 r  clk_gen/inst/clkin1_ibufg/O
                         net (fo=1, routed)           1.162    12.550    clk_gen/inst/clk_in1_clk_wiz_0
    MMCME2_ADV_X1Y0      MMCME2_ADV (Prop_mmcme2_adv_CLKIN1_CLKOUT1)
                                                     -7.217     5.332 r  clk_gen/inst/mmcm_adv_inst/CLKOUT1
                         net (fo=1, routed)           1.581     6.914    clk_gen/inst/clk_out2_clk_wiz_0
    BUFGCTRL_X0Y0        BUFG (Prop_bufg_I_O)         0.091     7.005 r  clk_gen/inst/clkout2_buf/O
                         net (fo=137, routed)         1.486     8.490    u_ping_pong/clk_out2
    RAMB36_X0Y6          RAMB36E1                                     r  u_ping_pong/ram_reg_2_3/CLKARDCLK
                         clock pessimism              0.492     8.982    
                         clock uncertainty           -0.077     8.905    
    RAMB36_X0Y6          RAMB36E1 (Setup_ramb36e1_CLKARDCLK_ADDRARDADDR[14])
                                                     -0.741     8.164    u_ping_pong/ram_reg_2_3
  -------------------------------------------------------------------
                         required time                          8.164    
                         arrival time                          -4.455    
  -------------------------------------------------------------------
                         slack                                  3.708    

Slack (MET) :             3.719ns  (required time - arrival time)
  Source:                 u_ping_pong/wr_ptr_reg[14]/C
                            (rising edge-triggered cell FDRE clocked by clk_out2_clk_wiz_0  {rise@0.000ns fall@5.000ns period=10.000ns})
  Destination:            u_ping_pong/ram_reg_2_7/ENARDEN
                            (rising edge-triggered cell RAMB36E1 clocked by clk_out2_clk_wiz_0  {rise@0.000ns fall@5.000ns period=10.000ns})
  Path Group:             clk_out2_clk_wiz_0
  Path Type:              Setup (Max at Slow Process Corner)
  Requirement:            10.000ns  (clk_out2_clk_wiz_0 rise@10.000ns - clk_out2_clk_wiz_0 rise@0.000ns)
  Data Path Delay:        5.671ns  (logic 1.788ns (31.529%)  route 3.883ns (68.471%))
  Logic Levels:           4  (CARRY4=1 LUT3=2 LUT5=1)
  Clock Path Skew:        -0.089ns (DCD - SCD + CPR)
    Destination Clock Delay (DCD):    -1.512ns = ( 8.488 - 10.000 ) 
    Source Clock Delay      (SCD):    -0.940ns
    Clock Pessimism Removal (CPR):    0.484ns
  Clock Uncertainty:      0.077ns  ((TSJ^2 + DJ^2)^1/2) / 2 + PE
    Total System Jitter     (TSJ):    0.071ns
    Discrete Jitter          (DJ):    0.138ns
    Phase Error              (PE):    0.000ns

    Location             Delay type                Incr(ns)  Path(ns)    Netlist Resource(s)
  -------------------------------------------------------------------    -------------------
                         (clock clk_out2_clk_wiz_0 rise edge)
                                                      0.000     0.000 r  
    W5                                                0.000     0.000 r  clk_100mhz (IN)
                         net (fo=0)                   0.000     0.000    clk_gen/inst/clk_in1
    W5                   IBUF (Prop_ibuf_I_O)         1.458     1.458 r  clk_gen/inst/clkin1_ibufg/O
                         net (fo=1, routed)           1.233     2.691    clk_gen/inst/clk_in1_clk_wiz_0
    MMCME2_ADV_X1Y0      MMCME2_ADV (Prop_mmcme2_adv_CLKIN1_CLKOUT1)
                                                     -6.961    -4.269 r  clk_gen/inst/mmcm_adv_inst/CLKOUT1
                         net (fo=1, routed)           1.661    -2.608    clk_gen/inst/clk_out2_clk_wiz_0
    BUFGCTRL_X0Y0        BUFG (Prop_bufg_I_O)         0.096    -2.512 r  clk_gen/inst/clkout2_buf/O
                         net (fo=137, routed)         1.572    -0.940    u_ping_pong/clk_out2
    SLICE_X51Y47         FDRE                                         r  u_ping_pong/wr_ptr_reg[14]/C
  -------------------------------------------------------------------    -------------------
    SLICE_X51Y47         FDRE (Prop_fdre_C_Q)         0.419    -0.521 r  u_ping_pong/wr_ptr_reg[14]/Q
                         net (fo=5, routed)           0.837     0.316    u_ping_pong/wr_ptr[14]
    SLICE_X51Y45         LUT3 (Prop_lut3_I1_O)        0.299     0.615 r  u_ping_pong/wr_addr_final__0_carry__0_i_4/O
                         net (fo=25, routed)          0.000     0.615    u_ping_pong/wr_addr_final__0_carry__0_i_4_n_0
    SLICE_X51Y45         CARRY4 (Prop_carry4_S[1]_O[3])
                                                      0.640     1.255 f  u_ping_pong/wr_addr_final__0_carry__0/O[3]
                         net (fo=14, routed)          1.453     2.709    u_ping_pong/wr_addr_final[17]
    SLICE_X32Y43         LUT3 (Prop_lut3_I1_O)        0.306     3.015 r  u_ping_pong/ram_reg_2_2_i_1/O
                         net (fo=12, routed)          1.021     4.036    u_ping_pong/ram_reg_2_2_i_1_n_0
    SLICE_X44Y52         LUT5 (Prop_lut5_I4_O)        0.124     4.160 r  u_ping_pong/ram_reg_2_7_ENARDEN_cooolgate_en_gate_47/O
                         net (fo=1, routed)           0.572     4.731    u_ping_pong/ram_reg_2_7_ENARDEN_cooolgate_en_sig_24
    RAMB36_X1Y10         RAMB36E1                                     r  u_ping_pong/ram_reg_2_7/ENARDEN
  -------------------------------------------------------------------    -------------------

                         (clock clk_out2_clk_wiz_0 rise edge)
                                                     10.000    10.000 r  
    W5                                                0.000    10.000 r  clk_100mhz (IN)
                         net (fo=0)                   0.000    10.000    clk_gen/inst/clk_in1
    W5                   IBUF (Prop_ibuf_I_O)         1.388    11.388 r  clk_gen/inst/clkin1_ibufg/O
                         net (fo=1, routed)           1.162    12.550    clk_gen/inst/clk_in1_clk_wiz_0
    MMCME2_ADV_X1Y0      MMCME2_ADV (Prop_mmcme2_adv_CLKIN1_CLKOUT1)
                                                     -7.217     5.332 r  clk_gen/inst/mmcm_adv_inst/CLKOUT1
                         net (fo=1, routed)           1.581     6.914    clk_gen/inst/clk_out2_clk_wiz_0
    BUFGCTRL_X0Y0        BUFG (Prop_bufg_I_O)         0.091     7.005 r  clk_gen/inst/clkout2_buf/O
                         net (fo=137, routed)         1.483     8.488    u_ping_pong/clk_out2
    RAMB36_X1Y10         RAMB36E1                                     r  u_ping_pong/ram_reg_2_7/CLKARDCLK
                         clock pessimism              0.484     8.971    
                         clock uncertainty           -0.077     8.894    
    RAMB36_X1Y10         RAMB36E1 (Setup_ramb36e1_CLKARDCLK_ENARDEN)
                                                     -0.443     8.451    u_ping_pong/ram_reg_2_7
  -------------------------------------------------------------------
                         required time                          8.451    
                         arrival time                          -4.731    
  -------------------------------------------------------------------
                         slack                                  3.719    

Slack (MET) :             3.783ns  (required time - arrival time)
  Source:                 u_ping_pong/wr_ptr_reg[14]/C
                            (rising edge-triggered cell FDRE clocked by clk_out2_clk_wiz_0  {rise@0.000ns fall@5.000ns period=10.000ns})
  Destination:            u_ping_pong/ram_reg_3_3/ENARDEN
                            (rising edge-triggered cell RAMB36E1 clocked by clk_out2_clk_wiz_0  {rise@0.000ns fall@5.000ns period=10.000ns})
  Path Group:             clk_out2_clk_wiz_0
  Path Type:              Setup (Max at Slow Process Corner)
  Requirement:            10.000ns  (clk_out2_clk_wiz_0 rise@10.000ns - clk_out2_clk_wiz_0 rise@0.000ns)
  Data Path Delay:        5.622ns  (logic 1.788ns (31.804%)  route 3.834ns (68.196%))
  Logic Levels:           4  (CARRY4=1 LUT3=2 LUT5=1)
  Clock Path Skew:        -0.075ns (DCD - SCD + CPR)
    Destination Clock Delay (DCD):    -1.506ns = ( 8.494 - 10.000 ) 
    Source Clock Delay      (SCD):    -0.940ns
    Clock Pessimism Removal (CPR):    0.492ns
  Clock Uncertainty:      0.077ns  ((TSJ^2 + DJ^2)^1/2) / 2 + PE
    Total System Jitter     (TSJ):    0.071ns
    Discrete Jitter          (DJ):    0.138ns
    Phase Error              (PE):    0.000ns

    Location             Delay type                Incr(ns)  Path(ns)    Netlist Resource(s)
  -------------------------------------------------------------------    -------------------
                         (clock clk_out2_clk_wiz_0 rise edge)
                                                      0.000     0.000 r  
    W5                                                0.000     0.000 r  clk_100mhz (IN)
                         net (fo=0)                   0.000     0.000    clk_gen/inst/clk_in1
    W5                   IBUF (Prop_ibuf_I_O)         1.458     1.458 r  clk_gen/inst/clkin1_ibufg/O
                         net (fo=1, routed)           1.233     2.691    clk_gen/inst/clk_in1_clk_wiz_0
    MMCME2_ADV_X1Y0      MMCME2_ADV (Prop_mmcme2_adv_CLKIN1_CLKOUT1)
                                                     -6.961    -4.269 r  clk_gen/inst/mmcm_adv_inst/CLKOUT1
                         net (fo=1, routed)           1.661    -2.608    clk_gen/inst/clk_out2_clk_wiz_0
    BUFGCTRL_X0Y0        BUFG (Prop_bufg_I_O)         0.096    -2.512 r  clk_gen/inst/clkout2_buf/O
                         net (fo=137, routed)         1.572    -0.940    u_ping_pong/clk_out2
    SLICE_X51Y47         FDRE                                         r  u_ping_pong/wr_ptr_reg[14]/C
  -------------------------------------------------------------------    -------------------
    SLICE_X51Y47         FDRE (Prop_fdre_C_Q)         0.419    -0.521 r  u_ping_pong/wr_ptr_reg[14]/Q
                         net (fo=5, routed)           0.837     0.316    u_ping_pong/wr_ptr[14]
    SLICE_X51Y45         LUT3 (Prop_lut3_I1_O)        0.299     0.615 r  u_ping_pong/wr_addr_final__0_carry__0_i_4/O
                         net (fo=25, routed)          0.000     0.615    u_ping_pong/wr_addr_final__0_carry__0_i_4_n_0
    SLICE_X51Y45         CARRY4 (Prop_carry4_S[1]_O[3])
                                                      0.640     1.255 f  u_ping_pong/wr_addr_final__0_carry__0/O[3]
                         net (fo=14, routed)          1.453     2.709    u_ping_pong/wr_addr_final[17]
    SLICE_X32Y43         LUT3 (Prop_lut3_I1_O)        0.306     3.015 r  u_ping_pong/ram_reg_2_2_i_1/O
                         net (fo=12, routed)          0.992     4.007    u_ping_pong/ram_reg_2_2_i_1_n_0
    SLICE_X14Y38         LUT5 (Prop_lut5_I4_O)        0.124     4.131 r  u_ping_pong/ram_reg_3_3_ENARDEN_cooolgate_en_gate_15/O
                         net (fo=1, routed)           0.552     4.682    u_ping_pong/ram_reg_3_3_ENARDEN_cooolgate_en_sig_8
    RAMB36_X0Y7          RAMB36E1                                     r  u_ping_pong/ram_reg_3_3/ENARDEN
  -------------------------------------------------------------------    -------------------

                         (clock clk_out2_clk_wiz_0 rise edge)
                                                     10.000    10.000 r  
    W5                                                0.000    10.000 r  clk_100mhz (IN)
                         net (fo=0)                   0.000    10.000    clk_gen/inst/clk_in1
    W5                   IBUF (Prop_ibuf_I_O)         1.388    11.388 r  clk_gen/inst/clkin1_ibufg/O
                         net (fo=1, routed)           1.162    12.550    clk_gen/inst/clk_in1_clk_wiz_0
    MMCME2_ADV_X1Y0      MMCME2_ADV (Prop_mmcme2_adv_CLKIN1_CLKOUT1)
                                                     -7.217     5.332 r  clk_gen/inst/mmcm_adv_inst/CLKOUT1
                         net (fo=1, routed)           1.581     6.914    clk_gen/inst/clk_out2_clk_wiz_0
    BUFGCTRL_X0Y0        BUFG (Prop_bufg_I_O)         0.091     7.005 r  clk_gen/inst/clkout2_buf/O
                         net (fo=137, routed)         1.490     8.494    u_ping_pong/clk_out2
    RAMB36_X0Y7          RAMB36E1                                     r  u_ping_pong/ram_reg_3_3/CLKARDCLK
                         clock pessimism              0.492     8.986    
                         clock uncertainty           -0.077     8.909    
    RAMB36_X0Y7          RAMB36E1 (Setup_ramb36e1_CLKARDCLK_ENARDEN)
                                                     -0.443     8.466    u_ping_pong/ram_reg_3_3
  -------------------------------------------------------------------
                         required time                          8.466    
                         arrival time                          -4.682    
  -------------------------------------------------------------------
                         slack                                  3.783    





Min Delay Paths
--------------------------------------------------------------------------------------
Slack (MET) :             0.172ns  (arrival time - required time)
  Source:                 u_ping_pong/wr_ptr_reg[1]/C
                            (rising edge-triggered cell FDRE clocked by clk_out2_clk_wiz_0  {rise@0.000ns fall@5.000ns period=10.000ns})
  Destination:            u_ping_pong/ram_reg_3_6/ADDRARDADDR[1]
                            (rising edge-triggered cell RAMB36E1 clocked by clk_out2_clk_wiz_0  {rise@0.000ns fall@5.000ns period=10.000ns})
  Path Group:             clk_out2_clk_wiz_0
  Path Type:              Hold (Min at Fast Process Corner)
  Requirement:            0.000ns  (clk_out2_clk_wiz_0 rise@0.000ns - clk_out2_clk_wiz_0 rise@0.000ns)
  Data Path Delay:        0.435ns  (logic 0.164ns (37.735%)  route 0.271ns (62.265%))
  Logic Levels:           0  
  Clock Path Skew:        0.079ns (DCD - SCD - CPR)
    Destination Clock Delay (DCD):    -0.810ns
    Source Clock Delay      (SCD):    -0.615ns
    Clock Pessimism Removal (CPR):    -0.274ns

    Location             Delay type                Incr(ns)  Path(ns)    Netlist Resource(s)
  -------------------------------------------------------------------    -------------------
                         (clock clk_out2_clk_wiz_0 rise edge)
                                                      0.000     0.000 r  
    W5                                                0.000     0.000 r  clk_100mhz (IN)
                         net (fo=0)                   0.000     0.000    clk_gen/inst/clk_in1
    W5                   IBUF (Prop_ibuf_I_O)         0.226     0.226 r  clk_gen/inst/clkin1_ibufg/O
                         net (fo=1, routed)           0.440     0.667    clk_gen/inst/clk_in1_clk_wiz_0
    MMCME2_ADV_X1Y0      MMCME2_ADV (Prop_mmcme2_adv_CLKIN1_CLKOUT1)
                                                     -2.360    -1.693 r  clk_gen/inst/mmcm_adv_inst/CLKOUT1
                         net (fo=1, routed)           0.486    -1.207    clk_gen/inst/clk_out2_clk_wiz_0
    BUFGCTRL_X0Y0        BUFG (Prop_bufg_I_O)         0.026    -1.181 r  clk_gen/inst/clkout2_buf/O
                         net (fo=137, routed)         0.566    -0.615    u_ping_pong/clk_out2
    SLICE_X52Y46         FDRE                                         r  u_ping_pong/wr_ptr_reg[1]/C
  -------------------------------------------------------------------    -------------------
    SLICE_X52Y46         FDRE (Prop_fdre_C_Q)         0.164    -0.451 r  u_ping_pong/wr_ptr_reg[1]/Q
                         net (fo=32, routed)          0.271    -0.181    u_ping_pong/wr_ptr[1]
    RAMB36_X1Y9          RAMB36E1                                     r  u_ping_pong/ram_reg_3_6/ADDRARDADDR[1]
  -------------------------------------------------------------------    -------------------

                         (clock clk_out2_clk_wiz_0 rise edge)
                                                      0.000     0.000 r  
    W5                                                0.000     0.000 r  clk_100mhz (IN)
                         net (fo=0)                   0.000     0.000    clk_gen/inst/clk_in1
    W5                   IBUF (Prop_ibuf_I_O)         0.414     0.414 r  clk_gen/inst/clkin1_ibufg/O
                         net (fo=1, routed)           0.480     0.894    clk_gen/inst/clk_in1_clk_wiz_0
    MMCME2_ADV_X1Y0      MMCME2_ADV (Prop_mmcme2_adv_CLKIN1_CLKOUT1)
                                                     -3.142    -2.248 r  clk_gen/inst/mmcm_adv_inst/CLKOUT1
                         net (fo=1, routed)           0.530    -1.718    clk_gen/inst/clk_out2_clk_wiz_0
    BUFGCTRL_X0Y0        BUFG (Prop_bufg_I_O)         0.029    -1.689 r  clk_gen/inst/clkout2_buf/O
                         net (fo=137, routed)         0.879    -0.810    u_ping_pong/clk_out2
    RAMB36_X1Y9          RAMB36E1                                     r  u_ping_pong/ram_reg_3_6/CLKARDCLK
                         clock pessimism              0.274    -0.536    
    RAMB36_X1Y9          RAMB36E1 (Hold_ramb36e1_CLKARDCLK_ADDRARDADDR[1])
                                                      0.183    -0.353    u_ping_pong/ram_reg_3_6
  -------------------------------------------------------------------
                         required time                          0.353    
                         arrival time                          -0.181    
  -------------------------------------------------------------------
                         slack                                  0.172    

Slack (MET) :             0.179ns  (arrival time - required time)
  Source:                 u_ping_pong/wr_ptr_reg[2]/C
                            (rising edge-triggered cell FDRE clocked by clk_out2_clk_wiz_0  {rise@0.000ns fall@5.000ns period=10.000ns})
  Destination:            u_ping_pong/ram_reg_0_6/ADDRARDADDR[2]
                            (rising edge-triggered cell RAMB36E1 clocked by clk_out2_clk_wiz_0  {rise@0.000ns fall@5.000ns period=10.000ns})
  Path Group:             clk_out2_clk_wiz_0
  Path Type:              Hold (Min at Fast Process Corner)
  Requirement:            0.000ns  (clk_out2_clk_wiz_0 rise@0.000ns - clk_out2_clk_wiz_0 rise@0.000ns)
  Data Path Delay:        0.442ns  (logic 0.164ns (37.071%)  route 0.278ns (62.929%))
  Logic Levels:           0  
  Clock Path Skew:        0.080ns (DCD - SCD - CPR)
    Destination Clock Delay (DCD):    -0.809ns
    Source Clock Delay      (SCD):    -0.615ns
    Clock Pessimism Removal (CPR):    -0.274ns

    Location             Delay type                Incr(ns)  Path(ns)    Netlist Resource(s)
  -------------------------------------------------------------------    -------------------
                         (clock clk_out2_clk_wiz_0 rise edge)
                                                      0.000     0.000 r  
    W5                                                0.000     0.000 r  clk_100mhz (IN)
                         net (fo=0)                   0.000     0.000    clk_gen/inst/clk_in1
    W5                   IBUF (Prop_ibuf_I_O)         0.226     0.226 r  clk_gen/inst/clkin1_ibufg/O
                         net (fo=1, routed)           0.440     0.667    clk_gen/inst/clk_in1_clk_wiz_0
    MMCME2_ADV_X1Y0      MMCME2_ADV (Prop_mmcme2_adv_CLKIN1_CLKOUT1)
                                                     -2.360    -1.693 r  clk_gen/inst/mmcm_adv_inst/CLKOUT1
                         net (fo=1, routed)           0.486    -1.207    clk_gen/inst/clk_out2_clk_wiz_0
    BUFGCTRL_X0Y0        BUFG (Prop_bufg_I_O)         0.026    -1.181 r  clk_gen/inst/clkout2_buf/O
                         net (fo=137, routed)         0.566    -0.615    u_ping_pong/clk_out2
    SLICE_X52Y45         FDRE                                         r  u_ping_pong/wr_ptr_reg[2]/C
  -------------------------------------------------------------------    -------------------
    SLICE_X52Y45         FDRE (Prop_fdre_C_Q)         0.164    -0.451 r  u_ping_pong/wr_ptr_reg[2]/Q
                         net (fo=32, routed)          0.278    -0.173    u_ping_pong/wr_ptr[2]
    RAMB36_X2Y9          RAMB36E1                                     r  u_ping_pong/ram_reg_0_6/ADDRARDADDR[2]
  -------------------------------------------------------------------    -------------------

                         (clock clk_out2_clk_wiz_0 rise edge)
                                                      0.000     0.000 r  
    W5                                                0.000     0.000 r  clk_100mhz (IN)
                         net (fo=0)                   0.000     0.000    clk_gen/inst/clk_in1
    W5                   IBUF (Prop_ibuf_I_O)         0.414     0.414 r  clk_gen/inst/clkin1_ibufg/O
                         net (fo=1, routed)           0.480     0.894    clk_gen/inst/clk_in1_clk_wiz_0
    MMCME2_ADV_X1Y0      MMCME2_ADV (Prop_mmcme2_adv_CLKIN1_CLKOUT1)
                                                     -3.142    -2.248 r  clk_gen/inst/mmcm_adv_inst/CLKOUT1
                         net (fo=1, routed)           0.530    -1.718    clk_gen/inst/clk_out2_clk_wiz_0
    BUFGCTRL_X0Y0        BUFG (Prop_bufg_I_O)         0.029    -1.689 r  clk_gen/inst/clkout2_buf/O
                         net (fo=137, routed)         0.880    -0.809    u_ping_pong/clk_out2
    RAMB36_X2Y9          RAMB36E1                                     r  u_ping_pong/ram_reg_0_6/CLKARDCLK
                         clock pessimism              0.274    -0.535    
    RAMB36_X2Y9          RAMB36E1 (Hold_ramb36e1_CLKARDCLK_ADDRARDADDR[2])
                                                      0.183    -0.352    u_ping_pong/ram_reg_0_6
  -------------------------------------------------------------------
                         required time                          0.352    
                         arrival time                          -0.173    
  -------------------------------------------------------------------
                         slack                                  0.179    

Slack (MET) :             0.180ns  (arrival time - required time)
  Source:                 u_frame_sync/magic_buffer_reg[14]/C
                            (rising edge-triggered cell FDRE clocked by clk_out2_clk_wiz_0  {rise@0.000ns fall@5.000ns period=10.000ns})
  Destination:            u_frame_sync/magic_buffer_reg[22]/D
                            (rising edge-triggered cell FDRE clocked by clk_out2_clk_wiz_0  {rise@0.000ns fall@5.000ns period=10.000ns})
  Path Group:             clk_out2_clk_wiz_0
  Path Type:              Hold (Min at Fast Process Corner)
  Requirement:            0.000ns  (clk_out2_clk_wiz_0 rise@0.000ns - clk_out2_clk_wiz_0 rise@0.000ns)
  Data Path Delay:        0.263ns  (logic 0.141ns (53.584%)  route 0.122ns (46.416%))
  Logic Levels:           0  
  Clock Path Skew:        0.013ns (DCD - SCD - CPR)
    Destination Clock Delay (DCD):    -0.858ns
    Source Clock Delay      (SCD):    -0.619ns
    Clock Pessimism Removal (CPR):    -0.252ns

    Location             Delay type                Incr(ns)  Path(ns)    Netlist Resource(s)
  -------------------------------------------------------------------    -------------------
                         (clock clk_out2_clk_wiz_0 rise edge)
                                                      0.000     0.000 r  
    W5                                                0.000     0.000 r  clk_100mhz (IN)
                         net (fo=0)                   0.000     0.000    clk_gen/inst/clk_in1
    W5                   IBUF (Prop_ibuf_I_O)         0.226     0.226 r  clk_gen/inst/clkin1_ibufg/O
                         net (fo=1, routed)           0.440     0.667    clk_gen/inst/clk_in1_clk_wiz_0
    MMCME2_ADV_X1Y0      MMCME2_ADV (Prop_mmcme2_adv_CLKIN1_CLKOUT1)
                                                     -2.360    -1.693 r  clk_gen/inst/mmcm_adv_inst/CLKOUT1
                         net (fo=1, routed)           0.486    -1.207    clk_gen/inst/clk_out2_clk_wiz_0
    BUFGCTRL_X0Y0        BUFG (Prop_bufg_I_O)         0.026    -1.181 r  clk_gen/inst/clkout2_buf/O
                         net (fo=137, routed)         0.562    -0.619    u_frame_sync/clk_out2
    SLICE_X41Y51         FDRE                                         r  u_frame_sync/magic_buffer_reg[14]/C
  -------------------------------------------------------------------    -------------------
    SLICE_X41Y51         FDRE (Prop_fdre_C_Q)         0.141    -0.478 r  u_frame_sync/magic_buffer_reg[14]/Q
                         net (fo=2, routed)           0.122    -0.356    u_frame_sync/sel0[22]
    SLICE_X40Y51         FDRE                                         r  u_frame_sync/magic_buffer_reg[22]/D
  -------------------------------------------------------------------    -------------------

                         (clock clk_out2_clk_wiz_0 rise edge)
                                                      0.000     0.000 r  
    W5                                                0.000     0.000 r  clk_100mhz (IN)
                         net (fo=0)                   0.000     0.000    clk_gen/inst/clk_in1
    W5                   IBUF (Prop_ibuf_I_O)         0.414     0.414 r  clk_gen/inst/clkin1_ibufg/O
                         net (fo=1, routed)           0.480     0.894    clk_gen/inst/clk_in1_clk_wiz_0
    MMCME2_ADV_X1Y0      MMCME2_ADV (Prop_mmcme2_adv_CLKIN1_CLKOUT1)
                                                     -3.142    -2.248 r  clk_gen/inst/mmcm_adv_inst/CLKOUT1
                         net (fo=1, routed)           0.530    -1.718    clk_gen/inst/clk_out2_clk_wiz_0
    BUFGCTRL_X0Y0        BUFG (Prop_bufg_I_O)         0.029    -1.689 r  clk_gen/inst/clkout2_buf/O
                         net (fo=137, routed)         0.832    -0.858    u_frame_sync/clk_out2
    SLICE_X40Y51         FDRE                                         r  u_frame_sync/magic_buffer_reg[22]/C
                         clock pessimism              0.252    -0.606    
    SLICE_X40Y51         FDRE (Hold_fdre_C_D)         0.070    -0.536    u_frame_sync/magic_buffer_reg[22]
  -------------------------------------------------------------------
                         required time                          0.536    
                         arrival time                          -0.356    
  -------------------------------------------------------------------
                         slack                                  0.180    

Slack (MET) :             0.181ns  (arrival time - required time)
  Source:                 u_uart_rx/rx_sync_stage1_reg/C
                            (rising edge-triggered cell FDRE clocked by clk_out2_clk_wiz_0  {rise@0.000ns fall@5.000ns period=10.000ns})
  Destination:            u_uart_rx/rx_sync_reg/D
                            (rising edge-triggered cell FDRE clocked by clk_out2_clk_wiz_0  {rise@0.000ns fall@5.000ns period=10.000ns})
  Path Group:             clk_out2_clk_wiz_0
  Path Type:              Hold (Min at Fast Process Corner)
  Requirement:            0.000ns  (clk_out2_clk_wiz_0 rise@0.000ns - clk_out2_clk_wiz_0 rise@0.000ns)
  Data Path Delay:        0.267ns  (logic 0.141ns (52.873%)  route 0.126ns (47.127%))
  Logic Levels:           0  
  Clock Path Skew:        0.016ns (DCD - SCD - CPR)
    Destination Clock Delay (DCD):    -0.859ns
    Source Clock Delay      (SCD):    -0.620ns
    Clock Pessimism Removal (CPR):    -0.255ns

    Location             Delay type                Incr(ns)  Path(ns)    Netlist Resource(s)
  -------------------------------------------------------------------    -------------------
                         (clock clk_out2_clk_wiz_0 rise edge)
                                                      0.000     0.000 r  
    W5                                                0.000     0.000 r  clk_100mhz (IN)
                         net (fo=0)                   0.000     0.000    clk_gen/inst/clk_in1
    W5                   IBUF (Prop_ibuf_I_O)         0.226     0.226 r  clk_gen/inst/clkin1_ibufg/O
                         net (fo=1, routed)           0.440     0.667    clk_gen/inst/clk_in1_clk_wiz_0
    MMCME2_ADV_X1Y0      MMCME2_ADV (Prop_mmcme2_adv_CLKIN1_CLKOUT1)
                                                     -2.360    -1.693 r  clk_gen/inst/mmcm_adv_inst/CLKOUT1
                         net (fo=1, routed)           0.486    -1.207    clk_gen/inst/clk_out2_clk_wiz_0
    BUFGCTRL_X0Y0        BUFG (Prop_bufg_I_O)         0.026    -1.181 r  clk_gen/inst/clkout2_buf/O
                         net (fo=137, routed)         0.561    -0.620    u_uart_rx/CLK
    SLICE_X28Y55         FDRE                                         r  u_uart_rx/rx_sync_stage1_reg/C
  -------------------------------------------------------------------    -------------------
    SLICE_X28Y55         FDRE (Prop_fdre_C_Q)         0.141    -0.479 r  u_uart_rx/rx_sync_stage1_reg/Q
                         net (fo=1, routed)           0.126    -0.354    u_uart_rx/rx_sync_stage1
    SLICE_X28Y53         FDRE                                         r  u_uart_rx/rx_sync_reg/D
  -------------------------------------------------------------------    -------------------

                         (clock clk_out2_clk_wiz_0 rise edge)
                                                      0.000     0.000 r  
    W5                                                0.000     0.000 r  clk_100mhz (IN)
                         net (fo=0)                   0.000     0.000    clk_gen/inst/clk_in1
    W5                   IBUF (Prop_ibuf_I_O)         0.414     0.414 r  clk_gen/inst/clkin1_ibufg/O
                         net (fo=1, routed)           0.480     0.894    clk_gen/inst/clk_in1_clk_wiz_0
    MMCME2_ADV_X1Y0      MMCME2_ADV (Prop_mmcme2_adv_CLKIN1_CLKOUT1)
                                                     -3.142    -2.248 r  clk_gen/inst/mmcm_adv_inst/CLKOUT1
                         net (fo=1, routed)           0.530    -1.718    clk_gen/inst/clk_out2_clk_wiz_0
    BUFGCTRL_X0Y0        BUFG (Prop_bufg_I_O)         0.029    -1.689 r  clk_gen/inst/clkout2_buf/O
                         net (fo=137, routed)         0.831    -0.859    u_uart_rx/CLK
    SLICE_X28Y53         FDRE                                         r  u_uart_rx/rx_sync_reg/C
                         clock pessimism              0.255    -0.604    
    SLICE_X28Y53         FDRE (Hold_fdre_C_D)         0.070    -0.534    u_uart_rx/rx_sync_reg
  -------------------------------------------------------------------
                         required time                          0.534    
                         arrival time                          -0.354    
  -------------------------------------------------------------------
                         slack                                  0.181    

Slack (MET) :             0.184ns  (arrival time - required time)
  Source:                 u_uart_rx/dout_reg[2]/C
                            (rising edge-triggered cell FDRE clocked by clk_out2_clk_wiz_0  {rise@0.000ns fall@5.000ns period=10.000ns})
  Destination:            u_frame_sync/magic_buffer_reg[2]/D
                            (rising edge-triggered cell FDRE clocked by clk_out2_clk_wiz_0  {rise@0.000ns fall@5.000ns period=10.000ns})
  Path Group:             clk_out2_clk_wiz_0
  Path Type:              Hold (Min at Fast Process Corner)
  Requirement:            0.000ns  (clk_out2_clk_wiz_0 rise@0.000ns - clk_out2_clk_wiz_0 rise@0.000ns)
  Data Path Delay:        0.291ns  (logic 0.164ns (56.321%)  route 0.127ns (43.679%))
  Logic Levels:           0  
  Clock Path Skew:        0.036ns (DCD - SCD - CPR)
    Destination Clock Delay (DCD):    -0.858ns
    Source Clock Delay      (SCD):    -0.619ns
    Clock Pessimism Removal (CPR):    -0.275ns

    Location             Delay type                Incr(ns)  Path(ns)    Netlist Resource(s)
  -------------------------------------------------------------------    -------------------
                         (clock clk_out2_clk_wiz_0 rise edge)
                                                      0.000     0.000 r  
    W5                                                0.000     0.000 r  clk_100mhz (IN)
                         net (fo=0)                   0.000     0.000    clk_gen/inst/clk_in1
    W5                   IBUF (Prop_ibuf_I_O)         0.226     0.226 r  clk_gen/inst/clkin1_ibufg/O
                         net (fo=1, routed)           0.440     0.667    clk_gen/inst/clk_in1_clk_wiz_0
    MMCME2_ADV_X1Y0      MMCME2_ADV (Prop_mmcme2_adv_CLKIN1_CLKOUT1)
                                                     -2.360    -1.693 r  clk_gen/inst/mmcm_adv_inst/CLKOUT1
                         net (fo=1, routed)           0.486    -1.207    clk_gen/inst/clk_out2_clk_wiz_0
    BUFGCTRL_X0Y0        BUFG (Prop_bufg_I_O)         0.026    -1.181 r  clk_gen/inst/clkout2_buf/O
                         net (fo=137, routed)         0.562    -0.619    u_uart_rx/CLK
    SLICE_X38Y50         FDRE                                         r  u_uart_rx/dout_reg[2]/C
  -------------------------------------------------------------------    -------------------
    SLICE_X38Y50         FDRE (Prop_fdre_C_Q)         0.164    -0.455 r  u_uart_rx/dout_reg[2]/Q
                         net (fo=3, routed)           0.127    -0.328    u_frame_sync/Q[2]
    SLICE_X40Y50         FDRE                                         r  u_frame_sync/magic_buffer_reg[2]/D
  -------------------------------------------------------------------    -------------------

                         (clock clk_out2_clk_wiz_0 rise edge)
                                                      0.000     0.000 r  
    W5                                                0.000     0.000 r  clk_100mhz (IN)
                         net (fo=0)                   0.000     0.000    clk_gen/inst/clk_in1
    W5                   IBUF (Prop_ibuf_I_O)         0.414     0.414 r  clk_gen/inst/clkin1_ibufg/O
                         net (fo=1, routed)           0.480     0.894    clk_gen/inst/clk_in1_clk_wiz_0
    MMCME2_ADV_X1Y0      MMCME2_ADV (Prop_mmcme2_adv_CLKIN1_CLKOUT1)
                                                     -3.142    -2.248 r  clk_gen/inst/mmcm_adv_inst/CLKOUT1
                         net (fo=1, routed)           0.530    -1.718    clk_gen/inst/clk_out2_clk_wiz_0
    BUFGCTRL_X0Y0        BUFG (Prop_bufg_I_O)         0.029    -1.689 r  clk_gen/inst/clkout2_buf/O
                         net (fo=137, routed)         0.832    -0.858    u_frame_sync/clk_out2
    SLICE_X40Y50         FDRE                                         r  u_frame_sync/magic_buffer_reg[2]/C
                         clock pessimism              0.275    -0.583    
    SLICE_X40Y50         FDRE (Hold_fdre_C_D)         0.071    -0.512    u_frame_sync/magic_buffer_reg[2]
  -------------------------------------------------------------------
                         required time                          0.512    
                         arrival time                          -0.328    
  -------------------------------------------------------------------
                         slack                                  0.184    

Slack (MET) :             0.189ns  (arrival time - required time)
  Source:                 u_uart_rx/rx_data_reg[3]/C
                            (rising edge-triggered cell FDRE clocked by clk_out2_clk_wiz_0  {rise@0.000ns fall@5.000ns period=10.000ns})
  Destination:            u_uart_rx/dout_reg[3]/D
                            (rising edge-triggered cell FDRE clocked by clk_out2_clk_wiz_0  {rise@0.000ns fall@5.000ns period=10.000ns})
  Path Group:             clk_out2_clk_wiz_0
  Path Type:              Hold (Min at Fast Process Corner)
  Requirement:            0.000ns  (clk_out2_clk_wiz_0 rise@0.000ns - clk_out2_clk_wiz_0 rise@0.000ns)
  Data Path Delay:        0.281ns  (logic 0.164ns (58.306%)  route 0.117ns (41.694%))
  Logic Levels:           0  
  Clock Path Skew:        0.016ns (DCD - SCD - CPR)
    Destination Clock Delay (DCD):    -0.859ns
    Source Clock Delay      (SCD):    -0.619ns
    Clock Pessimism Removal (CPR):    -0.256ns

    Location             Delay type                Incr(ns)  Path(ns)    Netlist Resource(s)
  -------------------------------------------------------------------    -------------------
                         (clock clk_out2_clk_wiz_0 rise edge)
                                                      0.000     0.000 r  
    W5                                                0.000     0.000 r  clk_100mhz (IN)
                         net (fo=0)                   0.000     0.000    clk_gen/inst/clk_in1
    W5                   IBUF (Prop_ibuf_I_O)         0.226     0.226 r  clk_gen/inst/clkin1_ibufg/O
                         net (fo=1, routed)           0.440     0.667    clk_gen/inst/clk_in1_clk_wiz_0
    MMCME2_ADV_X1Y0      MMCME2_ADV (Prop_mmcme2_adv_CLKIN1_CLKOUT1)
                                                     -2.360    -1.693 r  clk_gen/inst/mmcm_adv_inst/CLKOUT1
                         net (fo=1, routed)           0.486    -1.207    clk_gen/inst/clk_out2_clk_wiz_0
    BUFGCTRL_X0Y0        BUFG (Prop_bufg_I_O)         0.026    -1.181 r  clk_gen/inst/clkout2_buf/O
                         net (fo=137, routed)         0.562    -0.619    u_uart_rx/CLK
    SLICE_X38Y51         FDRE                                         r  u_uart_rx/rx_data_reg[3]/C
  -------------------------------------------------------------------    -------------------
    SLICE_X38Y51         FDRE (Prop_fdre_C_Q)         0.164    -0.455 r  u_uart_rx/rx_data_reg[3]/Q
                         net (fo=2, routed)           0.117    -0.338    u_uart_rx/rx_data[3]
    SLICE_X38Y50         FDRE                                         r  u_uart_rx/dout_reg[3]/D
  -------------------------------------------------------------------    -------------------

                         (clock clk_out2_clk_wiz_0 rise edge)
                                                      0.000     0.000 r  
    W5                                                0.000     0.000 r  clk_100mhz (IN)
                         net (fo=0)                   0.000     0.000    clk_gen/inst/clk_in1
    W5                   IBUF (Prop_ibuf_I_O)         0.414     0.414 r  clk_gen/inst/clkin1_ibufg/O
                         net (fo=1, routed)           0.480     0.894    clk_gen/inst/clk_in1_clk_wiz_0
    MMCME2_ADV_X1Y0      MMCME2_ADV (Prop_mmcme2_adv_CLKIN1_CLKOUT1)
                                                     -3.142    -2.248 r  clk_gen/inst/mmcm_adv_inst/CLKOUT1
                         net (fo=1, routed)           0.530    -1.718    clk_gen/inst/clk_out2_clk_wiz_0
    BUFGCTRL_X0Y0        BUFG (Prop_bufg_I_O)         0.029    -1.689 r  clk_gen/inst/clkout2_buf/O
                         net (fo=137, routed)         0.830    -0.859    u_uart_rx/CLK
    SLICE_X38Y50         FDRE                                         r  u_uart_rx/dout_reg[3]/C
                         clock pessimism              0.256    -0.603    
    SLICE_X38Y50         FDRE (Hold_fdre_C_D)         0.076    -0.527    u_uart_rx/dout_reg[3]
  -------------------------------------------------------------------
                         required time                          0.527    
                         arrival time                          -0.338    
  -------------------------------------------------------------------
                         slack                                  0.189    

Slack (MET) :             0.191ns  (arrival time - required time)
  Source:                 u_uart_rx/valid_reg/C
                            (rising edge-triggered cell FDRE clocked by clk_out2_clk_wiz_0  {rise@0.000ns fall@5.000ns period=10.000ns})
  Destination:            u_frame_sync/magic_buffer_reg[0]/CE
                            (rising edge-triggered cell FDRE clocked by clk_out2_clk_wiz_0  {rise@0.000ns fall@5.000ns period=10.000ns})
  Path Group:             clk_out2_clk_wiz_0
  Path Type:              Hold (Min at Fast Process Corner)
  Requirement:            0.000ns  (clk_out2_clk_wiz_0 rise@0.000ns - clk_out2_clk_wiz_0 rise@0.000ns)
  Data Path Delay:        0.420ns  (logic 0.141ns (33.599%)  route 0.279ns (66.401%))
  Logic Levels:           0  
  Clock Path Skew:        0.268ns (DCD - SCD - CPR)
    Destination Clock Delay (DCD):    -0.858ns
    Source Clock Delay      (SCD):    -0.617ns
    Clock Pessimism Removal (CPR):    -0.508ns

    Location             Delay type                Incr(ns)  Path(ns)    Netlist Resource(s)
  -------------------------------------------------------------------    -------------------
                         (clock clk_out2_clk_wiz_0 rise edge)
                                                      0.000     0.000 r  
    W5                                                0.000     0.000 r  clk_100mhz (IN)
                         net (fo=0)                   0.000     0.000    clk_gen/inst/clk_in1
    W5                   IBUF (Prop_ibuf_I_O)         0.226     0.226 r  clk_gen/inst/clkin1_ibufg/O
                         net (fo=1, routed)           0.440     0.667    clk_gen/inst/clk_in1_clk_wiz_0
    MMCME2_ADV_X1Y0      MMCME2_ADV (Prop_mmcme2_adv_CLKIN1_CLKOUT1)
                                                     -2.360    -1.693 r  clk_gen/inst/mmcm_adv_inst/CLKOUT1
                         net (fo=1, routed)           0.486    -1.207    clk_gen/inst/clk_out2_clk_wiz_0
    BUFGCTRL_X0Y0        BUFG (Prop_bufg_I_O)         0.026    -1.181 r  clk_gen/inst/clkout2_buf/O
                         net (fo=137, routed)         0.564    -0.617    u_uart_rx/CLK
    SLICE_X39Y49         FDRE                                         r  u_uart_rx/valid_reg/C
  -------------------------------------------------------------------    -------------------
    SLICE_X39Y49         FDRE (Prop_fdre_C_Q)         0.141    -0.476 r  u_uart_rx/valid_reg/Q
                         net (fo=29, routed)          0.279    -0.198    u_frame_sync/uart_valid
    SLICE_X40Y50         FDRE                                         r  u_frame_sync/magic_buffer_reg[0]/CE
  -------------------------------------------------------------------    -------------------

                         (clock clk_out2_clk_wiz_0 rise edge)
                                                      0.000     0.000 r  
    W5                                                0.000     0.000 r  clk_100mhz (IN)
                         net (fo=0)                   0.000     0.000    clk_gen/inst/clk_in1
    W5                   IBUF (Prop_ibuf_I_O)         0.414     0.414 r  clk_gen/inst/clkin1_ibufg/O
                         net (fo=1, routed)           0.480     0.894    clk_gen/inst/clk_in1_clk_wiz_0
    MMCME2_ADV_X1Y0      MMCME2_ADV (Prop_mmcme2_adv_CLKIN1_CLKOUT1)
                                                     -3.142    -2.248 r  clk_gen/inst/mmcm_adv_inst/CLKOUT1
                         net (fo=1, routed)           0.530    -1.718    clk_gen/inst/clk_out2_clk_wiz_0
    BUFGCTRL_X0Y0        BUFG (Prop_bufg_I_O)         0.029    -1.689 r  clk_gen/inst/clkout2_buf/O
                         net (fo=137, routed)         0.832    -0.858    u_frame_sync/clk_out2
    SLICE_X40Y50         FDRE                                         r  u_frame_sync/magic_buffer_reg[0]/C
                         clock pessimism              0.508    -0.349    
    SLICE_X40Y50         FDRE (Hold_fdre_C_CE)       -0.039    -0.388    u_frame_sync/magic_buffer_reg[0]
  -------------------------------------------------------------------
                         required time                          0.388    
                         arrival time                          -0.198    
  -------------------------------------------------------------------
                         slack                                  0.191    

Slack (MET) :             0.191ns  (arrival time - required time)
  Source:                 u_uart_rx/valid_reg/C
                            (rising edge-triggered cell FDRE clocked by clk_out2_clk_wiz_0  {rise@0.000ns fall@5.000ns period=10.000ns})
  Destination:            u_frame_sync/magic_buffer_reg[10]/CE
                            (rising edge-triggered cell FDRE clocked by clk_out2_clk_wiz_0  {rise@0.000ns fall@5.000ns period=10.000ns})
  Path Group:             clk_out2_clk_wiz_0
  Path Type:              Hold (Min at Fast Process Corner)
  Requirement:            0.000ns  (clk_out2_clk_wiz_0 rise@0.000ns - clk_out2_clk_wiz_0 rise@0.000ns)
  Data Path Delay:        0.420ns  (logic 0.141ns (33.599%)  route 0.279ns (66.401%))
  Logic Levels:           0  
  Clock Path Skew:        0.268ns (DCD - SCD - CPR)
    Destination Clock Delay (DCD):    -0.858ns
    Source Clock Delay      (SCD):    -0.617ns
    Clock Pessimism Removal (CPR):    -0.508ns

    Location             Delay type                Incr(ns)  Path(ns)    Netlist Resource(s)
  -------------------------------------------------------------------    -------------------
                         (clock clk_out2_clk_wiz_0 rise edge)
                                                      0.000     0.000 r  
    W5                                                0.000     0.000 r  clk_100mhz (IN)
                         net (fo=0)                   0.000     0.000    clk_gen/inst/clk_in1
    W5                   IBUF (Prop_ibuf_I_O)         0.226     0.226 r  clk_gen/inst/clkin1_ibufg/O
                         net (fo=1, routed)           0.440     0.667    clk_gen/inst/clk_in1_clk_wiz_0
    MMCME2_ADV_X1Y0      MMCME2_ADV (Prop_mmcme2_adv_CLKIN1_CLKOUT1)
                                                     -2.360    -1.693 r  clk_gen/inst/mmcm_adv_inst/CLKOUT1
                         net (fo=1, routed)           0.486    -1.207    clk_gen/inst/clk_out2_clk_wiz_0
    BUFGCTRL_X0Y0        BUFG (Prop_bufg_I_O)         0.026    -1.181 r  clk_gen/inst/clkout2_buf/O
                         net (fo=137, routed)         0.564    -0.617    u_uart_rx/CLK
    SLICE_X39Y49         FDRE                                         r  u_uart_rx/valid_reg/C
  -------------------------------------------------------------------    -------------------
    SLICE_X39Y49         FDRE (Prop_fdre_C_Q)         0.141    -0.476 r  u_uart_rx/valid_reg/Q
                         net (fo=29, routed)          0.279    -0.198    u_frame_sync/uart_valid
    SLICE_X40Y50         FDRE                                         r  u_frame_sync/magic_buffer_reg[10]/CE
  -------------------------------------------------------------------    -------------------

                         (clock clk_out2_clk_wiz_0 rise edge)
                                                      0.000     0.000 r  
    W5                                                0.000     0.000 r  clk_100mhz (IN)
                         net (fo=0)                   0.000     0.000    clk_gen/inst/clk_in1
    W5                   IBUF (Prop_ibuf_I_O)         0.414     0.414 r  clk_gen/inst/clkin1_ibufg/O
                         net (fo=1, routed)           0.480     0.894    clk_gen/inst/clk_in1_clk_wiz_0
    MMCME2_ADV_X1Y0      MMCME2_ADV (Prop_mmcme2_adv_CLKIN1_CLKOUT1)
                                                     -3.142    -2.248 r  clk_gen/inst/mmcm_adv_inst/CLKOUT1
                         net (fo=1, routed)           0.530    -1.718    clk_gen/inst/clk_out2_clk_wiz_0
    BUFGCTRL_X0Y0        BUFG (Prop_bufg_I_O)         0.029    -1.689 r  clk_gen/inst/clkout2_buf/O
                         net (fo=137, routed)         0.832    -0.858    u_frame_sync/clk_out2
    SLICE_X40Y50         FDRE                                         r  u_frame_sync/magic_buffer_reg[10]/C
                         clock pessimism              0.508    -0.349    
    SLICE_X40Y50         FDRE (Hold_fdre_C_CE)       -0.039    -0.388    u_frame_sync/magic_buffer_reg[10]
  -------------------------------------------------------------------
                         required time                          0.388    
                         arrival time                          -0.198    
  -------------------------------------------------------------------
                         slack                                  0.191    

Slack (MET) :             0.191ns  (arrival time - required time)
  Source:                 u_uart_rx/valid_reg/C
                            (rising edge-triggered cell FDRE clocked by clk_out2_clk_wiz_0  {rise@0.000ns fall@5.000ns period=10.000ns})
  Destination:            u_frame_sync/magic_buffer_reg[12]/CE
                            (rising edge-triggered cell FDRE clocked by clk_out2_clk_wiz_0  {rise@0.000ns fall@5.000ns period=10.000ns})
  Path Group:             clk_out2_clk_wiz_0
  Path Type:              Hold (Min at Fast Process Corner)
  Requirement:            0.000ns  (clk_out2_clk_wiz_0 rise@0.000ns - clk_out2_clk_wiz_0 rise@0.000ns)
  Data Path Delay:        0.420ns  (logic 0.141ns (33.599%)  route 0.279ns (66.401%))
  Logic Levels:           0  
  Clock Path Skew:        0.268ns (DCD - SCD - CPR)
    Destination Clock Delay (DCD):    -0.858ns
    Source Clock Delay      (SCD):    -0.617ns
    Clock Pessimism Removal (CPR):    -0.508ns

    Location             Delay type                Incr(ns)  Path(ns)    Netlist Resource(s)
  -------------------------------------------------------------------    -------------------
                         (clock clk_out2_clk_wiz_0 rise edge)
                                                      0.000     0.000 r  
    W5                                                0.000     0.000 r  clk_100mhz (IN)
                         net (fo=0)                   0.000     0.000    clk_gen/inst/clk_in1
    W5                   IBUF (Prop_ibuf_I_O)         0.226     0.226 r  clk_gen/inst/clkin1_ibufg/O
                         net (fo=1, routed)           0.440     0.667    clk_gen/inst/clk_in1_clk_wiz_0
    MMCME2_ADV_X1Y0      MMCME2_ADV (Prop_mmcme2_adv_CLKIN1_CLKOUT1)
                                                     -2.360    -1.693 r  clk_gen/inst/mmcm_adv_inst/CLKOUT1
                         net (fo=1, routed)           0.486    -1.207    clk_gen/inst/clk_out2_clk_wiz_0
    BUFGCTRL_X0Y0        BUFG (Prop_bufg_I_O)         0.026    -1.181 r  clk_gen/inst/clkout2_buf/O
                         net (fo=137, routed)         0.564    -0.617    u_uart_rx/CLK
    SLICE_X39Y49         FDRE                                         r  u_uart_rx/valid_reg/C
  -------------------------------------------------------------------    -------------------
    SLICE_X39Y49         FDRE (Prop_fdre_C_Q)         0.141    -0.476 r  u_uart_rx/valid_reg/Q
                         net (fo=29, routed)          0.279    -0.198    u_frame_sync/uart_valid
    SLICE_X40Y50         FDRE                                         r  u_frame_sync/magic_buffer_reg[12]/CE
  -------------------------------------------------------------------    -------------------

                         (clock clk_out2_clk_wiz_0 rise edge)
                                                      0.000     0.000 r  
    W5                                                0.000     0.000 r  clk_100mhz (IN)
                         net (fo=0)                   0.000     0.000    clk_gen/inst/clk_in1
    W5                   IBUF (Prop_ibuf_I_O)         0.414     0.414 r  clk_gen/inst/clkin1_ibufg/O
                         net (fo=1, routed)           0.480     0.894    clk_gen/inst/clk_in1_clk_wiz_0
    MMCME2_ADV_X1Y0      MMCME2_ADV (Prop_mmcme2_adv_CLKIN1_CLKOUT1)
                                                     -3.142    -2.248 r  clk_gen/inst/mmcm_adv_inst/CLKOUT1
                         net (fo=1, routed)           0.530    -1.718    clk_gen/inst/clk_out2_clk_wiz_0
    BUFGCTRL_X0Y0        BUFG (Prop_bufg_I_O)         0.029    -1.689 r  clk_gen/inst/clkout2_buf/O
                         net (fo=137, routed)         0.832    -0.858    u_frame_sync/clk_out2
    SLICE_X40Y50         FDRE                                         r  u_frame_sync/magic_buffer_reg[12]/C
                         clock pessimism              0.508    -0.349    
    SLICE_X40Y50         FDRE (Hold_fdre_C_CE)       -0.039    -0.388    u_frame_sync/magic_buffer_reg[12]
  -------------------------------------------------------------------
                         required time                          0.388    
                         arrival time                          -0.198    
  -------------------------------------------------------------------
                         slack                                  0.191    

Slack (MET) :             0.191ns  (arrival time - required time)
  Source:                 u_uart_rx/valid_reg/C
                            (rising edge-triggered cell FDRE clocked by clk_out2_clk_wiz_0  {rise@0.000ns fall@5.000ns period=10.000ns})
  Destination:            u_frame_sync/magic_buffer_reg[17]/CE
                            (rising edge-triggered cell FDRE clocked by clk_out2_clk_wiz_0  {rise@0.000ns fall@5.000ns period=10.000ns})
  Path Group:             clk_out2_clk_wiz_0
  Path Type:              Hold (Min at Fast Process Corner)
  Requirement:            0.000ns  (clk_out2_clk_wiz_0 rise@0.000ns - clk_out2_clk_wiz_0 rise@0.000ns)
  Data Path Delay:        0.420ns  (logic 0.141ns (33.599%)  route 0.279ns (66.401%))
  Logic Levels:           0  
  Clock Path Skew:        0.268ns (DCD - SCD - CPR)
    Destination Clock Delay (DCD):    -0.858ns
    Source Clock Delay      (SCD):    -0.617ns
    Clock Pessimism Removal (CPR):    -0.508ns

    Location             Delay type                Incr(ns)  Path(ns)    Netlist Resource(s)
  -------------------------------------------------------------------    -------------------
                         (clock clk_out2_clk_wiz_0 rise edge)
                                                      0.000     0.000 r  
    W5                                                0.000     0.000 r  clk_100mhz (IN)
                         net (fo=0)                   0.000     0.000    clk_gen/inst/clk_in1
    W5                   IBUF (Prop_ibuf_I_O)         0.226     0.226 r  clk_gen/inst/clkin1_ibufg/O
                         net (fo=1, routed)           0.440     0.667    clk_gen/inst/clk_in1_clk_wiz_0
    MMCME2_ADV_X1Y0      MMCME2_ADV (Prop_mmcme2_adv_CLKIN1_CLKOUT1)
                                                     -2.360    -1.693 r  clk_gen/inst/mmcm_adv_inst/CLKOUT1
                         net (fo=1, routed)           0.486    -1.207    clk_gen/inst/clk_out2_clk_wiz_0
    BUFGCTRL_X0Y0        BUFG (Prop_bufg_I_O)         0.026    -1.181 r  clk_gen/inst/clkout2_buf/O
                         net (fo=137, routed)         0.564    -0.617    u_uart_rx/CLK
    SLICE_X39Y49         FDRE                                         r  u_uart_rx/valid_reg/C
  -------------------------------------------------------------------    -------------------
    SLICE_X39Y49         FDRE (Prop_fdre_C_Q)         0.141    -0.476 r  u_uart_rx/valid_reg/Q
                         net (fo=29, routed)          0.279    -0.198    u_frame_sync/uart_valid
    SLICE_X40Y50         FDRE                                         r  u_frame_sync/magic_buffer_reg[17]/CE
  -------------------------------------------------------------------    -------------------

                         (clock clk_out2_clk_wiz_0 rise edge)
                                                      0.000     0.000 r  
    W5                                                0.000     0.000 r  clk_100mhz (IN)
                         net (fo=0)                   0.000     0.000    clk_gen/inst/clk_in1
    W5                   IBUF (Prop_ibuf_I_O)         0.414     0.414 r  clk_gen/inst/clkin1_ibufg/O
                         net (fo=1, routed)           0.480     0.894    clk_gen/inst/clk_in1_clk_wiz_0
    MMCME2_ADV_X1Y0      MMCME2_ADV (Prop_mmcme2_adv_CLKIN1_CLKOUT1)
                                                     -3.142    -2.248 r  clk_gen/inst/mmcm_adv_inst/CLKOUT1
                         net (fo=1, routed)           0.530    -1.718    clk_gen/inst/clk_out2_clk_wiz_0
    BUFGCTRL_X0Y0        BUFG (Prop_bufg_I_O)         0.029    -1.689 r  clk_gen/inst/clkout2_buf/O
                         net (fo=137, routed)         0.832    -0.858    u_frame_sync/clk_out2
    SLICE_X40Y50         FDRE                                         r  u_frame_sync/magic_buffer_reg[17]/C
                         clock pessimism              0.508    -0.349    
    SLICE_X40Y50         FDRE (Hold_fdre_C_CE)       -0.039    -0.388    u_frame_sync/magic_buffer_reg[17]
  -------------------------------------------------------------------
                         required time                          0.388    
                         arrival time                          -0.198    
  -------------------------------------------------------------------
                         slack                                  0.191    





Pulse Width Checks
--------------------------------------------------------------------------------------
Clock Name:         clk_out2_clk_wiz_0
Waveform(ns):       { 0.000 5.000 }
Period(ns):         10.000
Sources:            { clk_gen/inst/mmcm_adv_inst/CLKOUT1 }

Check Type        Corner  Lib Pin             Reference Pin  Required(ns)  Actual(ns)  Slack(ns)  Location         Pin
Min Period        n/a     RAMB36E1/CLKARDCLK  n/a            2.892         10.000      7.108      RAMB36_X2Y6      u_ping_pong/ram_reg_0_4/CLKARDCLK
Min Period        n/a     RAMB36E1/CLKARDCLK  n/a            2.892         10.000      7.108      RAMB36_X2Y9      u_ping_pong/ram_reg_0_6/CLKARDCLK
Min Period        n/a     RAMB36E1/CLKARDCLK  n/a            2.892         10.000      7.108      RAMB36_X1Y4      u_ping_pong/ram_reg_1_2/CLKARDCLK
Min Period        n/a     RAMB36E1/CLKARDCLK  n/a            2.892         10.000      7.108      RAMB36_X2Y7      u_ping_pong/ram_reg_1_4/CLKARDCLK
Min Period        n/a     RAMB36E1/CLKARDCLK  n/a            2.892         10.000      7.108      RAMB36_X2Y10     u_ping_pong/ram_reg_1_6/CLKARDCLK
Min Period        n/a     RAMB36E1/CLKARDCLK  n/a            2.892         10.000      7.108      RAMB36_X0Y8      u_ping_pong/ram_reg_2_2/CLKARDCLK
Min Period        n/a     RAMB36E1/CLKARDCLK  n/a            2.892         10.000      7.108      RAMB36_X0Y6      u_ping_pong/ram_reg_2_3/CLKARDCLK
Min Period        n/a     RAMB36E1/CLKARDCLK  n/a            2.892         10.000      7.108      RAMB36_X1Y6      u_ping_pong/ram_reg_2_4/CLKARDCLK
Min Period        n/a     RAMB36E1/CLKARDCLK  n/a            2.892         10.000      7.108      RAMB36_X0Y10     u_ping_pong/ram_reg_2_5/CLKARDCLK
Min Period        n/a     RAMB36E1/CLKARDCLK  n/a            2.892         10.000      7.108      RAMB36_X1Y8      u_ping_pong/ram_reg_2_6/CLKARDCLK
Max Period        n/a     MMCME2_ADV/CLKOUT1  n/a            213.360       10.000      203.360    MMCME2_ADV_X1Y0  clk_gen/inst/mmcm_adv_inst/CLKOUT1
Low Pulse Width   Fast    FDRE/C              n/a            0.500         5.000       4.500      SLICE_X48Y46     u_frame_sync/frame_done_pulse_reg/C
Low Pulse Width   Slow    FDRE/C              n/a            0.500         5.000       4.500      SLICE_X40Y50     u_frame_sync/magic_buffer_reg[0]/C
Low Pulse Width   Fast    FDRE/C              n/a            0.500         5.000       4.500      SLICE_X40Y50     u_frame_sync/magic_buffer_reg[0]/C
Low Pulse Width   Slow    FDRE/C              n/a            0.500         5.000       4.500      SLICE_X40Y50     u_frame_sync/magic_buffer_reg[10]/C
Low Pulse Width   Fast    FDRE/C              n/a            0.500         5.000       4.500      SLICE_X40Y50     u_frame_sync/magic_buffer_reg[10]/C
Low Pulse Width   Slow    FDRE/C              n/a            0.500         5.000       4.500      SLICE_X40Y50     u_frame_sync/magic_buffer_reg[12]/C
Low Pulse Width   Fast    FDRE/C              n/a            0.500         5.000       4.500      SLICE_X40Y50     u_frame_sync/magic_buffer_reg[12]/C
Low Pulse Width   Slow    FDRE/C              n/a            0.500         5.000       4.500      SLICE_X40Y51     u_frame_sync/magic_buffer_reg[13]/C
Low Pulse Width   Fast    FDRE/C              n/a            0.500         5.000       4.500      SLICE_X40Y51     u_frame_sync/magic_buffer_reg[13]/C
Low Pulse Width   Slow    FDRE/C              n/a            0.500         5.000       4.500      SLICE_X41Y51     u_frame_sync/magic_buffer_reg[14]/C
High Pulse Width  Slow    FDRE/C              n/a            0.500         5.000       4.500      SLICE_X48Y46     u_frame_sync/frame_done_pulse_reg/C
High Pulse Width  Fast    FDRE/C              n/a            0.500         5.000       4.500      SLICE_X42Y47     u_frame_sync/frame_start_pulse_reg/C
High Pulse Width  Fast    FDRE/C              n/a            0.500         5.000       4.500      SLICE_X42Y49     u_frame_sync/magic_buffer_reg[11]/C
High Pulse Width  Fast    FDRE/C              n/a            0.500         5.000       4.500      SLICE_X42Y49     u_frame_sync/magic_buffer_reg[19]/C
High Pulse Width  Fast    FDRE/C              n/a            0.500         5.000       4.500      SLICE_X42Y49     u_frame_sync/magic_buffer_reg[20]/C
High Pulse Width  Fast    FDRE/C              n/a            0.500         5.000       4.500      SLICE_X42Y49     u_frame_sync/magic_buffer_reg[3]/C
High Pulse Width  Slow    FDRE/C              n/a            0.500         5.000       4.500      SLICE_X40Y45     u_frame_sync/pixel_counter_reg[0]/C
High Pulse Width  Fast    FDRE/C              n/a            0.500         5.000       4.500      SLICE_X40Y45     u_frame_sync/pixel_counter_reg[0]/C
High Pulse Width  Fast    FDRE/C              n/a            0.500         5.000       4.500      SLICE_X40Y47     u_frame_sync/pixel_counter_reg[10]/C
High Pulse Width  Fast    FDRE/C              n/a            0.500         5.000       4.500      SLICE_X40Y47     u_frame_sync/pixel_counter_reg[11]/C



---------------------------------------------------------------------------------------------------
From Clock:  clkfbout_clk_wiz_0
  To Clock:  clkfbout_clk_wiz_0

Setup :           NA  Failing Endpoints,  Worst Slack           NA  ,  Total Violation           NA
Hold  :           NA  Failing Endpoints,  Worst Slack           NA  ,  Total Violation           NA
PW    :            0  Failing Endpoints,  Worst Slack        7.845ns,  Total Violation        0.000ns
---------------------------------------------------------------------------------------------------


Pulse Width Checks
--------------------------------------------------------------------------------------
Clock Name:         clkfbout_clk_wiz_0
Waveform(ns):       { 0.000 5.000 }
Period(ns):         10.000
Sources:            { clk_gen/inst/mmcm_adv_inst/CLKFBOUT }

Check Type  Corner  Lib Pin              Reference Pin  Required(ns)  Actual(ns)  Slack(ns)  Location         Pin
Min Period  n/a     BUFG/I               n/a            2.155         10.000      7.845      BUFGCTRL_X0Y2    clk_gen/inst/clkf_buf/I
Min Period  n/a     MMCME2_ADV/CLKFBOUT  n/a            1.249         10.000      8.751      MMCME2_ADV_X1Y0  clk_gen/inst/mmcm_adv_inst/CLKFBOUT
Min Period  n/a     MMCME2_ADV/CLKFBIN   n/a            1.249         10.000      8.751      MMCME2_ADV_X1Y0  clk_gen/inst/mmcm_adv_inst/CLKFBIN
Max Period  n/a     MMCME2_ADV/CLKFBIN   n/a            100.000       10.000      90.000     MMCME2_ADV_X1Y0  clk_gen/inst/mmcm_adv_inst/CLKFBIN
Max Period  n/a     MMCME2_ADV/CLKFBOUT  n/a            213.360       10.000      203.360    MMCME2_ADV_X1Y0  clk_gen/inst/mmcm_adv_inst/CLKFBOUT



---------------------------------------------------------------------------------------------------
From Clock:  sys_clk_pin
  To Clock:  sys_clk_pin

Setup :           NA  Failing Endpoints,  Worst Slack           NA  ,  Total Violation           NA
Hold  :           NA  Failing Endpoints,  Worst Slack           NA  ,  Total Violation           NA
PW    :            0  Failing Endpoints,  Worst Slack        3.000ns,  Total Violation        0.000ns
---------------------------------------------------------------------------------------------------


Pulse Width Checks
--------------------------------------------------------------------------------------
Clock Name:         sys_clk_pin
Waveform(ns):       { 0.000 5.000 }
Period(ns):         10.000
Sources:            { clk_100mhz }

Check Type        Corner  Lib Pin            Reference Pin  Required(ns)  Actual(ns)  Slack(ns)  Location         Pin
Min Period        n/a     MMCME2_ADV/CLKIN1  n/a            1.249         10.000      8.751      MMCME2_ADV_X1Y0  clk_gen/inst/mmcm_adv_inst/CLKIN1
Max Period        n/a     MMCME2_ADV/CLKIN1  n/a            100.000       10.000      90.000     MMCME2_ADV_X1Y0  clk_gen/inst/mmcm_adv_inst/CLKIN1
Low Pulse Width   Fast    MMCME2_ADV/CLKIN1  n/a            2.000         5.000       3.000      MMCME2_ADV_X1Y0  clk_gen/inst/mmcm_adv_inst/CLKIN1
Low Pulse Width   Slow    MMCME2_ADV/CLKIN1  n/a            2.000         5.000       3.000      MMCME2_ADV_X1Y0  clk_gen/inst/mmcm_adv_inst/CLKIN1
High Pulse Width  Slow    MMCME2_ADV/CLKIN1  n/a            2.000         5.000       3.000      MMCME2_ADV_X1Y0  clk_gen/inst/mmcm_adv_inst/CLKIN1
High Pulse Width  Fast    MMCME2_ADV/CLKIN1  n/a            2.000         5.000       3.000      MMCME2_ADV_X1Y0  clk_gen/inst/mmcm_adv_inst/CLKIN1



---------------------------------------------------------------------------------------------------
From Clock:  clk_out1_clk_wiz_0_1
  To Clock:  clk_out1_clk_wiz_0_1

Setup :            0  Failing Endpoints,  Worst Slack       27.187ns,  Total Violation        0.000ns
Hold  :            0  Failing Endpoints,  Worst Slack        0.180ns,  Total Violation        0.000ns
PW    :            0  Failing Endpoints,  Worst Slack       19.361ns,  Total Violation        0.000ns
---------------------------------------------------------------------------------------------------


Max Delay Paths
--------------------------------------------------------------------------------------
Slack (MET) :             27.187ns  (required time - arrival time)
  Source:                 u_vga/v_count_reg[1]/C
                            (rising edge-triggered cell FDCE clocked by clk_out1_clk_wiz_0_1  {rise@0.000ns fall@19.861ns period=39.722ns})
  Destination:            u_ping_pong/ram_reg_1_7/ENBWREN
                            (rising edge-triggered cell RAMB36E1 clocked by clk_out1_clk_wiz_0_1  {rise@0.000ns fall@19.861ns period=39.722ns})
  Path Group:             clk_out1_clk_wiz_0_1
  Path Type:              Setup (Max at Slow Process Corner)
  Requirement:            39.722ns  (clk_out1_clk_wiz_0_1 rise@39.722ns - clk_out1_clk_wiz_0_1 rise@0.000ns)
  Data Path Delay:        11.911ns  (logic 3.720ns (31.232%)  route 8.191ns (68.768%))
  Logic Levels:           8  (CARRY4=5 LUT2=2 LUT3=1)
  Clock Path Skew:        -0.086ns (DCD - SCD + CPR)
    Destination Clock Delay (DCD):    -1.519ns = ( 38.203 - 39.722 ) 
    Source Clock Delay      (SCD):    -0.950ns
    Clock Pessimism Removal (CPR):    0.484ns
  Clock Uncertainty:      0.095ns  ((TSJ^2 + DJ^2)^1/2) / 2 + PE
    Total System Jitter     (TSJ):    0.071ns
    Discrete Jitter          (DJ):    0.177ns
    Phase Error              (PE):    0.000ns

    Location             Delay type                Incr(ns)  Path(ns)    Netlist Resource(s)
  -------------------------------------------------------------------    -------------------
                         (clock clk_out1_clk_wiz_0_1 rise edge)
                                                      0.000     0.000 r  
    W5                                                0.000     0.000 r  clk_100mhz (IN)
                         net (fo=0)                   0.000     0.000    clk_gen/inst/clk_in1
    W5                   IBUF (Prop_ibuf_I_O)         1.458     1.458 r  clk_gen/inst/clkin1_ibufg/O
                         net (fo=1, routed)           1.233     2.691    clk_gen/inst/clk_in1_clk_wiz_0
    MMCME2_ADV_X1Y0      MMCME2_ADV (Prop_mmcme2_adv_CLKIN1_CLKOUT0)
                                                     -6.961    -4.269 r  clk_gen/inst/mmcm_adv_inst/CLKOUT0
                         net (fo=1, routed)           1.661    -2.608    clk_gen/inst/clk_out1_clk_wiz_0
    BUFGCTRL_X0Y1        BUFG (Prop_bufg_I_O)         0.096    -2.512 r  clk_gen/inst/clkout1_buf/O
                         net (fo=55, routed)          1.562    -0.950    u_vga/CLK
    SLICE_X39Y38         FDCE                                         r  u_vga/v_count_reg[1]/C
  -------------------------------------------------------------------    -------------------
    SLICE_X39Y38         FDCE (Prop_fdce_C_Q)         0.456    -0.494 r  u_vga/v_count_reg[1]/Q
                         net (fo=11, routed)          0.886     0.392    u_vga/v_count_reg_n_0_[1]
    SLICE_X36Y38         LUT2 (Prop_lut2_I1_O)        0.124     0.516 r  u_vga/ram_reg_0_2_i_12/O
                         net (fo=1, routed)           0.000     0.516    u_vga/ram_reg_0_2_i_12_n_0
    SLICE_X36Y38         CARRY4 (Prop_carry4_S[1]_CO[3])
                                                      0.550     1.066 r  u_vga/ram_reg_0_2_i_6/CO[3]
                         net (fo=1, routed)           0.000     1.066    u_vga/ram_reg_0_2_i_6_n_0
    SLICE_X36Y39         CARRY4 (Prop_carry4_CI_O[0])
                                                      0.222     1.288 r  u_vga/rd_addr_final__0_carry_i_8/O[0]
                         net (fo=1, routed)           0.582     1.870    u_vga/frame_rd_addr0[11]
    SLICE_X37Y39         CARRY4 (Prop_carry4_S[1]_CO[3])
                                                      0.849     2.719 r  u_vga/rd_addr_final__0_carry_i_2/CO[3]
                         net (fo=1, routed)           0.000     2.719    u_vga/rd_addr_final__0_carry_i_2_n_0
    SLICE_X37Y40         CARRY4 (Prop_carry4_CI_O[1])
                                                      0.334     3.053 r  u_vga/rd_addr_final__0_carry__0_i_1/O[1]
                         net (fo=3, routed)           1.005     4.057    u_ping_pong/frame_rd_addr__0[5]
    SLICE_X39Y40         LUT3 (Prop_lut3_I2_O)        0.303     4.360 r  u_ping_pong/rd_addr_final__0_carry__0_i_5/O
                         net (fo=1, routed)           0.000     4.360    u_ping_pong/rd_addr_final__0_carry__0_i_5_n_0
    SLICE_X39Y40         CARRY4 (Prop_carry4_S[1]_O[2])
                                                      0.580     4.940 f  u_ping_pong/rd_addr_final__0_carry__0/O[2]
                         net (fo=4, routed)           0.829     5.770    u_ping_pong/rd_addr_final[16]
    SLICE_X41Y40         LUT2 (Prop_lut2_I1_O)        0.302     6.072 r  u_ping_pong/ram_reg_0_2_i_2/O
                         net (fo=12, routed)          4.889    10.961    u_ping_pong/ram_reg_0_2_i_2_n_0
    RAMB36_X1Y13         RAMB36E1                                     r  u_ping_pong/ram_reg_1_7/ENBWREN
  -------------------------------------------------------------------    -------------------

                         (clock clk_out1_clk_wiz_0_1 rise edge)
                                                     39.722    39.722 r  
    W5                                                0.000    39.722 r  clk_100mhz (IN)
                         net (fo=0)                   0.000    39.722    clk_gen/inst/clk_in1
    W5                   IBUF (Prop_ibuf_I_O)         1.388    41.110 r  clk_gen/inst/clkin1_ibufg/O
                         net (fo=1, routed)           1.162    42.272    clk_gen/inst/clk_in1_clk_wiz_0
    MMCME2_ADV_X1Y0      MMCME2_ADV (Prop_mmcme2_adv_CLKIN1_CLKOUT0)
                                                     -7.217    35.055 r  clk_gen/inst/mmcm_adv_inst/CLKOUT0
                         net (fo=1, routed)           1.581    36.636    clk_gen/inst/clk_out1_clk_wiz_0
    BUFGCTRL_X0Y1        BUFG (Prop_bufg_I_O)         0.091    36.727 r  clk_gen/inst/clkout1_buf/O
                         net (fo=55, routed)          1.476    38.203    u_ping_pong/clk_out1
    RAMB36_X1Y13         RAMB36E1                                     r  u_ping_pong/ram_reg_1_7/CLKBWRCLK
                         clock pessimism              0.484    38.686    
                         clock uncertainty           -0.095    38.591    
    RAMB36_X1Y13         RAMB36E1 (Setup_ramb36e1_CLKBWRCLK_ENBWREN)
                                                     -0.443    38.148    u_ping_pong/ram_reg_1_7
  -------------------------------------------------------------------
                         required time                         38.148    
                         arrival time                         -10.961    
  -------------------------------------------------------------------
                         slack                                 27.187    

Slack (MET) :             27.393ns  (required time - arrival time)
  Source:                 u_vga/v_count_reg[1]/C
                            (rising edge-triggered cell FDCE clocked by clk_out1_clk_wiz_0_1  {rise@0.000ns fall@19.861ns period=39.722ns})
  Destination:            u_ping_pong/ram_reg_0_7/ENBWREN
                            (rising edge-triggered cell RAMB36E1 clocked by clk_out1_clk_wiz_0_1  {rise@0.000ns fall@19.861ns period=39.722ns})
  Path Group:             clk_out1_clk_wiz_0_1
  Path Type:              Setup (Max at Slow Process Corner)
  Requirement:            39.722ns  (clk_out1_clk_wiz_0_1 rise@39.722ns - clk_out1_clk_wiz_0_1 rise@0.000ns)
  Data Path Delay:        11.709ns  (logic 3.720ns (31.772%)  route 7.989ns (68.228%))
  Logic Levels:           8  (CARRY4=5 LUT2=2 LUT3=1)
  Clock Path Skew:        -0.082ns (DCD - SCD + CPR)
    Destination Clock Delay (DCD):    -1.515ns = ( 38.207 - 39.722 ) 
    Source Clock Delay      (SCD):    -0.950ns
    Clock Pessimism Removal (CPR):    0.484ns
  Clock Uncertainty:      0.095ns  ((TSJ^2 + DJ^2)^1/2) / 2 + PE
    Total System Jitter     (TSJ):    0.071ns
    Discrete Jitter          (DJ):    0.177ns
    Phase Error              (PE):    0.000ns

    Location             Delay type                Incr(ns)  Path(ns)    Netlist Resource(s)
  -------------------------------------------------------------------    -------------------
                         (clock clk_out1_clk_wiz_0_1 rise edge)
                                                      0.000     0.000 r  
    W5                                                0.000     0.000 r  clk_100mhz (IN)
                         net (fo=0)                   0.000     0.000    clk_gen/inst/clk_in1
    W5                   IBUF (Prop_ibuf_I_O)         1.458     1.458 r  clk_gen/inst/clkin1_ibufg/O
                         net (fo=1, routed)           1.233     2.691    clk_gen/inst/clk_in1_clk_wiz_0
    MMCME2_ADV_X1Y0      MMCME2_ADV (Prop_mmcme2_adv_CLKIN1_CLKOUT0)
                                                     -6.961    -4.269 r  clk_gen/inst/mmcm_adv_inst/CLKOUT0
                         net (fo=1, routed)           1.661    -2.608    clk_gen/inst/clk_out1_clk_wiz_0
    BUFGCTRL_X0Y1        BUFG (Prop_bufg_I_O)         0.096    -2.512 r  clk_gen/inst/clkout1_buf/O
                         net (fo=55, routed)          1.562    -0.950    u_vga/CLK
    SLICE_X39Y38         FDCE                                         r  u_vga/v_count_reg[1]/C
  -------------------------------------------------------------------    -------------------
    SLICE_X39Y38         FDCE (Prop_fdce_C_Q)         0.456    -0.494 r  u_vga/v_count_reg[1]/Q
                         net (fo=11, routed)          0.886     0.392    u_vga/v_count_reg_n_0_[1]
    SLICE_X36Y38         LUT2 (Prop_lut2_I1_O)        0.124     0.516 r  u_vga/ram_reg_0_2_i_12/O
                         net (fo=1, routed)           0.000     0.516    u_vga/ram_reg_0_2_i_12_n_0
    SLICE_X36Y38         CARRY4 (Prop_carry4_S[1]_CO[3])
                                                      0.550     1.066 r  u_vga/ram_reg_0_2_i_6/CO[3]
                         net (fo=1, routed)           0.000     1.066    u_vga/ram_reg_0_2_i_6_n_0
    SLICE_X36Y39         CARRY4 (Prop_carry4_CI_O[0])
                                                      0.222     1.288 r  u_vga/rd_addr_final__0_carry_i_8/O[0]
                         net (fo=1, routed)           0.582     1.870    u_vga/frame_rd_addr0[11]
    SLICE_X37Y39         CARRY4 (Prop_carry4_S[1]_CO[3])
                                                      0.849     2.719 r  u_vga/rd_addr_final__0_carry_i_2/CO[3]
                         net (fo=1, routed)           0.000     2.719    u_vga/rd_addr_final__0_carry_i_2_n_0
    SLICE_X37Y40         CARRY4 (Prop_carry4_CI_O[1])
                                                      0.334     3.053 r  u_vga/rd_addr_final__0_carry__0_i_1/O[1]
                         net (fo=3, routed)           1.005     4.057    u_ping_pong/frame_rd_addr__0[5]
    SLICE_X39Y40         LUT3 (Prop_lut3_I2_O)        0.303     4.360 r  u_ping_pong/rd_addr_final__0_carry__0_i_5/O
                         net (fo=1, routed)           0.000     4.360    u_ping_pong/rd_addr_final__0_carry__0_i_5_n_0
    SLICE_X39Y40         CARRY4 (Prop_carry4_S[1]_O[2])
                                                      0.580     4.940 f  u_ping_pong/rd_addr_final__0_carry__0/O[2]
                         net (fo=4, routed)           0.829     5.770    u_ping_pong/rd_addr_final[16]
    SLICE_X41Y40         LUT2 (Prop_lut2_I1_O)        0.302     6.072 r  u_ping_pong/ram_reg_0_2_i_2/O
                         net (fo=12, routed)          4.687    10.759    u_ping_pong/ram_reg_0_2_i_2_n_0
    RAMB36_X1Y12         RAMB36E1                                     r  u_ping_pong/ram_reg_0_7/ENBWREN
  -------------------------------------------------------------------    -------------------

                         (clock clk_out1_clk_wiz_0_1 rise edge)
                                                     39.722    39.722 r  
    W5                                                0.000    39.722 r  clk_100mhz (IN)
                         net (fo=0)                   0.000    39.722    clk_gen/inst/clk_in1
    W5                   IBUF (Prop_ibuf_I_O)         1.388    41.110 r  clk_gen/inst/clkin1_ibufg/O
                         net (fo=1, routed)           1.162    42.272    clk_gen/inst/clk_in1_clk_wiz_0
    MMCME2_ADV_X1Y0      MMCME2_ADV (Prop_mmcme2_adv_CLKIN1_CLKOUT0)
                                                     -7.217    35.055 r  clk_gen/inst/mmcm_adv_inst/CLKOUT0
                         net (fo=1, routed)           1.581    36.636    clk_gen/inst/clk_out1_clk_wiz_0
    BUFGCTRL_X0Y1        BUFG (Prop_bufg_I_O)         0.091    36.727 r  clk_gen/inst/clkout1_buf/O
                         net (fo=55, routed)          1.480    38.207    u_ping_pong/clk_out1
    RAMB36_X1Y12         RAMB36E1                                     r  u_ping_pong/ram_reg_0_7/CLKBWRCLK
                         clock pessimism              0.484    38.690    
                         clock uncertainty           -0.095    38.595    
    RAMB36_X1Y12         RAMB36E1 (Setup_ramb36e1_CLKBWRCLK_ENBWREN)
                                                     -0.443    38.152    u_ping_pong/ram_reg_0_7
  -------------------------------------------------------------------
                         required time                         38.152    
                         arrival time                         -10.759    
  -------------------------------------------------------------------
                         slack                                 27.393    

Slack (MET) :             27.883ns  (required time - arrival time)
  Source:                 u_vga/v_count_reg[1]/C
                            (rising edge-triggered cell FDCE clocked by clk_out1_clk_wiz_0_1  {rise@0.000ns fall@19.861ns period=39.722ns})
  Destination:            u_ping_pong/ram_reg_2_2__0/ENBWREN
                            (rising edge-triggered cell RAMB36E1 clocked by clk_out1_clk_wiz_0_1  {rise@0.000ns fall@19.861ns period=39.722ns})
  Path Group:             clk_out1_clk_wiz_0_1
  Path Type:              Setup (Max at Slow Process Corner)
  Requirement:            39.722ns  (clk_out1_clk_wiz_0_1 rise@39.722ns - clk_out1_clk_wiz_0_1 rise@0.000ns)
  Data Path Delay:        11.210ns  (logic 3.720ns (33.186%)  route 7.490ns (66.814%))
  Logic Levels:           8  (CARRY4=5 LUT2=1 LUT3=2)
  Clock Path Skew:        -0.091ns (DCD - SCD + CPR)
    Destination Clock Delay (DCD):    -1.524ns = ( 38.198 - 39.722 ) 
    Source Clock Delay      (SCD):    -0.950ns
    Clock Pessimism Removal (CPR):    0.484ns
  Clock Uncertainty:      0.095ns  ((TSJ^2 + DJ^2)^1/2) / 2 + PE
    Total System Jitter     (TSJ):    0.071ns
    Discrete Jitter          (DJ):    0.177ns
    Phase Error              (PE):    0.000ns

    Location             Delay type                Incr(ns)  Path(ns)    Netlist Resource(s)
  -------------------------------------------------------------------    -------------------
                         (clock clk_out1_clk_wiz_0_1 rise edge)
                                                      0.000     0.000 r  
    W5                                                0.000     0.000 r  clk_100mhz (IN)
                         net (fo=0)                   0.000     0.000    clk_gen/inst/clk_in1
    W5                   IBUF (Prop_ibuf_I_O)         1.458     1.458 r  clk_gen/inst/clkin1_ibufg/O
                         net (fo=1, routed)           1.233     2.691    clk_gen/inst/clk_in1_clk_wiz_0
    MMCME2_ADV_X1Y0      MMCME2_ADV (Prop_mmcme2_adv_CLKIN1_CLKOUT0)
                                                     -6.961    -4.269 r  clk_gen/inst/mmcm_adv_inst/CLKOUT0
                         net (fo=1, routed)           1.661    -2.608    clk_gen/inst/clk_out1_clk_wiz_0
    BUFGCTRL_X0Y1        BUFG (Prop_bufg_I_O)         0.096    -2.512 r  clk_gen/inst/clkout1_buf/O
                         net (fo=55, routed)          1.562    -0.950    u_vga/CLK
    SLICE_X39Y38         FDCE                                         r  u_vga/v_count_reg[1]/C
  -------------------------------------------------------------------    -------------------
    SLICE_X39Y38         FDCE (Prop_fdce_C_Q)         0.456    -0.494 r  u_vga/v_count_reg[1]/Q
                         net (fo=11, routed)          0.886     0.392    u_vga/v_count_reg_n_0_[1]
    SLICE_X36Y38         LUT2 (Prop_lut2_I1_O)        0.124     0.516 r  u_vga/ram_reg_0_2_i_12/O
                         net (fo=1, routed)           0.000     0.516    u_vga/ram_reg_0_2_i_12_n_0
    SLICE_X36Y38         CARRY4 (Prop_carry4_S[1]_CO[3])
                                                      0.550     1.066 r  u_vga/ram_reg_0_2_i_6/CO[3]
                         net (fo=1, routed)           0.000     1.066    u_vga/ram_reg_0_2_i_6_n_0
    SLICE_X36Y39         CARRY4 (Prop_carry4_CI_O[0])
                                                      0.222     1.288 r  u_vga/rd_addr_final__0_carry_i_8/O[0]
                         net (fo=1, routed)           0.582     1.870    u_vga/frame_rd_addr0[11]
    SLICE_X37Y39         CARRY4 (Prop_carry4_S[1]_CO[3])
                                                      0.849     2.719 r  u_vga/rd_addr_final__0_carry_i_2/CO[3]
                         net (fo=1, routed)           0.000     2.719    u_vga/rd_addr_final__0_carry_i_2_n_0
    SLICE_X37Y40         CARRY4 (Prop_carry4_CI_O[1])
                                                      0.334     3.053 r  u_vga/rd_addr_final__0_carry__0_i_1/O[1]
                         net (fo=3, routed)           1.005     4.057    u_ping_pong/frame_rd_addr__0[5]
    SLICE_X39Y40         LUT3 (Prop_lut3_I2_O)        0.303     4.360 r  u_ping_pong/rd_addr_final__0_carry__0_i_5/O
                         net (fo=1, routed)           0.000     4.360    u_ping_pong/rd_addr_final__0_carry__0_i_5_n_0
    SLICE_X39Y40         CARRY4 (Prop_carry4_S[1]_O[2])
                                                      0.580     4.940 f  u_ping_pong/rd_addr_final__0_carry__0/O[2]
                         net (fo=4, routed)           0.830     5.771    u_ping_pong/rd_addr_final[16]
    SLICE_X41Y40         LUT3 (Prop_lut3_I2_O)        0.302     6.073 r  u_ping_pong/ram_reg_2_2__0_i_2/O
                         net (fo=6, routed)           4.187    10.260    u_ping_pong/ram_reg_2_2__0_i_2_n_0
    RAMB36_X1Y14         RAMB36E1                                     r  u_ping_pong/ram_reg_2_2__0/ENBWREN
  -------------------------------------------------------------------    -------------------

                         (clock clk_out1_clk_wiz_0_1 rise edge)
                                                     39.722    39.722 r  
    W5                                                0.000    39.722 r  clk_100mhz (IN)
                         net (fo=0)                   0.000    39.722    clk_gen/inst/clk_in1
    W5                   IBUF (Prop_ibuf_I_O)         1.388    41.110 r  clk_gen/inst/clkin1_ibufg/O
                         net (fo=1, routed)           1.162    42.272    clk_gen/inst/clk_in1_clk_wiz_0
    MMCME2_ADV_X1Y0      MMCME2_ADV (Prop_mmcme2_adv_CLKIN1_CLKOUT0)
                                                     -7.217    35.055 r  clk_gen/inst/mmcm_adv_inst/CLKOUT0
                         net (fo=1, routed)           1.581    36.636    clk_gen/inst/clk_out1_clk_wiz_0
    BUFGCTRL_X0Y1        BUFG (Prop_bufg_I_O)         0.091    36.727 r  clk_gen/inst/clkout1_buf/O
                         net (fo=55, routed)          1.471    38.198    u_ping_pong/clk_out1
    RAMB36_X1Y14         RAMB36E1                                     r  u_ping_pong/ram_reg_2_2__0/CLKBWRCLK
                         clock pessimism              0.484    38.681    
                         clock uncertainty           -0.095    38.586    
    RAMB36_X1Y14         RAMB36E1 (Setup_ramb36e1_CLKBWRCLK_ENBWREN)
                                                     -0.443    38.143    u_ping_pong/ram_reg_2_2__0
  -------------------------------------------------------------------
                         required time                         38.143    
                         arrival time                         -10.260    
  -------------------------------------------------------------------
                         slack                                 27.883    

Slack (MET) :             28.104ns  (required time - arrival time)
  Source:                 u_vga/v_count_reg[1]/C
                            (rising edge-triggered cell FDCE clocked by clk_out1_clk_wiz_0_1  {rise@0.000ns fall@19.861ns period=39.722ns})
  Destination:            u_ping_pong/ram_reg_1_5/ENBWREN
                            (rising edge-triggered cell RAMB36E1 clocked by clk_out1_clk_wiz_0_1  {rise@0.000ns fall@19.861ns period=39.722ns})
  Path Group:             clk_out1_clk_wiz_0_1
  Path Type:              Setup (Max at Slow Process Corner)
  Requirement:            39.722ns  (clk_out1_clk_wiz_0_1 rise@39.722ns - clk_out1_clk_wiz_0_1 rise@0.000ns)
  Data Path Delay:        11.000ns  (logic 3.720ns (33.818%)  route 7.280ns (66.182%))
  Logic Levels:           8  (CARRY4=5 LUT2=2 LUT3=1)
  Clock Path Skew:        -0.080ns (DCD - SCD + CPR)
    Destination Clock Delay (DCD):    -1.513ns = ( 38.209 - 39.722 ) 
    Source Clock Delay      (SCD):    -0.950ns
    Clock Pessimism Removal (CPR):    0.484ns
  Clock Uncertainty:      0.095ns  ((TSJ^2 + DJ^2)^1/2) / 2 + PE
    Total System Jitter     (TSJ):    0.071ns
    Discrete Jitter          (DJ):    0.177ns
    Phase Error              (PE):    0.000ns

    Location             Delay type                Incr(ns)  Path(ns)    Netlist Resource(s)
  -------------------------------------------------------------------    -------------------
                         (clock clk_out1_clk_wiz_0_1 rise edge)
                                                      0.000     0.000 r  
    W5                                                0.000     0.000 r  clk_100mhz (IN)
                         net (fo=0)                   0.000     0.000    clk_gen/inst/clk_in1
    W5                   IBUF (Prop_ibuf_I_O)         1.458     1.458 r  clk_gen/inst/clkin1_ibufg/O
                         net (fo=1, routed)           1.233     2.691    clk_gen/inst/clk_in1_clk_wiz_0
    MMCME2_ADV_X1Y0      MMCME2_ADV (Prop_mmcme2_adv_CLKIN1_CLKOUT0)
                                                     -6.961    -4.269 r  clk_gen/inst/mmcm_adv_inst/CLKOUT0
                         net (fo=1, routed)           1.661    -2.608    clk_gen/inst/clk_out1_clk_wiz_0
    BUFGCTRL_X0Y1        BUFG (Prop_bufg_I_O)         0.096    -2.512 r  clk_gen/inst/clkout1_buf/O
                         net (fo=55, routed)          1.562    -0.950    u_vga/CLK
    SLICE_X39Y38         FDCE                                         r  u_vga/v_count_reg[1]/C
  -------------------------------------------------------------------    -------------------
    SLICE_X39Y38         FDCE (Prop_fdce_C_Q)         0.456    -0.494 r  u_vga/v_count_reg[1]/Q
                         net (fo=11, routed)          0.886     0.392    u_vga/v_count_reg_n_0_[1]
    SLICE_X36Y38         LUT2 (Prop_lut2_I1_O)        0.124     0.516 r  u_vga/ram_reg_0_2_i_12/O
                         net (fo=1, routed)           0.000     0.516    u_vga/ram_reg_0_2_i_12_n_0
    SLICE_X36Y38         CARRY4 (Prop_carry4_S[1]_CO[3])
                                                      0.550     1.066 r  u_vga/ram_reg_0_2_i_6/CO[3]
                         net (fo=1, routed)           0.000     1.066    u_vga/ram_reg_0_2_i_6_n_0
    SLICE_X36Y39         CARRY4 (Prop_carry4_CI_O[0])
                                                      0.222     1.288 r  u_vga/rd_addr_final__0_carry_i_8/O[0]
                         net (fo=1, routed)           0.582     1.870    u_vga/frame_rd_addr0[11]
    SLICE_X37Y39         CARRY4 (Prop_carry4_S[1]_CO[3])
                                                      0.849     2.719 r  u_vga/rd_addr_final__0_carry_i_2/CO[3]
                         net (fo=1, routed)           0.000     2.719    u_vga/rd_addr_final__0_carry_i_2_n_0
    SLICE_X37Y40         CARRY4 (Prop_carry4_CI_O[1])
                                                      0.334     3.053 r  u_vga/rd_addr_final__0_carry__0_i_1/O[1]
                         net (fo=3, routed)           1.005     4.057    u_ping_pong/frame_rd_addr__0[5]
    SLICE_X39Y40         LUT3 (Prop_lut3_I2_O)        0.303     4.360 r  u_ping_pong/rd_addr_final__0_carry__0_i_5/O
                         net (fo=1, routed)           0.000     4.360    u_ping_pong/rd_addr_final__0_carry__0_i_5_n_0
    SLICE_X39Y40         CARRY4 (Prop_carry4_S[1]_O[2])
                                                      0.580     4.940 f  u_ping_pong/rd_addr_final__0_carry__0/O[2]
                         net (fo=4, routed)           0.829     5.770    u_ping_pong/rd_addr_final[16]
    SLICE_X41Y40         LUT2 (Prop_lut2_I1_O)        0.302     6.072 r  u_ping_pong/ram_reg_0_2_i_2/O
                         net (fo=12, routed)          3.979    10.051    u_ping_pong/ram_reg_0_2_i_2_n_0
    RAMB36_X2Y12         RAMB36E1                                     r  u_ping_pong/ram_reg_1_5/ENBWREN
  -------------------------------------------------------------------    -------------------

                         (clock clk_out1_clk_wiz_0_1 rise edge)
                                                     39.722    39.722 r  
    W5                                                0.000    39.722 r  clk_100mhz (IN)
                         net (fo=0)                   0.000    39.722    clk_gen/inst/clk_in1
    W5                   IBUF (Prop_ibuf_I_O)         1.388    41.110 r  clk_gen/inst/clkin1_ibufg/O
                         net (fo=1, routed)           1.162    42.272    clk_gen/inst/clk_in1_clk_wiz_0
    MMCME2_ADV_X1Y0      MMCME2_ADV (Prop_mmcme2_adv_CLKIN1_CLKOUT0)
                                                     -7.217    35.055 r  clk_gen/inst/mmcm_adv_inst/CLKOUT0
                         net (fo=1, routed)           1.581    36.636    clk_gen/inst/clk_out1_clk_wiz_0
    BUFGCTRL_X0Y1        BUFG (Prop_bufg_I_O)         0.091    36.727 r  clk_gen/inst/clkout1_buf/O
                         net (fo=55, routed)          1.482    38.209    u_ping_pong/clk_out1
    RAMB36_X2Y12         RAMB36E1                                     r  u_ping_pong/ram_reg_1_5/CLKBWRCLK
                         clock pessimism              0.484    38.692    
                         clock uncertainty           -0.095    38.597    
    RAMB36_X2Y12         RAMB36E1 (Setup_ramb36e1_CLKBWRCLK_ENBWREN)
                                                     -0.443    38.154    u_ping_pong/ram_reg_1_5
  -------------------------------------------------------------------
                         required time                         38.154    
                         arrival time                         -10.051    
  -------------------------------------------------------------------
                         slack                                 28.104    

Slack (MET) :             28.170ns  (required time - arrival time)
  Source:                 u_vga/v_count_reg[1]/C
                            (rising edge-triggered cell FDCE clocked by clk_out1_clk_wiz_0_1  {rise@0.000ns fall@19.861ns period=39.722ns})
  Destination:            u_ping_pong/ram_reg_0_5/ENBWREN
                            (rising edge-triggered cell RAMB36E1 clocked by clk_out1_clk_wiz_0_1  {rise@0.000ns fall@19.861ns period=39.722ns})
  Path Group:             clk_out1_clk_wiz_0_1
  Path Type:              Setup (Max at Slow Process Corner)
  Requirement:            39.722ns  (clk_out1_clk_wiz_0_1 rise@39.722ns - clk_out1_clk_wiz_0_1 rise@0.000ns)
  Data Path Delay:        10.937ns  (logic 3.720ns (34.013%)  route 7.217ns (65.987%))
  Logic Levels:           8  (CARRY4=5 LUT2=2 LUT3=1)
  Clock Path Skew:        -0.077ns (DCD - SCD + CPR)
    Destination Clock Delay (DCD):    -1.510ns = ( 38.212 - 39.722 ) 
    Source Clock Delay      (SCD):    -0.950ns
    Clock Pessimism Removal (CPR):    0.484ns
  Clock Uncertainty:      0.095ns  ((TSJ^2 + DJ^2)^1/2) / 2 + PE
    Total System Jitter     (TSJ):    0.071ns
    Discrete Jitter          (DJ):    0.177ns
    Phase Error              (PE):    0.000ns

    Location             Delay type                Incr(ns)  Path(ns)    Netlist Resource(s)
  -------------------------------------------------------------------    -------------------
                         (clock clk_out1_clk_wiz_0_1 rise edge)
                                                      0.000     0.000 r  
    W5                                                0.000     0.000 r  clk_100mhz (IN)
                         net (fo=0)                   0.000     0.000    clk_gen/inst/clk_in1
    W5                   IBUF (Prop_ibuf_I_O)         1.458     1.458 r  clk_gen/inst/clkin1_ibufg/O
                         net (fo=1, routed)           1.233     2.691    clk_gen/inst/clk_in1_clk_wiz_0
    MMCME2_ADV_X1Y0      MMCME2_ADV (Prop_mmcme2_adv_CLKIN1_CLKOUT0)
                                                     -6.961    -4.269 r  clk_gen/inst/mmcm_adv_inst/CLKOUT0
                         net (fo=1, routed)           1.661    -2.608    clk_gen/inst/clk_out1_clk_wiz_0
    BUFGCTRL_X0Y1        BUFG (Prop_bufg_I_O)         0.096    -2.512 r  clk_gen/inst/clkout1_buf/O
                         net (fo=55, routed)          1.562    -0.950    u_vga/CLK
    SLICE_X39Y38         FDCE                                         r  u_vga/v_count_reg[1]/C
  -------------------------------------------------------------------    -------------------
    SLICE_X39Y38         FDCE (Prop_fdce_C_Q)         0.456    -0.494 r  u_vga/v_count_reg[1]/Q
                         net (fo=11, routed)          0.886     0.392    u_vga/v_count_reg_n_0_[1]
    SLICE_X36Y38         LUT2 (Prop_lut2_I1_O)        0.124     0.516 r  u_vga/ram_reg_0_2_i_12/O
                         net (fo=1, routed)           0.000     0.516    u_vga/ram_reg_0_2_i_12_n_0
    SLICE_X36Y38         CARRY4 (Prop_carry4_S[1]_CO[3])
                                                      0.550     1.066 r  u_vga/ram_reg_0_2_i_6/CO[3]
                         net (fo=1, routed)           0.000     1.066    u_vga/ram_reg_0_2_i_6_n_0
    SLICE_X36Y39         CARRY4 (Prop_carry4_CI_O[0])
                                                      0.222     1.288 r  u_vga/rd_addr_final__0_carry_i_8/O[0]
                         net (fo=1, routed)           0.582     1.870    u_vga/frame_rd_addr0[11]
    SLICE_X37Y39         CARRY4 (Prop_carry4_S[1]_CO[3])
                                                      0.849     2.719 r  u_vga/rd_addr_final__0_carry_i_2/CO[3]
                         net (fo=1, routed)           0.000     2.719    u_vga/rd_addr_final__0_carry_i_2_n_0
    SLICE_X37Y40         CARRY4 (Prop_carry4_CI_O[1])
                                                      0.334     3.053 r  u_vga/rd_addr_final__0_carry__0_i_1/O[1]
                         net (fo=3, routed)           1.005     4.057    u_ping_pong/frame_rd_addr__0[5]
    SLICE_X39Y40         LUT3 (Prop_lut3_I2_O)        0.303     4.360 r  u_ping_pong/rd_addr_final__0_carry__0_i_5/O
                         net (fo=1, routed)           0.000     4.360    u_ping_pong/rd_addr_final__0_carry__0_i_5_n_0
    SLICE_X39Y40         CARRY4 (Prop_carry4_S[1]_O[2])
                                                      0.580     4.940 f  u_ping_pong/rd_addr_final__0_carry__0/O[2]
                         net (fo=4, routed)           0.829     5.770    u_ping_pong/rd_addr_final[16]
    SLICE_X41Y40         LUT2 (Prop_lut2_I1_O)        0.302     6.072 r  u_ping_pong/ram_reg_0_2_i_2/O
                         net (fo=12, routed)          3.916     9.988    u_ping_pong/ram_reg_0_2_i_2_n_0
    RAMB36_X2Y11         RAMB36E1                                     r  u_ping_pong/ram_reg_0_5/ENBWREN
  -------------------------------------------------------------------    -------------------

                         (clock clk_out1_clk_wiz_0_1 rise edge)
                                                     39.722    39.722 r  
    W5                                                0.000    39.722 r  clk_100mhz (IN)
                         net (fo=0)                   0.000    39.722    clk_gen/inst/clk_in1
    W5                   IBUF (Prop_ibuf_I_O)         1.388    41.110 r  clk_gen/inst/clkin1_ibufg/O
                         net (fo=1, routed)           1.162    42.272    clk_gen/inst/clk_in1_clk_wiz_0
    MMCME2_ADV_X1Y0      MMCME2_ADV (Prop_mmcme2_adv_CLKIN1_CLKOUT0)
                                                     -7.217    35.055 r  clk_gen/inst/mmcm_adv_inst/CLKOUT0
                         net (fo=1, routed)           1.581    36.636    clk_gen/inst/clk_out1_clk_wiz_0
    BUFGCTRL_X0Y1        BUFG (Prop_bufg_I_O)         0.091    36.727 r  clk_gen/inst/clkout1_buf/O
                         net (fo=55, routed)          1.485    38.212    u_ping_pong/clk_out1
    RAMB36_X2Y11         RAMB36E1                                     r  u_ping_pong/ram_reg_0_5/CLKBWRCLK
                         clock pessimism              0.484    38.695    
                         clock uncertainty           -0.095    38.600    
    RAMB36_X2Y11         RAMB36E1 (Setup_ramb36e1_CLKBWRCLK_ENBWREN)
                                                     -0.443    38.157    u_ping_pong/ram_reg_0_5
  -------------------------------------------------------------------
                         required time                         38.157    
                         arrival time                          -9.988    
  -------------------------------------------------------------------
                         slack                                 28.170    

Slack (MET) :             28.579ns  (required time - arrival time)
  Source:                 u_vga/v_count_reg[1]/C
                            (rising edge-triggered cell FDCE clocked by clk_out1_clk_wiz_0_1  {rise@0.000ns fall@19.861ns period=39.722ns})
  Destination:            u_ping_pong/ram_reg_2_7__0/ENBWREN
                            (rising edge-triggered cell RAMB36E1 clocked by clk_out1_clk_wiz_0_1  {rise@0.000ns fall@19.861ns period=39.722ns})
  Path Group:             clk_out1_clk_wiz_0_1
  Path Type:              Setup (Max at Slow Process Corner)
  Requirement:            39.722ns  (clk_out1_clk_wiz_0_1 rise@39.722ns - clk_out1_clk_wiz_0_1 rise@0.000ns)
  Data Path Delay:        10.516ns  (logic 3.720ns (35.376%)  route 6.796ns (64.624%))
  Logic Levels:           8  (CARRY4=5 LUT2=1 LUT3=2)
  Clock Path Skew:        -0.089ns (DCD - SCD + CPR)
    Destination Clock Delay (DCD):    -1.522ns = ( 38.200 - 39.722 ) 
    Source Clock Delay      (SCD):    -0.950ns
    Clock Pessimism Removal (CPR):    0.484ns
  Clock Uncertainty:      0.095ns  ((TSJ^2 + DJ^2)^1/2) / 2 + PE
    Total System Jitter     (TSJ):    0.071ns
    Discrete Jitter          (DJ):    0.177ns
    Phase Error              (PE):    0.000ns

    Location             Delay type                Incr(ns)  Path(ns)    Netlist Resource(s)
  -------------------------------------------------------------------    -------------------
                         (clock clk_out1_clk_wiz_0_1 rise edge)
                                                      0.000     0.000 r  
    W5                                                0.000     0.000 r  clk_100mhz (IN)
                         net (fo=0)                   0.000     0.000    clk_gen/inst/clk_in1
    W5                   IBUF (Prop_ibuf_I_O)         1.458     1.458 r  clk_gen/inst/clkin1_ibufg/O
                         net (fo=1, routed)           1.233     2.691    clk_gen/inst/clk_in1_clk_wiz_0
    MMCME2_ADV_X1Y0      MMCME2_ADV (Prop_mmcme2_adv_CLKIN1_CLKOUT0)
                                                     -6.961    -4.269 r  clk_gen/inst/mmcm_adv_inst/CLKOUT0
                         net (fo=1, routed)           1.661    -2.608    clk_gen/inst/clk_out1_clk_wiz_0
    BUFGCTRL_X0Y1        BUFG (Prop_bufg_I_O)         0.096    -2.512 r  clk_gen/inst/clkout1_buf/O
                         net (fo=55, routed)          1.562    -0.950    u_vga/CLK
    SLICE_X39Y38         FDCE                                         r  u_vga/v_count_reg[1]/C
  -------------------------------------------------------------------    -------------------
    SLICE_X39Y38         FDCE (Prop_fdce_C_Q)         0.456    -0.494 r  u_vga/v_count_reg[1]/Q
                         net (fo=11, routed)          0.886     0.392    u_vga/v_count_reg_n_0_[1]
    SLICE_X36Y38         LUT2 (Prop_lut2_I1_O)        0.124     0.516 r  u_vga/ram_reg_0_2_i_12/O
                         net (fo=1, routed)           0.000     0.516    u_vga/ram_reg_0_2_i_12_n_0
    SLICE_X36Y38         CARRY4 (Prop_carry4_S[1]_CO[3])
                                                      0.550     1.066 r  u_vga/ram_reg_0_2_i_6/CO[3]
                         net (fo=1, routed)           0.000     1.066    u_vga/ram_reg_0_2_i_6_n_0
    SLICE_X36Y39         CARRY4 (Prop_carry4_CI_O[0])
                                                      0.222     1.288 r  u_vga/rd_addr_final__0_carry_i_8/O[0]
                         net (fo=1, routed)           0.582     1.870    u_vga/frame_rd_addr0[11]
    SLICE_X37Y39         CARRY4 (Prop_carry4_S[1]_CO[3])
                                                      0.849     2.719 r  u_vga/rd_addr_final__0_carry_i_2/CO[3]
                         net (fo=1, routed)           0.000     2.719    u_vga/rd_addr_final__0_carry_i_2_n_0
    SLICE_X37Y40         CARRY4 (Prop_carry4_CI_O[1])
                                                      0.334     3.053 r  u_vga/rd_addr_final__0_carry__0_i_1/O[1]
                         net (fo=3, routed)           1.005     4.057    u_ping_pong/frame_rd_addr__0[5]
    SLICE_X39Y40         LUT3 (Prop_lut3_I2_O)        0.303     4.360 r  u_ping_pong/rd_addr_final__0_carry__0_i_5/O
                         net (fo=1, routed)           0.000     4.360    u_ping_pong/rd_addr_final__0_carry__0_i_5_n_0
    SLICE_X39Y40         CARRY4 (Prop_carry4_S[1]_O[2])
                                                      0.580     4.940 f  u_ping_pong/rd_addr_final__0_carry__0/O[2]
                         net (fo=4, routed)           0.830     5.771    u_ping_pong/rd_addr_final[16]
    SLICE_X41Y40         LUT3 (Prop_lut3_I2_O)        0.302     6.073 r  u_ping_pong/ram_reg_2_2__0_i_2/O
                         net (fo=6, routed)           3.493     9.566    u_ping_pong/ram_reg_2_2__0_i_2_n_0
    RAMB36_X2Y14         RAMB36E1                                     r  u_ping_pong/ram_reg_2_7__0/ENBWREN
  -------------------------------------------------------------------    -------------------

                         (clock clk_out1_clk_wiz_0_1 rise edge)
                                                     39.722    39.722 r  
    W5                                                0.000    39.722 r  clk_100mhz (IN)
                         net (fo=0)                   0.000    39.722    clk_gen/inst/clk_in1
    W5                   IBUF (Prop_ibuf_I_O)         1.388    41.110 r  clk_gen/inst/clkin1_ibufg/O
                         net (fo=1, routed)           1.162    42.272    clk_gen/inst/clk_in1_clk_wiz_0
    MMCME2_ADV_X1Y0      MMCME2_ADV (Prop_mmcme2_adv_CLKIN1_CLKOUT0)
                                                     -7.217    35.055 r  clk_gen/inst/mmcm_adv_inst/CLKOUT0
                         net (fo=1, routed)           1.581    36.636    clk_gen/inst/clk_out1_clk_wiz_0
    BUFGCTRL_X0Y1        BUFG (Prop_bufg_I_O)         0.091    36.727 r  clk_gen/inst/clkout1_buf/O
                         net (fo=55, routed)          1.473    38.200    u_ping_pong/clk_out1
    RAMB36_X2Y14         RAMB36E1                                     r  u_ping_pong/ram_reg_2_7__0/CLKBWRCLK
                         clock pessimism              0.484    38.683    
                         clock uncertainty           -0.095    38.588    
    RAMB36_X2Y14         RAMB36E1 (Setup_ramb36e1_CLKBWRCLK_ENBWREN)
                                                     -0.443    38.145    u_ping_pong/ram_reg_2_7__0
  -------------------------------------------------------------------
                         required time                         38.145    
                         arrival time                          -9.566    
  -------------------------------------------------------------------
                         slack                                 28.579    

Slack (MET) :             28.617ns  (required time - arrival time)
  Source:                 u_vga/v_count_reg[1]/C
                            (rising edge-triggered cell FDCE clocked by clk_out1_clk_wiz_0_1  {rise@0.000ns fall@19.861ns period=39.722ns})
  Destination:            u_ping_pong/ram_reg_1_6/ENBWREN
                            (rising edge-triggered cell RAMB36E1 clocked by clk_out1_clk_wiz_0_1  {rise@0.000ns fall@19.861ns period=39.722ns})
  Path Group:             clk_out1_clk_wiz_0_1
  Path Type:              Setup (Max at Slow Process Corner)
  Requirement:            39.722ns  (clk_out1_clk_wiz_0_1 rise@39.722ns - clk_out1_clk_wiz_0_1 rise@0.000ns)
  Data Path Delay:        10.491ns  (logic 3.720ns (35.459%)  route 6.771ns (64.541%))
  Logic Levels:           8  (CARRY4=5 LUT2=2 LUT3=1)
  Clock Path Skew:        -0.076ns (DCD - SCD + CPR)
    Destination Clock Delay (DCD):    -1.509ns = ( 38.213 - 39.722 ) 
    Source Clock Delay      (SCD):    -0.950ns
    Clock Pessimism Removal (CPR):    0.484ns
  Clock Uncertainty:      0.095ns  ((TSJ^2 + DJ^2)^1/2) / 2 + PE
    Total System Jitter     (TSJ):    0.071ns
    Discrete Jitter          (DJ):    0.177ns
    Phase Error              (PE):    0.000ns

    Location             Delay type                Incr(ns)  Path(ns)    Netlist Resource(s)
  -------------------------------------------------------------------    -------------------
                         (clock clk_out1_clk_wiz_0_1 rise edge)
                                                      0.000     0.000 r  
    W5                                                0.000     0.000 r  clk_100mhz (IN)
                         net (fo=0)                   0.000     0.000    clk_gen/inst/clk_in1
    W5                   IBUF (Prop_ibuf_I_O)         1.458     1.458 r  clk_gen/inst/clkin1_ibufg/O
                         net (fo=1, routed)           1.233     2.691    clk_gen/inst/clk_in1_clk_wiz_0
    MMCME2_ADV_X1Y0      MMCME2_ADV (Prop_mmcme2_adv_CLKIN1_CLKOUT0)
                                                     -6.961    -4.269 r  clk_gen/inst/mmcm_adv_inst/CLKOUT0
                         net (fo=1, routed)           1.661    -2.608    clk_gen/inst/clk_out1_clk_wiz_0
    BUFGCTRL_X0Y1        BUFG (Prop_bufg_I_O)         0.096    -2.512 r  clk_gen/inst/clkout1_buf/O
                         net (fo=55, routed)          1.562    -0.950    u_vga/CLK
    SLICE_X39Y38         FDCE                                         r  u_vga/v_count_reg[1]/C
  -------------------------------------------------------------------    -------------------
    SLICE_X39Y38         FDCE (Prop_fdce_C_Q)         0.456    -0.494 r  u_vga/v_count_reg[1]/Q
                         net (fo=11, routed)          0.886     0.392    u_vga/v_count_reg_n_0_[1]
    SLICE_X36Y38         LUT2 (Prop_lut2_I1_O)        0.124     0.516 r  u_vga/ram_reg_0_2_i_12/O
                         net (fo=1, routed)           0.000     0.516    u_vga/ram_reg_0_2_i_12_n_0
    SLICE_X36Y38         CARRY4 (Prop_carry4_S[1]_CO[3])
                                                      0.550     1.066 r  u_vga/ram_reg_0_2_i_6/CO[3]
                         net (fo=1, routed)           0.000     1.066    u_vga/ram_reg_0_2_i_6_n_0
    SLICE_X36Y39         CARRY4 (Prop_carry4_CI_O[0])
                                                      0.222     1.288 r  u_vga/rd_addr_final__0_carry_i_8/O[0]
                         net (fo=1, routed)           0.582     1.870    u_vga/frame_rd_addr0[11]
    SLICE_X37Y39         CARRY4 (Prop_carry4_S[1]_CO[3])
                                                      0.849     2.719 r  u_vga/rd_addr_final__0_carry_i_2/CO[3]
                         net (fo=1, routed)           0.000     2.719    u_vga/rd_addr_final__0_carry_i_2_n_0
    SLICE_X37Y40         CARRY4 (Prop_carry4_CI_O[1])
                                                      0.334     3.053 r  u_vga/rd_addr_final__0_carry__0_i_1/O[1]
                         net (fo=3, routed)           1.005     4.057    u_ping_pong/frame_rd_addr__0[5]
    SLICE_X39Y40         LUT3 (Prop_lut3_I2_O)        0.303     4.360 r  u_ping_pong/rd_addr_final__0_carry__0_i_5/O
                         net (fo=1, routed)           0.000     4.360    u_ping_pong/rd_addr_final__0_carry__0_i_5_n_0
    SLICE_X39Y40         CARRY4 (Prop_carry4_S[1]_O[2])
                                                      0.580     4.940 f  u_ping_pong/rd_addr_final__0_carry__0/O[2]
                         net (fo=4, routed)           0.829     5.770    u_ping_pong/rd_addr_final[16]
    SLICE_X41Y40         LUT2 (Prop_lut2_I1_O)        0.302     6.072 r  u_ping_pong/ram_reg_0_2_i_2/O
                         net (fo=12, routed)          3.469     9.541    u_ping_pong/ram_reg_0_2_i_2_n_0
    RAMB36_X2Y10         RAMB36E1                                     r  u_ping_pong/ram_reg_1_6/ENBWREN
  -------------------------------------------------------------------    -------------------

                         (clock clk_out1_clk_wiz_0_1 rise edge)
                                                     39.722    39.722 r  
    W5                                                0.000    39.722 r  clk_100mhz (IN)
                         net (fo=0)                   0.000    39.722    clk_gen/inst/clk_in1
    W5                   IBUF (Prop_ibuf_I_O)         1.388    41.110 r  clk_gen/inst/clkin1_ibufg/O
                         net (fo=1, routed)           1.162    42.272    clk_gen/inst/clk_in1_clk_wiz_0
    MMCME2_ADV_X1Y0      MMCME2_ADV (Prop_mmcme2_adv_CLKIN1_CLKOUT0)
                                                     -7.217    35.055 r  clk_gen/inst/mmcm_adv_inst/CLKOUT0
                         net (fo=1, routed)           1.581    36.636    clk_gen/inst/clk_out1_clk_wiz_0
    BUFGCTRL_X0Y1        BUFG (Prop_bufg_I_O)         0.091    36.727 r  clk_gen/inst/clkout1_buf/O
                         net (fo=55, routed)          1.486    38.213    u_ping_pong/clk_out1
    RAMB36_X2Y10         RAMB36E1                                     r  u_ping_pong/ram_reg_1_6/CLKBWRCLK
                         clock pessimism              0.484    38.696    
                         clock uncertainty           -0.095    38.601    
    RAMB36_X2Y10         RAMB36E1 (Setup_ramb36e1_CLKBWRCLK_ENBWREN)
                                                     -0.443    38.158    u_ping_pong/ram_reg_1_6
  -------------------------------------------------------------------
                         required time                         38.158    
                         arrival time                          -9.541    
  -------------------------------------------------------------------
                         slack                                 28.617    

Slack (MET) :             28.739ns  (required time - arrival time)
  Source:                 u_vga/v_count_reg[1]/C
                            (rising edge-triggered cell FDCE clocked by clk_out1_clk_wiz_0_1  {rise@0.000ns fall@19.861ns period=39.722ns})
  Destination:            u_ping_pong/ram_reg_2_5__0/ENBWREN
                            (rising edge-triggered cell RAMB36E1 clocked by clk_out1_clk_wiz_0_1  {rise@0.000ns fall@19.861ns period=39.722ns})
  Path Group:             clk_out1_clk_wiz_0_1
  Path Type:              Setup (Max at Slow Process Corner)
  Requirement:            39.722ns  (clk_out1_clk_wiz_0_1 rise@39.722ns - clk_out1_clk_wiz_0_1 rise@0.000ns)
  Data Path Delay:        10.361ns  (logic 3.720ns (35.904%)  route 6.641ns (64.096%))
  Logic Levels:           8  (CARRY4=5 LUT2=1 LUT3=2)
  Clock Path Skew:        -0.084ns (DCD - SCD + CPR)
    Destination Clock Delay (DCD):    -1.517ns = ( 38.205 - 39.722 ) 
    Source Clock Delay      (SCD):    -0.950ns
    Clock Pessimism Removal (CPR):    0.484ns
  Clock Uncertainty:      0.095ns  ((TSJ^2 + DJ^2)^1/2) / 2 + PE
    Total System Jitter     (TSJ):    0.071ns
    Discrete Jitter          (DJ):    0.177ns
    Phase Error              (PE):    0.000ns

    Location             Delay type                Incr(ns)  Path(ns)    Netlist Resource(s)
  -------------------------------------------------------------------    -------------------
                         (clock clk_out1_clk_wiz_0_1 rise edge)
                                                      0.000     0.000 r  
    W5                                                0.000     0.000 r  clk_100mhz (IN)
                         net (fo=0)                   0.000     0.000    clk_gen/inst/clk_in1
    W5                   IBUF (Prop_ibuf_I_O)         1.458     1.458 r  clk_gen/inst/clkin1_ibufg/O
                         net (fo=1, routed)           1.233     2.691    clk_gen/inst/clk_in1_clk_wiz_0
    MMCME2_ADV_X1Y0      MMCME2_ADV (Prop_mmcme2_adv_CLKIN1_CLKOUT0)
                                                     -6.961    -4.269 r  clk_gen/inst/mmcm_adv_inst/CLKOUT0
                         net (fo=1, routed)           1.661    -2.608    clk_gen/inst/clk_out1_clk_wiz_0
    BUFGCTRL_X0Y1        BUFG (Prop_bufg_I_O)         0.096    -2.512 r  clk_gen/inst/clkout1_buf/O
                         net (fo=55, routed)          1.562    -0.950    u_vga/CLK
    SLICE_X39Y38         FDCE                                         r  u_vga/v_count_reg[1]/C
  -------------------------------------------------------------------    -------------------
    SLICE_X39Y38         FDCE (Prop_fdce_C_Q)         0.456    -0.494 r  u_vga/v_count_reg[1]/Q
                         net (fo=11, routed)          0.886     0.392    u_vga/v_count_reg_n_0_[1]
    SLICE_X36Y38         LUT2 (Prop_lut2_I1_O)        0.124     0.516 r  u_vga/ram_reg_0_2_i_12/O
                         net (fo=1, routed)           0.000     0.516    u_vga/ram_reg_0_2_i_12_n_0
    SLICE_X36Y38         CARRY4 (Prop_carry4_S[1]_CO[3])
                                                      0.550     1.066 r  u_vga/ram_reg_0_2_i_6/CO[3]
                         net (fo=1, routed)           0.000     1.066    u_vga/ram_reg_0_2_i_6_n_0
    SLICE_X36Y39         CARRY4 (Prop_carry4_CI_O[0])
                                                      0.222     1.288 r  u_vga/rd_addr_final__0_carry_i_8/O[0]
                         net (fo=1, routed)           0.582     1.870    u_vga/frame_rd_addr0[11]
    SLICE_X37Y39         CARRY4 (Prop_carry4_S[1]_CO[3])
                                                      0.849     2.719 r  u_vga/rd_addr_final__0_carry_i_2/CO[3]
                         net (fo=1, routed)           0.000     2.719    u_vga/rd_addr_final__0_carry_i_2_n_0
    SLICE_X37Y40         CARRY4 (Prop_carry4_CI_O[1])
                                                      0.334     3.053 r  u_vga/rd_addr_final__0_carry__0_i_1/O[1]
                         net (fo=3, routed)           1.005     4.057    u_ping_pong/frame_rd_addr__0[5]
    SLICE_X39Y40         LUT3 (Prop_lut3_I2_O)        0.303     4.360 r  u_ping_pong/rd_addr_final__0_carry__0_i_5/O
                         net (fo=1, routed)           0.000     4.360    u_ping_pong/rd_addr_final__0_carry__0_i_5_n_0
    SLICE_X39Y40         CARRY4 (Prop_carry4_S[1]_O[2])
                                                      0.580     4.940 f  u_ping_pong/rd_addr_final__0_carry__0/O[2]
                         net (fo=4, routed)           0.830     5.771    u_ping_pong/rd_addr_final[16]
    SLICE_X41Y40         LUT3 (Prop_lut3_I2_O)        0.302     6.073 r  u_ping_pong/ram_reg_2_2__0_i_2/O
                         net (fo=6, routed)           3.339     9.411    u_ping_pong/ram_reg_2_2__0_i_2_n_0
    RAMB36_X2Y13         RAMB36E1                                     r  u_ping_pong/ram_reg_2_5__0/ENBWREN
  -------------------------------------------------------------------    -------------------

                         (clock clk_out1_clk_wiz_0_1 rise edge)
                                                     39.722    39.722 r  
    W5                                                0.000    39.722 r  clk_100mhz (IN)
                         net (fo=0)                   0.000    39.722    clk_gen/inst/clk_in1
    W5                   IBUF (Prop_ibuf_I_O)         1.388    41.110 r  clk_gen/inst/clkin1_ibufg/O
                         net (fo=1, routed)           1.162    42.272    clk_gen/inst/clk_in1_clk_wiz_0
    MMCME2_ADV_X1Y0      MMCME2_ADV (Prop_mmcme2_adv_CLKIN1_CLKOUT0)
                                                     -7.217    35.055 r  clk_gen/inst/mmcm_adv_inst/CLKOUT0
                         net (fo=1, routed)           1.581    36.636    clk_gen/inst/clk_out1_clk_wiz_0
    BUFGCTRL_X0Y1        BUFG (Prop_bufg_I_O)         0.091    36.727 r  clk_gen/inst/clkout1_buf/O
                         net (fo=55, routed)          1.478    38.205    u_ping_pong/clk_out1
    RAMB36_X2Y13         RAMB36E1                                     r  u_ping_pong/ram_reg_2_5__0/CLKBWRCLK
                         clock pessimism              0.484    38.688    
                         clock uncertainty           -0.095    38.593    
    RAMB36_X2Y13         RAMB36E1 (Setup_ramb36e1_CLKBWRCLK_ENBWREN)
                                                     -0.443    38.150    u_ping_pong/ram_reg_2_5__0
  -------------------------------------------------------------------
                         required time                         38.150    
                         arrival time                          -9.411    
  -------------------------------------------------------------------
                         slack                                 28.739    

Slack (MET) :             28.911ns  (required time - arrival time)
  Source:                 u_vga/v_count_reg[1]/C
                            (rising edge-triggered cell FDCE clocked by clk_out1_clk_wiz_0_1  {rise@0.000ns fall@19.861ns period=39.722ns})
  Destination:            u_ping_pong/ram_reg_0_6/ENBWREN
                            (rising edge-triggered cell RAMB36E1 clocked by clk_out1_clk_wiz_0_1  {rise@0.000ns fall@19.861ns period=39.722ns})
  Path Group:             clk_out1_clk_wiz_0_1
  Path Type:              Setup (Max at Slow Process Corner)
  Requirement:            39.722ns  (clk_out1_clk_wiz_0_1 rise@39.722ns - clk_out1_clk_wiz_0_1 rise@0.000ns)
  Data Path Delay:        10.286ns  (logic 3.720ns (36.165%)  route 6.566ns (63.835%))
  Logic Levels:           8  (CARRY4=5 LUT2=2 LUT3=1)
  Clock Path Skew:        0.013ns (DCD - SCD + CPR)
    Destination Clock Delay (DCD):    -1.500ns = ( 38.223 - 39.722 ) 
    Source Clock Delay      (SCD):    -0.950ns
    Clock Pessimism Removal (CPR):    0.564ns
  Clock Uncertainty:      0.095ns  ((TSJ^2 + DJ^2)^1/2) / 2 + PE
    Total System Jitter     (TSJ):    0.071ns
    Discrete Jitter          (DJ):    0.177ns
    Phase Error              (PE):    0.000ns

    Location             Delay type                Incr(ns)  Path(ns)    Netlist Resource(s)
  -------------------------------------------------------------------    -------------------
                         (clock clk_out1_clk_wiz_0_1 rise edge)
                                                      0.000     0.000 r  
    W5                                                0.000     0.000 r  clk_100mhz (IN)
                         net (fo=0)                   0.000     0.000    clk_gen/inst/clk_in1
    W5                   IBUF (Prop_ibuf_I_O)         1.458     1.458 r  clk_gen/inst/clkin1_ibufg/O
                         net (fo=1, routed)           1.233     2.691    clk_gen/inst/clk_in1_clk_wiz_0
    MMCME2_ADV_X1Y0      MMCME2_ADV (Prop_mmcme2_adv_CLKIN1_CLKOUT0)
                                                     -6.961    -4.269 r  clk_gen/inst/mmcm_adv_inst/CLKOUT0
                         net (fo=1, routed)           1.661    -2.608    clk_gen/inst/clk_out1_clk_wiz_0
    BUFGCTRL_X0Y1        BUFG (Prop_bufg_I_O)         0.096    -2.512 r  clk_gen/inst/clkout1_buf/O
                         net (fo=55, routed)          1.562    -0.950    u_vga/CLK
    SLICE_X39Y38         FDCE                                         r  u_vga/v_count_reg[1]/C
  -------------------------------------------------------------------    -------------------
    SLICE_X39Y38         FDCE (Prop_fdce_C_Q)         0.456    -0.494 r  u_vga/v_count_reg[1]/Q
                         net (fo=11, routed)          0.886     0.392    u_vga/v_count_reg_n_0_[1]
    SLICE_X36Y38         LUT2 (Prop_lut2_I1_O)        0.124     0.516 r  u_vga/ram_reg_0_2_i_12/O
                         net (fo=1, routed)           0.000     0.516    u_vga/ram_reg_0_2_i_12_n_0
    SLICE_X36Y38         CARRY4 (Prop_carry4_S[1]_CO[3])
                                                      0.550     1.066 r  u_vga/ram_reg_0_2_i_6/CO[3]
                         net (fo=1, routed)           0.000     1.066    u_vga/ram_reg_0_2_i_6_n_0
    SLICE_X36Y39         CARRY4 (Prop_carry4_CI_O[0])
                                                      0.222     1.288 r  u_vga/rd_addr_final__0_carry_i_8/O[0]
                         net (fo=1, routed)           0.582     1.870    u_vga/frame_rd_addr0[11]
    SLICE_X37Y39         CARRY4 (Prop_carry4_S[1]_CO[3])
                                                      0.849     2.719 r  u_vga/rd_addr_final__0_carry_i_2/CO[3]
                         net (fo=1, routed)           0.000     2.719    u_vga/rd_addr_final__0_carry_i_2_n_0
    SLICE_X37Y40         CARRY4 (Prop_carry4_CI_O[1])
                                                      0.334     3.053 r  u_vga/rd_addr_final__0_carry__0_i_1/O[1]
                         net (fo=3, routed)           1.005     4.057    u_ping_pong/frame_rd_addr__0[5]
    SLICE_X39Y40         LUT3 (Prop_lut3_I2_O)        0.303     4.360 r  u_ping_pong/rd_addr_final__0_carry__0_i_5/O
                         net (fo=1, routed)           0.000     4.360    u_ping_pong/rd_addr_final__0_carry__0_i_5_n_0
    SLICE_X39Y40         CARRY4 (Prop_carry4_S[1]_O[2])
                                                      0.580     4.940 f  u_ping_pong/rd_addr_final__0_carry__0/O[2]
                         net (fo=4, routed)           0.829     5.770    u_ping_pong/rd_addr_final[16]
    SLICE_X41Y40         LUT2 (Prop_lut2_I1_O)        0.302     6.072 r  u_ping_pong/ram_reg_0_2_i_2/O
                         net (fo=12, routed)          3.265     9.337    u_ping_pong/ram_reg_0_2_i_2_n_0
    RAMB36_X2Y9          RAMB36E1                                     r  u_ping_pong/ram_reg_0_6/ENBWREN
  -------------------------------------------------------------------    -------------------

                         (clock clk_out1_clk_wiz_0_1 rise edge)
                                                     39.722    39.722 r  
    W5                                                0.000    39.722 r  clk_100mhz (IN)
                         net (fo=0)                   0.000    39.722    clk_gen/inst/clk_in1
    W5                   IBUF (Prop_ibuf_I_O)         1.388    41.110 r  clk_gen/inst/clkin1_ibufg/O
                         net (fo=1, routed)           1.162    42.272    clk_gen/inst/clk_in1_clk_wiz_0
    MMCME2_ADV_X1Y0      MMCME2_ADV (Prop_mmcme2_adv_CLKIN1_CLKOUT0)
                                                     -7.217    35.055 r  clk_gen/inst/mmcm_adv_inst/CLKOUT0
                         net (fo=1, routed)           1.581    36.636    clk_gen/inst/clk_out1_clk_wiz_0
    BUFGCTRL_X0Y1        BUFG (Prop_bufg_I_O)         0.091    36.727 r  clk_gen/inst/clkout1_buf/O
                         net (fo=55, routed)          1.496    38.223    u_ping_pong/clk_out1
    RAMB36_X2Y9          RAMB36E1                                     r  u_ping_pong/ram_reg_0_6/CLKBWRCLK
                         clock pessimism              0.564    38.786    
                         clock uncertainty           -0.095    38.691    
    RAMB36_X2Y9          RAMB36E1 (Setup_ramb36e1_CLKBWRCLK_ENBWREN)
                                                     -0.443    38.248    u_ping_pong/ram_reg_0_6
  -------------------------------------------------------------------
                         required time                         38.248    
                         arrival time                          -9.337    
  -------------------------------------------------------------------
                         slack                                 28.911    

Slack (MET) :             29.362ns  (required time - arrival time)
  Source:                 u_vga/v_count_reg[1]/C
                            (rising edge-triggered cell FDCE clocked by clk_out1_clk_wiz_0_1  {rise@0.000ns fall@19.861ns period=39.722ns})
  Destination:            u_ping_pong/ram_reg_2_7__0/ADDRBWRADDR[13]
                            (rising edge-triggered cell RAMB36E1 clocked by clk_out1_clk_wiz_0_1  {rise@0.000ns fall@19.861ns period=39.722ns})
  Path Group:             clk_out1_clk_wiz_0_1
  Path Type:              Setup (Max at Slow Process Corner)
  Requirement:            39.722ns  (clk_out1_clk_wiz_0_1 rise@39.722ns - clk_out1_clk_wiz_0_1 rise@0.000ns)
  Data Path Delay:        9.428ns  (logic 3.140ns (33.304%)  route 6.288ns (66.696%))
  Logic Levels:           6  (CARRY4=4 LUT2=1 LUT3=1)
  Clock Path Skew:        -0.089ns (DCD - SCD + CPR)
    Destination Clock Delay (DCD):    -1.522ns = ( 38.200 - 39.722 ) 
    Source Clock Delay      (SCD):    -0.950ns
    Clock Pessimism Removal (CPR):    0.484ns
  Clock Uncertainty:      0.095ns  ((TSJ^2 + DJ^2)^1/2) / 2 + PE
    Total System Jitter     (TSJ):    0.071ns
    Discrete Jitter          (DJ):    0.177ns
    Phase Error              (PE):    0.000ns

    Location             Delay type                Incr(ns)  Path(ns)    Netlist Resource(s)
  -------------------------------------------------------------------    -------------------
                         (clock clk_out1_clk_wiz_0_1 rise edge)
                                                      0.000     0.000 r  
    W5                                                0.000     0.000 r  clk_100mhz (IN)
                         net (fo=0)                   0.000     0.000    clk_gen/inst/clk_in1
    W5                   IBUF (Prop_ibuf_I_O)         1.458     1.458 r  clk_gen/inst/clkin1_ibufg/O
                         net (fo=1, routed)           1.233     2.691    clk_gen/inst/clk_in1_clk_wiz_0
    MMCME2_ADV_X1Y0      MMCME2_ADV (Prop_mmcme2_adv_CLKIN1_CLKOUT0)
                                                     -6.961    -4.269 r  clk_gen/inst/mmcm_adv_inst/CLKOUT0
                         net (fo=1, routed)           1.661    -2.608    clk_gen/inst/clk_out1_clk_wiz_0
    BUFGCTRL_X0Y1        BUFG (Prop_bufg_I_O)         0.096    -2.512 r  clk_gen/inst/clkout1_buf/O
                         net (fo=55, routed)          1.562    -0.950    u_vga/CLK
    SLICE_X39Y38         FDCE                                         r  u_vga/v_count_reg[1]/C
  -------------------------------------------------------------------    -------------------
    SLICE_X39Y38         FDCE (Prop_fdce_C_Q)         0.456    -0.494 r  u_vga/v_count_reg[1]/Q
                         net (fo=11, routed)          0.886     0.392    u_vga/v_count_reg_n_0_[1]
    SLICE_X36Y38         LUT2 (Prop_lut2_I1_O)        0.124     0.516 r  u_vga/ram_reg_0_2_i_12/O
                         net (fo=1, routed)           0.000     0.516    u_vga/ram_reg_0_2_i_12_n_0
    SLICE_X36Y38         CARRY4 (Prop_carry4_S[1]_O[2])
                                                      0.580     1.096 r  u_vga/ram_reg_0_2_i_6/O[2]
                         net (fo=1, routed)           0.600     1.696    u_vga/frame_rd_addr0[9]
    SLICE_X37Y38         CARRY4 (Prop_carry4_S[3]_CO[3])
                                                      0.703     2.399 r  u_vga/ram_reg_0_2_i_3/CO[3]
                         net (fo=1, routed)           0.000     2.399    u_vga/ram_reg_0_2_i_3_n_0
    SLICE_X37Y39         CARRY4 (Prop_carry4_CI_O[1])
                                                      0.334     2.733 r  u_vga/rd_addr_final__0_carry_i_2/O[1]
                         net (fo=3, routed)           1.005     3.737    u_ping_pong/frame_rd_addr__0[1]
    SLICE_X39Y39         LUT3 (Prop_lut3_I2_O)        0.303     4.040 r  u_ping_pong/rd_addr_final__0_carry_i_6/O
                         net (fo=1, routed)           0.000     4.040    u_ping_pong/rd_addr_final__0_carry_i_6_n_0
    SLICE_X39Y39         CARRY4 (Prop_carry4_S[1]_O[3])
                                                      0.640     4.680 r  u_ping_pong/rd_addr_final__0_carry/O[3]
                         net (fo=30, routed)          3.798     8.479    u_ping_pong/rd_addr_final[13]
    RAMB36_X2Y14         RAMB36E1                                     r  u_ping_pong/ram_reg_2_7__0/ADDRBWRADDR[13]
  -------------------------------------------------------------------    -------------------

                         (clock clk_out1_clk_wiz_0_1 rise edge)
                                                     39.722    39.722 r  
    W5                                                0.000    39.722 r  clk_100mhz (IN)
                         net (fo=0)                   0.000    39.722    clk_gen/inst/clk_in1
    W5                   IBUF (Prop_ibuf_I_O)         1.388    41.110 r  clk_gen/inst/clkin1_ibufg/O
                         net (fo=1, routed)           1.162    42.272    clk_gen/inst/clk_in1_clk_wiz_0
    MMCME2_ADV_X1Y0      MMCME2_ADV (Prop_mmcme2_adv_CLKIN1_CLKOUT0)
                                                     -7.217    35.055 r  clk_gen/inst/mmcm_adv_inst/CLKOUT0
                         net (fo=1, routed)           1.581    36.636    clk_gen/inst/clk_out1_clk_wiz_0
    BUFGCTRL_X0Y1        BUFG (Prop_bufg_I_O)         0.091    36.727 r  clk_gen/inst/clkout1_buf/O
                         net (fo=55, routed)          1.473    38.200    u_ping_pong/clk_out1
    RAMB36_X2Y14         RAMB36E1                                     r  u_ping_pong/ram_reg_2_7__0/CLKBWRCLK
                         clock pessimism              0.484    38.683    
                         clock uncertainty           -0.095    38.588    
    RAMB36_X2Y14         RAMB36E1 (Setup_ramb36e1_CLKBWRCLK_ADDRBWRADDR[13])
                                                     -0.748    37.840    u_ping_pong/ram_reg_2_7__0
  -------------------------------------------------------------------
                         required time                         37.840    
                         arrival time                          -8.479    
  -------------------------------------------------------------------
                         slack                                 29.362    





Min Delay Paths
--------------------------------------------------------------------------------------
Slack (MET) :             0.180ns  (arrival time - required time)
  Source:                 u_vga/h_count_reg[0]/C
                            (rising edge-triggered cell FDCE clocked by clk_out1_clk_wiz_0_1  {rise@0.000ns fall@19.861ns period=39.722ns})
  Destination:            u_vga/h_count_reg[3]/D
                            (rising edge-triggered cell FDCE clocked by clk_out1_clk_wiz_0_1  {rise@0.000ns fall@19.861ns period=39.722ns})
  Path Group:             clk_out1_clk_wiz_0_1
  Path Type:              Hold (Min at Fast Process Corner)
  Requirement:            0.000ns  (clk_out1_clk_wiz_0_1 rise@0.000ns - clk_out1_clk_wiz_0_1 rise@0.000ns)
  Data Path Delay:        0.300ns  (logic 0.190ns (63.351%)  route 0.110ns (36.650%))
  Logic Levels:           1  (LUT5=1)
  Clock Path Skew:        0.013ns (DCD - SCD - CPR)
    Destination Clock Delay (DCD):    -0.863ns
    Source Clock Delay      (SCD):    -0.622ns
    Clock Pessimism Removal (CPR):    -0.253ns

    Location             Delay type                Incr(ns)  Path(ns)    Netlist Resource(s)
  -------------------------------------------------------------------    -------------------
                         (clock clk_out1_clk_wiz_0_1 rise edge)
                                                      0.000     0.000 r  
    W5                                                0.000     0.000 r  clk_100mhz (IN)
                         net (fo=0)                   0.000     0.000    clk_gen/inst/clk_in1
    W5                   IBUF (Prop_ibuf_I_O)         0.226     0.226 r  clk_gen/inst/clkin1_ibufg/O
                         net (fo=1, routed)           0.440     0.667    clk_gen/inst/clk_in1_clk_wiz_0
    MMCME2_ADV_X1Y0      MMCME2_ADV (Prop_mmcme2_adv_CLKIN1_CLKOUT0)
                                                     -2.360    -1.693 r  clk_gen/inst/mmcm_adv_inst/CLKOUT0
                         net (fo=1, routed)           0.486    -1.207    clk_gen/inst/clk_out1_clk_wiz_0
    BUFGCTRL_X0Y1        BUFG (Prop_bufg_I_O)         0.026    -1.181 r  clk_gen/inst/clkout1_buf/O
                         net (fo=55, routed)          0.559    -0.622    u_vga/CLK
    SLICE_X36Y36         FDCE                                         r  u_vga/h_count_reg[0]/C
  -------------------------------------------------------------------    -------------------
    SLICE_X36Y36         FDCE (Prop_fdce_C_Q)         0.141    -0.481 r  u_vga/h_count_reg[0]/Q
                         net (fo=6, routed)           0.110    -0.371    u_vga/h_count_reg_n_0_[0]
    SLICE_X37Y36         LUT5 (Prop_lut5_I3_O)        0.049    -0.322 r  u_vga/h_count[3]_i_1/O
                         net (fo=1, routed)           0.000    -0.322    u_vga/h_count[3]
    SLICE_X37Y36         FDCE                                         r  u_vga/h_count_reg[3]/D
  -------------------------------------------------------------------    -------------------

                         (clock clk_out1_clk_wiz_0_1 rise edge)
                                                      0.000     0.000 r  
    W5                                                0.000     0.000 r  clk_100mhz (IN)
                         net (fo=0)                   0.000     0.000    clk_gen/inst/clk_in1
    W5                   IBUF (Prop_ibuf_I_O)         0.414     0.414 r  clk_gen/inst/clkin1_ibufg/O
                         net (fo=1, routed)           0.480     0.894    clk_gen/inst/clk_in1_clk_wiz_0
    MMCME2_ADV_X1Y0      MMCME2_ADV (Prop_mmcme2_adv_CLKIN1_CLKOUT0)
                                                     -3.142    -2.248 r  clk_gen/inst/mmcm_adv_inst/CLKOUT0
                         net (fo=1, routed)           0.530    -1.718    clk_gen/inst/clk_out1_clk_wiz_0
    BUFGCTRL_X0Y1        BUFG (Prop_bufg_I_O)         0.029    -1.689 r  clk_gen/inst/clkout1_buf/O
                         net (fo=55, routed)          0.827    -0.863    u_vga/CLK
    SLICE_X37Y36         FDCE                                         r  u_vga/h_count_reg[3]/C
                         clock pessimism              0.253    -0.609    
    SLICE_X37Y36         FDCE (Hold_fdce_C_D)         0.107    -0.502    u_vga/h_count_reg[3]
  -------------------------------------------------------------------
                         required time                          0.502    
                         arrival time                          -0.322    
  -------------------------------------------------------------------
                         slack                                  0.180    

Slack (MET) :             0.191ns  (arrival time - required time)
  Source:                 u_vga/h_count_reg[0]/C
                            (rising edge-triggered cell FDCE clocked by clk_out1_clk_wiz_0_1  {rise@0.000ns fall@19.861ns period=39.722ns})
  Destination:            u_vga/h_count_reg[2]/D
                            (rising edge-triggered cell FDCE clocked by clk_out1_clk_wiz_0_1  {rise@0.000ns fall@19.861ns period=39.722ns})
  Path Group:             clk_out1_clk_wiz_0_1
  Path Type:              Hold (Min at Fast Process Corner)
  Requirement:            0.000ns  (clk_out1_clk_wiz_0_1 rise@0.000ns - clk_out1_clk_wiz_0_1 rise@0.000ns)
  Data Path Delay:        0.296ns  (logic 0.186ns (62.855%)  route 0.110ns (37.145%))
  Logic Levels:           1  (LUT4=1)
  Clock Path Skew:        0.013ns (DCD - SCD - CPR)
    Destination Clock Delay (DCD):    -0.863ns
    Source Clock Delay      (SCD):    -0.622ns
    Clock Pessimism Removal (CPR):    -0.253ns

    Location             Delay type                Incr(ns)  Path(ns)    Netlist Resource(s)
  -------------------------------------------------------------------    -------------------
                         (clock clk_out1_clk_wiz_0_1 rise edge)
                                                      0.000     0.000 r  
    W5                                                0.000     0.000 r  clk_100mhz (IN)
                         net (fo=0)                   0.000     0.000    clk_gen/inst/clk_in1
    W5                   IBUF (Prop_ibuf_I_O)         0.226     0.226 r  clk_gen/inst/clkin1_ibufg/O
                         net (fo=1, routed)           0.440     0.667    clk_gen/inst/clk_in1_clk_wiz_0
    MMCME2_ADV_X1Y0      MMCME2_ADV (Prop_mmcme2_adv_CLKIN1_CLKOUT0)
                                                     -2.360    -1.693 r  clk_gen/inst/mmcm_adv_inst/CLKOUT0
                         net (fo=1, routed)           0.486    -1.207    clk_gen/inst/clk_out1_clk_wiz_0
    BUFGCTRL_X0Y1        BUFG (Prop_bufg_I_O)         0.026    -1.181 r  clk_gen/inst/clkout1_buf/O
                         net (fo=55, routed)          0.559    -0.622    u_vga/CLK
    SLICE_X36Y36         FDCE                                         r  u_vga/h_count_reg[0]/C
  -------------------------------------------------------------------    -------------------
    SLICE_X36Y36         FDCE (Prop_fdce_C_Q)         0.141    -0.481 r  u_vga/h_count_reg[0]/Q
                         net (fo=6, routed)           0.110    -0.371    u_vga/h_count_reg_n_0_[0]
    SLICE_X37Y36         LUT4 (Prop_lut4_I2_O)        0.045    -0.326 r  u_vga/h_count[2]_i_1/O
                         net (fo=1, routed)           0.000    -0.326    u_vga/h_count[2]
    SLICE_X37Y36         FDCE                                         r  u_vga/h_count_reg[2]/D
  -------------------------------------------------------------------    -------------------

                         (clock clk_out1_clk_wiz_0_1 rise edge)
                                                      0.000     0.000 r  
    W5                                                0.000     0.000 r  clk_100mhz (IN)
                         net (fo=0)                   0.000     0.000    clk_gen/inst/clk_in1
    W5                   IBUF (Prop_ibuf_I_O)         0.414     0.414 r  clk_gen/inst/clkin1_ibufg/O
                         net (fo=1, routed)           0.480     0.894    clk_gen/inst/clk_in1_clk_wiz_0
    MMCME2_ADV_X1Y0      MMCME2_ADV (Prop_mmcme2_adv_CLKIN1_CLKOUT0)
                                                     -3.142    -2.248 r  clk_gen/inst/mmcm_adv_inst/CLKOUT0
                         net (fo=1, routed)           0.530    -1.718    clk_gen/inst/clk_out1_clk_wiz_0
    BUFGCTRL_X0Y1        BUFG (Prop_bufg_I_O)         0.029    -1.689 r  clk_gen/inst/clkout1_buf/O
                         net (fo=55, routed)          0.827    -0.863    u_vga/CLK
    SLICE_X37Y36         FDCE                                         r  u_vga/h_count_reg[2]/C
                         clock pessimism              0.253    -0.609    
    SLICE_X37Y36         FDCE (Hold_fdce_C_D)         0.092    -0.517    u_vga/h_count_reg[2]
  -------------------------------------------------------------------
                         required time                          0.517    
                         arrival time                          -0.326    
  -------------------------------------------------------------------
                         slack                                  0.191    

Slack (MET) :             0.242ns  (arrival time - required time)
  Source:                 u_vga/v_count_reg[7]/C
                            (rising edge-triggered cell FDCE clocked by clk_out1_clk_wiz_0_1  {rise@0.000ns fall@19.861ns period=39.722ns})
  Destination:            u_vga/v_count_reg[0]/D
                            (rising edge-triggered cell FDCE clocked by clk_out1_clk_wiz_0_1  {rise@0.000ns fall@19.861ns period=39.722ns})
  Path Group:             clk_out1_clk_wiz_0_1
  Path Type:              Hold (Min at Fast Process Corner)
  Requirement:            0.000ns  (clk_out1_clk_wiz_0_1 rise@0.000ns - clk_out1_clk_wiz_0_1 rise@0.000ns)
  Data Path Delay:        0.363ns  (logic 0.247ns (68.021%)  route 0.116ns (31.979%))
  Logic Levels:           1  (LUT6=1)
  Clock Path Skew:        0.000ns (DCD - SCD - CPR)
    Destination Clock Delay (DCD):    -0.860ns
    Source Clock Delay      (SCD):    -0.620ns
    Clock Pessimism Removal (CPR):    -0.239ns

    Location             Delay type                Incr(ns)  Path(ns)    Netlist Resource(s)
  -------------------------------------------------------------------    -------------------
                         (clock clk_out1_clk_wiz_0_1 rise edge)
                                                      0.000     0.000 r  
    W5                                                0.000     0.000 r  clk_100mhz (IN)
                         net (fo=0)                   0.000     0.000    clk_gen/inst/clk_in1
    W5                   IBUF (Prop_ibuf_I_O)         0.226     0.226 r  clk_gen/inst/clkin1_ibufg/O
                         net (fo=1, routed)           0.440     0.667    clk_gen/inst/clk_in1_clk_wiz_0
    MMCME2_ADV_X1Y0      MMCME2_ADV (Prop_mmcme2_adv_CLKIN1_CLKOUT0)
                                                     -2.360    -1.693 r  clk_gen/inst/mmcm_adv_inst/CLKOUT0
                         net (fo=1, routed)           0.486    -1.207    clk_gen/inst/clk_out1_clk_wiz_0
    BUFGCTRL_X0Y1        BUFG (Prop_bufg_I_O)         0.026    -1.181 r  clk_gen/inst/clkout1_buf/O
                         net (fo=55, routed)          0.561    -0.620    u_vga/CLK
    SLICE_X38Y39         FDCE                                         r  u_vga/v_count_reg[7]/C
  -------------------------------------------------------------------    -------------------
    SLICE_X38Y39         FDCE (Prop_fdce_C_Q)         0.148    -0.472 r  u_vga/v_count_reg[7]/Q
                         net (fo=8, routed)           0.116    -0.356    u_vga/v_count_reg_n_0_[7]
    SLICE_X38Y39         LUT6 (Prop_lut6_I0_O)        0.099    -0.257 r  u_vga/v_count[0]_i_1/O
                         net (fo=1, routed)           0.000    -0.257    u_vga/v_count[0]_i_1_n_0
    SLICE_X38Y39         FDCE                                         r  u_vga/v_count_reg[0]/D
  -------------------------------------------------------------------    -------------------

                         (clock clk_out1_clk_wiz_0_1 rise edge)
                                                      0.000     0.000 r  
    W5                                                0.000     0.000 r  clk_100mhz (IN)
                         net (fo=0)                   0.000     0.000    clk_gen/inst/clk_in1
    W5                   IBUF (Prop_ibuf_I_O)         0.414     0.414 r  clk_gen/inst/clkin1_ibufg/O
                         net (fo=1, routed)           0.480     0.894    clk_gen/inst/clk_in1_clk_wiz_0
    MMCME2_ADV_X1Y0      MMCME2_ADV (Prop_mmcme2_adv_CLKIN1_CLKOUT0)
                                                     -3.142    -2.248 r  clk_gen/inst/mmcm_adv_inst/CLKOUT0
                         net (fo=1, routed)           0.530    -1.718    clk_gen/inst/clk_out1_clk_wiz_0
    BUFGCTRL_X0Y1        BUFG (Prop_bufg_I_O)         0.029    -1.689 r  clk_gen/inst/clkout1_buf/O
                         net (fo=55, routed)          0.830    -0.860    u_vga/CLK
    SLICE_X38Y39         FDCE                                         r  u_vga/v_count_reg[0]/C
                         clock pessimism              0.239    -0.620    
    SLICE_X38Y39         FDCE (Hold_fdce_C_D)         0.121    -0.499    u_vga/v_count_reg[0]
  -------------------------------------------------------------------
                         required time                          0.499    
                         arrival time                          -0.257    
  -------------------------------------------------------------------
                         slack                                  0.242    

Slack (MET) :             0.247ns  (arrival time - required time)
  Source:                 u_vga/v_count_reg[3]/C
                            (rising edge-triggered cell FDCE clocked by clk_out1_clk_wiz_0_1  {rise@0.000ns fall@19.861ns period=39.722ns})
  Destination:            u_vga/v_count_reg[4]/D
                            (rising edge-triggered cell FDCE clocked by clk_out1_clk_wiz_0_1  {rise@0.000ns fall@19.861ns period=39.722ns})
  Path Group:             clk_out1_clk_wiz_0_1
  Path Type:              Hold (Min at Fast Process Corner)
  Requirement:            0.000ns  (clk_out1_clk_wiz_0_1 rise@0.000ns - clk_out1_clk_wiz_0_1 rise@0.000ns)
  Data Path Delay:        0.339ns  (logic 0.227ns (66.991%)  route 0.112ns (33.009%))
  Logic Levels:           1  (LUT6=1)
  Clock Path Skew:        0.000ns (DCD - SCD - CPR)
    Destination Clock Delay (DCD):    -0.860ns
    Source Clock Delay      (SCD):    -0.620ns
    Clock Pessimism Removal (CPR):    -0.239ns

    Location             Delay type                Incr(ns)  Path(ns)    Netlist Resource(s)
  -------------------------------------------------------------------    -------------------
                         (clock clk_out1_clk_wiz_0_1 rise edge)
                                                      0.000     0.000 r  
    W5                                                0.000     0.000 r  clk_100mhz (IN)
                         net (fo=0)                   0.000     0.000    clk_gen/inst/clk_in1
    W5                   IBUF (Prop_ibuf_I_O)         0.226     0.226 r  clk_gen/inst/clkin1_ibufg/O
                         net (fo=1, routed)           0.440     0.667    clk_gen/inst/clk_in1_clk_wiz_0
    MMCME2_ADV_X1Y0      MMCME2_ADV (Prop_mmcme2_adv_CLKIN1_CLKOUT0)
                                                     -2.360    -1.693 r  clk_gen/inst/mmcm_adv_inst/CLKOUT0
                         net (fo=1, routed)           0.486    -1.207    clk_gen/inst/clk_out1_clk_wiz_0
    BUFGCTRL_X0Y1        BUFG (Prop_bufg_I_O)         0.026    -1.181 r  clk_gen/inst/clkout1_buf/O
                         net (fo=55, routed)          0.561    -0.620    u_vga/CLK
    SLICE_X39Y38         FDCE                                         r  u_vga/v_count_reg[3]/C
  -------------------------------------------------------------------    -------------------
    SLICE_X39Y38         FDCE (Prop_fdce_C_Q)         0.128    -0.492 r  u_vga/v_count_reg[3]/Q
                         net (fo=8, routed)           0.112    -0.381    u_vga/v_count_reg_n_0_[3]
    SLICE_X39Y38         LUT6 (Prop_lut6_I4_O)        0.099    -0.282 r  u_vga/v_count[4]_i_1/O
                         net (fo=1, routed)           0.000    -0.282    u_vga/v_count[4]_i_1_n_0
    SLICE_X39Y38         FDCE                                         r  u_vga/v_count_reg[4]/D
  -------------------------------------------------------------------    -------------------

                         (clock clk_out1_clk_wiz_0_1 rise edge)
                                                      0.000     0.000 r  
    W5                                                0.000     0.000 r  clk_100mhz (IN)
                         net (fo=0)                   0.000     0.000    clk_gen/inst/clk_in1
    W5                   IBUF (Prop_ibuf_I_O)         0.414     0.414 r  clk_gen/inst/clkin1_ibufg/O
                         net (fo=1, routed)           0.480     0.894    clk_gen/inst/clk_in1_clk_wiz_0
    MMCME2_ADV_X1Y0      MMCME2_ADV (Prop_mmcme2_adv_CLKIN1_CLKOUT0)
                                                     -3.142    -2.248 r  clk_gen/inst/mmcm_adv_inst/CLKOUT0
                         net (fo=1, routed)           0.530    -1.718    clk_gen/inst/clk_out1_clk_wiz_0
    BUFGCTRL_X0Y1        BUFG (Prop_bufg_I_O)         0.029    -1.689 r  clk_gen/inst/clkout1_buf/O
                         net (fo=55, routed)          0.830    -0.860    u_vga/CLK
    SLICE_X39Y38         FDCE                                         r  u_vga/v_count_reg[4]/C
                         clock pessimism              0.239    -0.620    
    SLICE_X39Y38         FDCE (Hold_fdce_C_D)         0.092    -0.528    u_vga/v_count_reg[4]
  -------------------------------------------------------------------
                         required time                          0.528    
                         arrival time                          -0.282    
  -------------------------------------------------------------------
                         slack                                  0.247    

Slack (MET) :             0.252ns  (arrival time - required time)
  Source:                 u_vga/h_count_reg[0]/C
                            (rising edge-triggered cell FDCE clocked by clk_out1_clk_wiz_0_1  {rise@0.000ns fall@19.861ns period=39.722ns})
  Destination:            u_vga/h_count_reg[1]/D
                            (rising edge-triggered cell FDCE clocked by clk_out1_clk_wiz_0_1  {rise@0.000ns fall@19.861ns period=39.722ns})
  Path Group:             clk_out1_clk_wiz_0_1
  Path Type:              Hold (Min at Fast Process Corner)
  Requirement:            0.000ns  (clk_out1_clk_wiz_0_1 rise@0.000ns - clk_out1_clk_wiz_0_1 rise@0.000ns)
  Data Path Delay:        0.357ns  (logic 0.186ns (52.102%)  route 0.171ns (47.898%))
  Logic Levels:           1  (LUT3=1)
  Clock Path Skew:        0.013ns (DCD - SCD - CPR)
    Destination Clock Delay (DCD):    -0.863ns
    Source Clock Delay      (SCD):    -0.622ns
    Clock Pessimism Removal (CPR):    -0.253ns

    Location             Delay type                Incr(ns)  Path(ns)    Netlist Resource(s)
  -------------------------------------------------------------------    -------------------
                         (clock clk_out1_clk_wiz_0_1 rise edge)
                                                      0.000     0.000 r  
    W5                                                0.000     0.000 r  clk_100mhz (IN)
                         net (fo=0)                   0.000     0.000    clk_gen/inst/clk_in1
    W5                   IBUF (Prop_ibuf_I_O)         0.226     0.226 r  clk_gen/inst/clkin1_ibufg/O
                         net (fo=1, routed)           0.440     0.667    clk_gen/inst/clk_in1_clk_wiz_0
    MMCME2_ADV_X1Y0      MMCME2_ADV (Prop_mmcme2_adv_CLKIN1_CLKOUT0)
                                                     -2.360    -1.693 r  clk_gen/inst/mmcm_adv_inst/CLKOUT0
                         net (fo=1, routed)           0.486    -1.207    clk_gen/inst/clk_out1_clk_wiz_0
    BUFGCTRL_X0Y1        BUFG (Prop_bufg_I_O)         0.026    -1.181 r  clk_gen/inst/clkout1_buf/O
                         net (fo=55, routed)          0.559    -0.622    u_vga/CLK
    SLICE_X36Y36         FDCE                                         r  u_vga/h_count_reg[0]/C
  -------------------------------------------------------------------    -------------------
    SLICE_X36Y36         FDCE (Prop_fdce_C_Q)         0.141    -0.481 r  u_vga/h_count_reg[0]/Q
                         net (fo=6, routed)           0.171    -0.310    u_vga/h_count_reg_n_0_[0]
    SLICE_X37Y36         LUT3 (Prop_lut3_I2_O)        0.045    -0.265 r  u_vga/h_count[1]_i_1/O
                         net (fo=1, routed)           0.000    -0.265    u_vga/h_count[1]
    SLICE_X37Y36         FDCE                                         r  u_vga/h_count_reg[1]/D
  -------------------------------------------------------------------    -------------------

                         (clock clk_out1_clk_wiz_0_1 rise edge)
                                                      0.000     0.000 r  
    W5                                                0.000     0.000 r  clk_100mhz (IN)
                         net (fo=0)                   0.000     0.000    clk_gen/inst/clk_in1
    W5                   IBUF (Prop_ibuf_I_O)         0.414     0.414 r  clk_gen/inst/clkin1_ibufg/O
                         net (fo=1, routed)           0.480     0.894    clk_gen/inst/clk_in1_clk_wiz_0
    MMCME2_ADV_X1Y0      MMCME2_ADV (Prop_mmcme2_adv_CLKIN1_CLKOUT0)
                                                     -3.142    -2.248 r  clk_gen/inst/mmcm_adv_inst/CLKOUT0
                         net (fo=1, routed)           0.530    -1.718    clk_gen/inst/clk_out1_clk_wiz_0
    BUFGCTRL_X0Y1        BUFG (Prop_bufg_I_O)         0.029    -1.689 r  clk_gen/inst/clkout1_buf/O
                         net (fo=55, routed)          0.827    -0.863    u_vga/CLK
    SLICE_X37Y36         FDCE                                         r  u_vga/h_count_reg[1]/C
                         clock pessimism              0.253    -0.609    
    SLICE_X37Y36         FDCE (Hold_fdce_C_D)         0.092    -0.517    u_vga/h_count_reg[1]
  -------------------------------------------------------------------
                         required time                          0.517    
                         arrival time                          -0.265    
  -------------------------------------------------------------------
                         slack                                  0.252    

Slack (MET) :             0.262ns  (arrival time - required time)
  Source:                 u_vga/h_count_reg[2]/C
                            (rising edge-triggered cell FDCE clocked by clk_out1_clk_wiz_0_1  {rise@0.000ns fall@19.861ns period=39.722ns})
  Destination:            u_ping_pong/ram_reg_3_4/ADDRBWRADDR[1]
                            (rising edge-triggered cell RAMB36E1 clocked by clk_out1_clk_wiz_0_1  {rise@0.000ns fall@19.861ns period=39.722ns})
  Path Group:             clk_out1_clk_wiz_0_1
  Path Type:              Hold (Min at Fast Process Corner)
  Requirement:            0.000ns  (clk_out1_clk_wiz_0_1 rise@0.000ns - clk_out1_clk_wiz_0_1 rise@0.000ns)
  Data Path Delay:        0.525ns  (logic 0.141ns (26.838%)  route 0.384ns (73.162%))
  Logic Levels:           0  
  Clock Path Skew:        0.080ns (DCD - SCD - CPR)
    Destination Clock Delay (DCD):    -0.816ns
    Source Clock Delay      (SCD):    -0.622ns
    Clock Pessimism Removal (CPR):    -0.274ns

    Location             Delay type                Incr(ns)  Path(ns)    Netlist Resource(s)
  -------------------------------------------------------------------    -------------------
                         (clock clk_out1_clk_wiz_0_1 rise edge)
                                                      0.000     0.000 r  
    W5                                                0.000     0.000 r  clk_100mhz (IN)
                         net (fo=0)                   0.000     0.000    clk_gen/inst/clk_in1
    W5                   IBUF (Prop_ibuf_I_O)         0.226     0.226 r  clk_gen/inst/clkin1_ibufg/O
                         net (fo=1, routed)           0.440     0.667    clk_gen/inst/clk_in1_clk_wiz_0
    MMCME2_ADV_X1Y0      MMCME2_ADV (Prop_mmcme2_adv_CLKIN1_CLKOUT0)
                                                     -2.360    -1.693 r  clk_gen/inst/mmcm_adv_inst/CLKOUT0
                         net (fo=1, routed)           0.486    -1.207    clk_gen/inst/clk_out1_clk_wiz_0
    BUFGCTRL_X0Y1        BUFG (Prop_bufg_I_O)         0.026    -1.181 r  clk_gen/inst/clkout1_buf/O
                         net (fo=55, routed)          0.559    -0.622    u_vga/CLK
    SLICE_X37Y36         FDCE                                         r  u_vga/h_count_reg[2]/C
  -------------------------------------------------------------------    -------------------
    SLICE_X37Y36         FDCE (Prop_fdce_C_Q)         0.141    -0.481 r  u_vga/h_count_reg[2]/Q
                         net (fo=34, routed)          0.384    -0.097    u_ping_pong/ADDRBWRADDR[1]
    RAMB36_X1Y7          RAMB36E1                                     r  u_ping_pong/ram_reg_3_4/ADDRBWRADDR[1]
  -------------------------------------------------------------------    -------------------

                         (clock clk_out1_clk_wiz_0_1 rise edge)
                                                      0.000     0.000 r  
    W5                                                0.000     0.000 r  clk_100mhz (IN)
                         net (fo=0)                   0.000     0.000    clk_gen/inst/clk_in1
    W5                   IBUF (Prop_ibuf_I_O)         0.414     0.414 r  clk_gen/inst/clkin1_ibufg/O
                         net (fo=1, routed)           0.480     0.894    clk_gen/inst/clk_in1_clk_wiz_0
    MMCME2_ADV_X1Y0      MMCME2_ADV (Prop_mmcme2_adv_CLKIN1_CLKOUT0)
                                                     -3.142    -2.248 r  clk_gen/inst/mmcm_adv_inst/CLKOUT0
                         net (fo=1, routed)           0.530    -1.718    clk_gen/inst/clk_out1_clk_wiz_0
    BUFGCTRL_X0Y1        BUFG (Prop_bufg_I_O)         0.029    -1.689 r  clk_gen/inst/clkout1_buf/O
                         net (fo=55, routed)          0.873    -0.816    u_ping_pong/clk_out1
    RAMB36_X1Y7          RAMB36E1                                     r  u_ping_pong/ram_reg_3_4/CLKBWRCLK
                         clock pessimism              0.274    -0.542    
    RAMB36_X1Y7          RAMB36E1 (Hold_ramb36e1_CLKBWRCLK_ADDRBWRADDR[1])
                                                      0.183    -0.359    u_ping_pong/ram_reg_3_4
  -------------------------------------------------------------------
                         required time                          0.359    
                         arrival time                          -0.097    
  -------------------------------------------------------------------
                         slack                                  0.262    

Slack (MET) :             0.264ns  (arrival time - required time)
  Source:                 u_vga/h_count_reg[6]/C
                            (rising edge-triggered cell FDCE clocked by clk_out1_clk_wiz_0_1  {rise@0.000ns fall@19.861ns period=39.722ns})
  Destination:            u_vga/h_count_reg[5]/D
                            (rising edge-triggered cell FDCE clocked by clk_out1_clk_wiz_0_1  {rise@0.000ns fall@19.861ns period=39.722ns})
  Path Group:             clk_out1_clk_wiz_0_1
  Path Type:              Hold (Min at Fast Process Corner)
  Requirement:            0.000ns  (clk_out1_clk_wiz_0_1 rise@0.000ns - clk_out1_clk_wiz_0_1 rise@0.000ns)
  Data Path Delay:        0.384ns  (logic 0.209ns (54.467%)  route 0.175ns (45.533%))
  Logic Levels:           1  (LUT6=1)
  Clock Path Skew:        0.000ns (DCD - SCD - CPR)
    Destination Clock Delay (DCD):    -0.862ns
    Source Clock Delay      (SCD):    -0.621ns
    Clock Pessimism Removal (CPR):    -0.240ns

    Location             Delay type                Incr(ns)  Path(ns)    Netlist Resource(s)
  -------------------------------------------------------------------    -------------------
                         (clock clk_out1_clk_wiz_0_1 rise edge)
                                                      0.000     0.000 r  
    W5                                                0.000     0.000 r  clk_100mhz (IN)
                         net (fo=0)                   0.000     0.000    clk_gen/inst/clk_in1
    W5                   IBUF (Prop_ibuf_I_O)         0.226     0.226 r  clk_gen/inst/clkin1_ibufg/O
                         net (fo=1, routed)           0.440     0.667    clk_gen/inst/clk_in1_clk_wiz_0
    MMCME2_ADV_X1Y0      MMCME2_ADV (Prop_mmcme2_adv_CLKIN1_CLKOUT0)
                                                     -2.360    -1.693 r  clk_gen/inst/mmcm_adv_inst/CLKOUT0
                         net (fo=1, routed)           0.486    -1.207    clk_gen/inst/clk_out1_clk_wiz_0
    BUFGCTRL_X0Y1        BUFG (Prop_bufg_I_O)         0.026    -1.181 r  clk_gen/inst/clkout1_buf/O
                         net (fo=55, routed)          0.560    -0.621    u_vga/CLK
    SLICE_X38Y37         FDCE                                         r  u_vga/h_count_reg[6]/C
  -------------------------------------------------------------------    -------------------
    SLICE_X38Y37         FDCE (Prop_fdce_C_Q)         0.164    -0.457 r  u_vga/h_count_reg[6]/Q
                         net (fo=37, routed)          0.175    -0.283    u_vga/ADDRBWRADDR[5]
    SLICE_X38Y37         LUT6 (Prop_lut6_I3_O)        0.045    -0.238 r  u_vga/h_count[5]_i_1/O
                         net (fo=1, routed)           0.000    -0.238    u_vga/h_count[5]
    SLICE_X38Y37         FDCE                                         r  u_vga/h_count_reg[5]/D
  -------------------------------------------------------------------    -------------------

                         (clock clk_out1_clk_wiz_0_1 rise edge)
                                                      0.000     0.000 r  
    W5                                                0.000     0.000 r  clk_100mhz (IN)
                         net (fo=0)                   0.000     0.000    clk_gen/inst/clk_in1
    W5                   IBUF (Prop_ibuf_I_O)         0.414     0.414 r  clk_gen/inst/clkin1_ibufg/O
                         net (fo=1, routed)           0.480     0.894    clk_gen/inst/clk_in1_clk_wiz_0
    MMCME2_ADV_X1Y0      MMCME2_ADV (Prop_mmcme2_adv_CLKIN1_CLKOUT0)
                                                     -3.142    -2.248 r  clk_gen/inst/mmcm_adv_inst/CLKOUT0
                         net (fo=1, routed)           0.530    -1.718    clk_gen/inst/clk_out1_clk_wiz_0
    BUFGCTRL_X0Y1        BUFG (Prop_bufg_I_O)         0.029    -1.689 r  clk_gen/inst/clkout1_buf/O
                         net (fo=55, routed)          0.828    -0.862    u_vga/CLK
    SLICE_X38Y37         FDCE                                         r  u_vga/h_count_reg[5]/C
                         clock pessimism              0.240    -0.621    
    SLICE_X38Y37         FDCE (Hold_fdce_C_D)         0.120    -0.501    u_vga/h_count_reg[5]
  -------------------------------------------------------------------
                         required time                          0.501    
                         arrival time                          -0.238    
  -------------------------------------------------------------------
                         slack                                  0.264    

Slack (MET) :             0.268ns  (arrival time - required time)
  Source:                 u_vga/h_count_reg[1]/C
                            (rising edge-triggered cell FDCE clocked by clk_out1_clk_wiz_0_1  {rise@0.000ns fall@19.861ns period=39.722ns})
  Destination:            u_vga/h_count_reg[4]/D
                            (rising edge-triggered cell FDCE clocked by clk_out1_clk_wiz_0_1  {rise@0.000ns fall@19.861ns period=39.722ns})
  Path Group:             clk_out1_clk_wiz_0_1
  Path Type:              Hold (Min at Fast Process Corner)
  Requirement:            0.000ns  (clk_out1_clk_wiz_0_1 rise@0.000ns - clk_out1_clk_wiz_0_1 rise@0.000ns)
  Data Path Delay:        0.360ns  (logic 0.186ns (51.681%)  route 0.174ns (48.319%))
  Logic Levels:           1  (LUT6=1)
  Clock Path Skew:        0.000ns (DCD - SCD - CPR)
    Destination Clock Delay (DCD):    -0.863ns
    Source Clock Delay      (SCD):    -0.622ns
    Clock Pessimism Removal (CPR):    -0.240ns

    Location             Delay type                Incr(ns)  Path(ns)    Netlist Resource(s)
  -------------------------------------------------------------------    -------------------
                         (clock clk_out1_clk_wiz_0_1 rise edge)
                                                      0.000     0.000 r  
    W5                                                0.000     0.000 r  clk_100mhz (IN)
                         net (fo=0)                   0.000     0.000    clk_gen/inst/clk_in1
    W5                   IBUF (Prop_ibuf_I_O)         0.226     0.226 r  clk_gen/inst/clkin1_ibufg/O
                         net (fo=1, routed)           0.440     0.667    clk_gen/inst/clk_in1_clk_wiz_0
    MMCME2_ADV_X1Y0      MMCME2_ADV (Prop_mmcme2_adv_CLKIN1_CLKOUT0)
                                                     -2.360    -1.693 r  clk_gen/inst/mmcm_adv_inst/CLKOUT0
                         net (fo=1, routed)           0.486    -1.207    clk_gen/inst/clk_out1_clk_wiz_0
    BUFGCTRL_X0Y1        BUFG (Prop_bufg_I_O)         0.026    -1.181 r  clk_gen/inst/clkout1_buf/O
                         net (fo=55, routed)          0.559    -0.622    u_vga/CLK
    SLICE_X37Y36         FDCE                                         r  u_vga/h_count_reg[1]/C
  -------------------------------------------------------------------    -------------------
    SLICE_X37Y36         FDCE (Prop_fdce_C_Q)         0.141    -0.481 r  u_vga/h_count_reg[1]/Q
                         net (fo=35, routed)          0.174    -0.307    u_vga/ADDRBWRADDR[0]
    SLICE_X37Y36         LUT6 (Prop_lut6_I4_O)        0.045    -0.262 r  u_vga/h_count[4]_i_1/O
                         net (fo=1, routed)           0.000    -0.262    u_vga/h_count[4]
    SLICE_X37Y36         FDCE                                         r  u_vga/h_count_reg[4]/D
  -------------------------------------------------------------------    -------------------

                         (clock clk_out1_clk_wiz_0_1 rise edge)
                                                      0.000     0.000 r  
    W5                                                0.000     0.000 r  clk_100mhz (IN)
                         net (fo=0)                   0.000     0.000    clk_gen/inst/clk_in1
    W5                   IBUF (Prop_ibuf_I_O)         0.414     0.414 r  clk_gen/inst/clkin1_ibufg/O
                         net (fo=1, routed)           0.480     0.894    clk_gen/inst/clk_in1_clk_wiz_0
    MMCME2_ADV_X1Y0      MMCME2_ADV (Prop_mmcme2_adv_CLKIN1_CLKOUT0)
                                                     -3.142    -2.248 r  clk_gen/inst/mmcm_adv_inst/CLKOUT0
                         net (fo=1, routed)           0.530    -1.718    clk_gen/inst/clk_out1_clk_wiz_0
    BUFGCTRL_X0Y1        BUFG (Prop_bufg_I_O)         0.029    -1.689 r  clk_gen/inst/clkout1_buf/O
                         net (fo=55, routed)          0.827    -0.863    u_vga/CLK
    SLICE_X37Y36         FDCE                                         r  u_vga/h_count_reg[4]/C
                         clock pessimism              0.240    -0.622    
    SLICE_X37Y36         FDCE (Hold_fdce_C_D)         0.092    -0.530    u_vga/h_count_reg[4]
  -------------------------------------------------------------------
                         required time                          0.530    
                         arrival time                          -0.262    
  -------------------------------------------------------------------
                         slack                                  0.268    

Slack (MET) :             0.273ns  (arrival time - required time)
  Source:                 u_vga/h_count_reg[5]/C
                            (rising edge-triggered cell FDCE clocked by clk_out1_clk_wiz_0_1  {rise@0.000ns fall@19.861ns period=39.722ns})
  Destination:            u_vga/h_count_reg[9]/D
                            (rising edge-triggered cell FDCE clocked by clk_out1_clk_wiz_0_1  {rise@0.000ns fall@19.861ns period=39.722ns})
  Path Group:             clk_out1_clk_wiz_0_1
  Path Type:              Hold (Min at Fast Process Corner)
  Requirement:            0.000ns  (clk_out1_clk_wiz_0_1 rise@0.000ns - clk_out1_clk_wiz_0_1 rise@0.000ns)
  Data Path Delay:        0.394ns  (logic 0.209ns (53.008%)  route 0.185ns (46.992%))
  Logic Levels:           1  (LUT6=1)
  Clock Path Skew:        0.000ns (DCD - SCD - CPR)
    Destination Clock Delay (DCD):    -0.862ns
    Source Clock Delay      (SCD):    -0.621ns
    Clock Pessimism Removal (CPR):    -0.240ns

    Location             Delay type                Incr(ns)  Path(ns)    Netlist Resource(s)
  -------------------------------------------------------------------    -------------------
                         (clock clk_out1_clk_wiz_0_1 rise edge)
                                                      0.000     0.000 r  
    W5                                                0.000     0.000 r  clk_100mhz (IN)
                         net (fo=0)                   0.000     0.000    clk_gen/inst/clk_in1
    W5                   IBUF (Prop_ibuf_I_O)         0.226     0.226 r  clk_gen/inst/clkin1_ibufg/O
                         net (fo=1, routed)           0.440     0.667    clk_gen/inst/clk_in1_clk_wiz_0
    MMCME2_ADV_X1Y0      MMCME2_ADV (Prop_mmcme2_adv_CLKIN1_CLKOUT0)
                                                     -2.360    -1.693 r  clk_gen/inst/mmcm_adv_inst/CLKOUT0
                         net (fo=1, routed)           0.486    -1.207    clk_gen/inst/clk_out1_clk_wiz_0
    BUFGCTRL_X0Y1        BUFG (Prop_bufg_I_O)         0.026    -1.181 r  clk_gen/inst/clkout1_buf/O
                         net (fo=55, routed)          0.560    -0.621    u_vga/CLK
    SLICE_X38Y37         FDCE                                         r  u_vga/h_count_reg[5]/C
  -------------------------------------------------------------------    -------------------
    SLICE_X38Y37         FDCE (Prop_fdce_C_Q)         0.164    -0.457 r  u_vga/h_count_reg[5]/Q
                         net (fo=37, routed)          0.185    -0.272    u_vga/ADDRBWRADDR[4]
    SLICE_X38Y37         LUT6 (Prop_lut6_I2_O)        0.045    -0.227 r  u_vga/h_count[9]_i_1/O
                         net (fo=1, routed)           0.000    -0.227    u_vga/h_count[9]
    SLICE_X38Y37         FDCE                                         r  u_vga/h_count_reg[9]/D
  -------------------------------------------------------------------    -------------------

                         (clock clk_out1_clk_wiz_0_1 rise edge)
                                                      0.000     0.000 r  
    W5                                                0.000     0.000 r  clk_100mhz (IN)
                         net (fo=0)                   0.000     0.000    clk_gen/inst/clk_in1
    W5                   IBUF (Prop_ibuf_I_O)         0.414     0.414 r  clk_gen/inst/clkin1_ibufg/O
                         net (fo=1, routed)           0.480     0.894    clk_gen/inst/clk_in1_clk_wiz_0
    MMCME2_ADV_X1Y0      MMCME2_ADV (Prop_mmcme2_adv_CLKIN1_CLKOUT0)
                                                     -3.142    -2.248 r  clk_gen/inst/mmcm_adv_inst/CLKOUT0
                         net (fo=1, routed)           0.530    -1.718    clk_gen/inst/clk_out1_clk_wiz_0
    BUFGCTRL_X0Y1        BUFG (Prop_bufg_I_O)         0.029    -1.689 r  clk_gen/inst/clkout1_buf/O
                         net (fo=55, routed)          0.828    -0.862    u_vga/CLK
    SLICE_X38Y37         FDCE                                         r  u_vga/h_count_reg[9]/C
                         clock pessimism              0.240    -0.621    
    SLICE_X38Y37         FDCE (Hold_fdce_C_D)         0.121    -0.500    u_vga/h_count_reg[9]
  -------------------------------------------------------------------
                         required time                          0.500    
                         arrival time                          -0.227    
  -------------------------------------------------------------------
                         slack                                  0.273    

Slack (MET) :             0.275ns  (arrival time - required time)
  Source:                 u_vga/h_count_reg[5]/C
                            (rising edge-triggered cell FDCE clocked by clk_out1_clk_wiz_0_1  {rise@0.000ns fall@19.861ns period=39.722ns})
  Destination:            u_vga/h_count_reg[8]/D
                            (rising edge-triggered cell FDCE clocked by clk_out1_clk_wiz_0_1  {rise@0.000ns fall@19.861ns period=39.722ns})
  Path Group:             clk_out1_clk_wiz_0_1
  Path Type:              Hold (Min at Fast Process Corner)
  Requirement:            0.000ns  (clk_out1_clk_wiz_0_1 rise@0.000ns - clk_out1_clk_wiz_0_1 rise@0.000ns)
  Data Path Delay:        0.396ns  (logic 0.209ns (52.740%)  route 0.187ns (47.260%))
  Logic Levels:           1  (LUT6=1)
  Clock Path Skew:        0.000ns (DCD - SCD - CPR)
    Destination Clock Delay (DCD):    -0.862ns
    Source Clock Delay      (SCD):    -0.621ns
    Clock Pessimism Removal (CPR):    -0.240ns

    Location             Delay type                Incr(ns)  Path(ns)    Netlist Resource(s)
  -------------------------------------------------------------------    -------------------
                         (clock clk_out1_clk_wiz_0_1 rise edge)
                                                      0.000     0.000 r  
    W5                                                0.000     0.000 r  clk_100mhz (IN)
                         net (fo=0)                   0.000     0.000    clk_gen/inst/clk_in1
    W5                   IBUF (Prop_ibuf_I_O)         0.226     0.226 r  clk_gen/inst/clkin1_ibufg/O
                         net (fo=1, routed)           0.440     0.667    clk_gen/inst/clk_in1_clk_wiz_0
    MMCME2_ADV_X1Y0      MMCME2_ADV (Prop_mmcme2_adv_CLKIN1_CLKOUT0)
                                                     -2.360    -1.693 r  clk_gen/inst/mmcm_adv_inst/CLKOUT0
                         net (fo=1, routed)           0.486    -1.207    clk_gen/inst/clk_out1_clk_wiz_0
    BUFGCTRL_X0Y1        BUFG (Prop_bufg_I_O)         0.026    -1.181 r  clk_gen/inst/clkout1_buf/O
                         net (fo=55, routed)          0.560    -0.621    u_vga/CLK
    SLICE_X38Y37         FDCE                                         r  u_vga/h_count_reg[5]/C
  -------------------------------------------------------------------    -------------------
    SLICE_X38Y37         FDCE (Prop_fdce_C_Q)         0.164    -0.457 r  u_vga/h_count_reg[5]/Q
                         net (fo=37, routed)          0.187    -0.270    u_vga/ADDRBWRADDR[4]
    SLICE_X38Y37         LUT6 (Prop_lut6_I3_O)        0.045    -0.225 r  u_vga/h_count[8]_i_1/O
                         net (fo=1, routed)           0.000    -0.225    u_vga/h_count[8]
    SLICE_X38Y37         FDCE                                         r  u_vga/h_count_reg[8]/D
  -------------------------------------------------------------------    -------------------

                         (clock clk_out1_clk_wiz_0_1 rise edge)
                                                      0.000     0.000 r  
    W5                                                0.000     0.000 r  clk_100mhz (IN)
                         net (fo=0)                   0.000     0.000    clk_gen/inst/clk_in1
    W5                   IBUF (Prop_ibuf_I_O)         0.414     0.414 r  clk_gen/inst/clkin1_ibufg/O
                         net (fo=1, routed)           0.480     0.894    clk_gen/inst/clk_in1_clk_wiz_0
    MMCME2_ADV_X1Y0      MMCME2_ADV (Prop_mmcme2_adv_CLKIN1_CLKOUT0)
                                                     -3.142    -2.248 r  clk_gen/inst/mmcm_adv_inst/CLKOUT0
                         net (fo=1, routed)           0.530    -1.718    clk_gen/inst/clk_out1_clk_wiz_0
    BUFGCTRL_X0Y1        BUFG (Prop_bufg_I_O)         0.029    -1.689 r  clk_gen/inst/clkout1_buf/O
                         net (fo=55, routed)          0.828    -0.862    u_vga/CLK
    SLICE_X38Y37         FDCE                                         r  u_vga/h_count_reg[8]/C
                         clock pessimism              0.240    -0.621    
    SLICE_X38Y37         FDCE (Hold_fdce_C_D)         0.121    -0.500    u_vga/h_count_reg[8]
  -------------------------------------------------------------------
                         required time                          0.500    
                         arrival time                          -0.225    
  -------------------------------------------------------------------
                         slack                                  0.275    





Pulse Width Checks
--------------------------------------------------------------------------------------
Clock Name:         clk_out1_clk_wiz_0_1
Waveform(ns):       { 0.000 19.861 }
Period(ns):         39.722
Sources:            { clk_gen/inst/mmcm_adv_inst/CLKOUT0 }

Check Type        Corner  Lib Pin             Reference Pin  Required(ns)  Actual(ns)  Slack(ns)  Location         Pin
Min Period        n/a     RAMB36E1/CLKBWRCLK  n/a            2.892         39.722      36.830     RAMB36_X2Y6      u_ping_pong/ram_reg_0_4/CLKBWRCLK
Min Period        n/a     RAMB36E1/CLKBWRCLK  n/a            2.892         39.722      36.830     RAMB36_X2Y9      u_ping_pong/ram_reg_0_6/CLKBWRCLK
Min Period        n/a     RAMB36E1/CLKBWRCLK  n/a            2.892         39.722      36.830     RAMB36_X1Y4      u_ping_pong/ram_reg_1_2/CLKBWRCLK
Min Period        n/a     RAMB36E1/CLKBWRCLK  n/a            2.892         39.722      36.830     RAMB36_X2Y7      u_ping_pong/ram_reg_1_4/CLKBWRCLK
Min Period        n/a     RAMB36E1/CLKBWRCLK  n/a            2.892         39.722      36.830     RAMB36_X2Y10     u_ping_pong/ram_reg_1_6/CLKBWRCLK
Min Period        n/a     RAMB36E1/CLKBWRCLK  n/a            2.892         39.722      36.830     RAMB36_X0Y8      u_ping_pong/ram_reg_2_2/CLKBWRCLK
Min Period        n/a     RAMB36E1/CLKBWRCLK  n/a            2.892         39.722      36.830     RAMB36_X0Y6      u_ping_pong/ram_reg_2_3/CLKBWRCLK
Min Period        n/a     RAMB36E1/CLKBWRCLK  n/a            2.892         39.722      36.830     RAMB36_X1Y6      u_ping_pong/ram_reg_2_4/CLKBWRCLK
Min Period        n/a     RAMB36E1/CLKBWRCLK  n/a            2.892         39.722      36.830     RAMB36_X0Y10     u_ping_pong/ram_reg_2_5/CLKBWRCLK
Min Period        n/a     RAMB36E1/CLKBWRCLK  n/a            2.892         39.722      36.830     RAMB36_X1Y8      u_ping_pong/ram_reg_2_6/CLKBWRCLK
Max Period        n/a     MMCME2_ADV/CLKOUT0  n/a            213.360       39.722      173.638    MMCME2_ADV_X1Y0  clk_gen/inst/mmcm_adv_inst/CLKOUT0
Low Pulse Width   Fast    FDCE/C              n/a            0.500         19.861      19.361     SLICE_X38Y39     u_vga/v_count_reg[0]/C
Low Pulse Width   Fast    FDCE/C              n/a            0.500         19.861      19.361     SLICE_X39Y38     u_vga/v_count_reg[1]/C
Low Pulse Width   Fast    FDCE/C              n/a            0.500         19.861      19.361     SLICE_X39Y38     u_vga/v_count_reg[2]/C
Low Pulse Width   Fast    FDCE/C              n/a            0.500         19.861      19.361     SLICE_X39Y38     u_vga/v_count_reg[3]/C
Low Pulse Width   Fast    FDCE/C              n/a            0.500         19.861      19.361     SLICE_X39Y38     u_vga/v_count_reg[4]/C
Low Pulse Width   Fast    FDCE/C              n/a            0.500         19.861      19.361     SLICE_X38Y39     u_vga/v_count_reg[5]/C
Low Pulse Width   Fast    FDCE/C              n/a            0.500         19.861      19.361     SLICE_X38Y39     u_vga/v_count_reg[6]/C
Low Pulse Width   Fast    FDCE/C              n/a            0.500         19.861      19.361     SLICE_X38Y39     u_vga/v_count_reg[7]/C
Low Pulse Width   Fast    FDCE/C              n/a            0.500         19.861      19.361     SLICE_X38Y39     u_vga/v_count_reg[8]/C
Low Pulse Width   Fast    FDCE/C              n/a            0.500         19.861      19.361     SLICE_X38Y39     u_vga/v_count_reg[9]/C
High Pulse Width  Slow    FDRE/C              n/a            0.500         19.861      19.361     SLICE_X39Y40     u_ping_pong/ram_reg_mux_sel__22/C
High Pulse Width  Slow    FDRE/C              n/a            0.500         19.861      19.361     SLICE_X39Y40     u_ping_pong/ram_reg_mux_sel__54/C
High Pulse Width  Slow    FDRE/C              n/a            0.500         19.861      19.361     SLICE_X39Y40     u_ping_pong/ram_reg_mux_sel__6/C
High Pulse Width  Slow    FDRE/C              n/a            0.500         19.861      19.361     SLICE_X38Y40     u_ping_pong/buf_sel_rd_sync2_reg/C
High Pulse Width  Slow    FDCE/C              n/a            0.500         19.861      19.361     SLICE_X36Y36     u_vga/h_count_reg[0]/C
High Pulse Width  Slow    FDCE/C              n/a            0.500         19.861      19.361     SLICE_X37Y36     u_vga/h_count_reg[1]/C
High Pulse Width  Slow    FDCE/C              n/a            0.500         19.861      19.361     SLICE_X37Y36     u_vga/h_count_reg[2]/C
High Pulse Width  Slow    FDCE/C              n/a            0.500         19.861      19.361     SLICE_X37Y36     u_vga/h_count_reg[3]/C
High Pulse Width  Slow    FDCE/C              n/a            0.500         19.861      19.361     SLICE_X37Y36     u_vga/h_count_reg[4]/C
High Pulse Width  Slow    FDCE/C              n/a            0.500         19.861      19.361     SLICE_X38Y37     u_vga/h_count_reg[5]/C



---------------------------------------------------------------------------------------------------
From Clock:  clk_out2_clk_wiz_0_1
  To Clock:  clk_out2_clk_wiz_0_1

Setup :            0  Failing Endpoints,  Worst Slack        3.262ns,  Total Violation        0.000ns
Hold  :            0  Failing Endpoints,  Worst Slack        0.172ns,  Total Violation        0.000ns
PW    :            0  Failing Endpoints,  Worst Slack        4.500ns,  Total Violation        0.000ns
---------------------------------------------------------------------------------------------------


Max Delay Paths
--------------------------------------------------------------------------------------
Slack (MET) :             3.262ns  (required time - arrival time)
  Source:                 u_ping_pong/wr_ptr_reg[14]/C
                            (rising edge-triggered cell FDRE clocked by clk_out2_clk_wiz_0_1  {rise@0.000ns fall@5.000ns period=10.000ns})
  Destination:            u_ping_pong/ram_reg_3_5/ENARDEN
                            (rising edge-triggered cell RAMB36E1 clocked by clk_out2_clk_wiz_0_1  {rise@0.000ns fall@5.000ns period=10.000ns})
  Path Group:             clk_out2_clk_wiz_0_1
  Path Type:              Setup (Max at Slow Process Corner)
  Requirement:            10.000ns  (clk_out2_clk_wiz_0_1 rise@10.000ns - clk_out2_clk_wiz_0_1 rise@0.000ns)
  Data Path Delay:        6.127ns  (logic 1.788ns (29.181%)  route 4.339ns (70.819%))
  Logic Levels:           4  (CARRY4=1 LUT3=2 LUT5=1)
  Clock Path Skew:        -0.091ns (DCD - SCD + CPR)
    Destination Clock Delay (DCD):    -1.514ns = ( 8.486 - 10.000 ) 
    Source Clock Delay      (SCD):    -0.940ns
    Clock Pessimism Removal (CPR):    0.484ns
  Clock Uncertainty:      0.077ns  ((TSJ^2 + DJ^2)^1/2) / 2 + PE
    Total System Jitter     (TSJ):    0.071ns
    Discrete Jitter          (DJ):    0.136ns
    Phase Error              (PE):    0.000ns

    Location             Delay type                Incr(ns)  Path(ns)    Netlist Resource(s)
  -------------------------------------------------------------------    -------------------
                         (clock clk_out2_clk_wiz_0_1 rise edge)
                                                      0.000     0.000 r  
    W5                                                0.000     0.000 r  clk_100mhz (IN)
                         net (fo=0)                   0.000     0.000    clk_gen/inst/clk_in1
    W5                   IBUF (Prop_ibuf_I_O)         1.458     1.458 r  clk_gen/inst/clkin1_ibufg/O
                         net (fo=1, routed)           1.233     2.691    clk_gen/inst/clk_in1_clk_wiz_0
    MMCME2_ADV_X1Y0      MMCME2_ADV (Prop_mmcme2_adv_CLKIN1_CLKOUT1)
                                                     -6.961    -4.269 r  clk_gen/inst/mmcm_adv_inst/CLKOUT1
                         net (fo=1, routed)           1.661    -2.608    clk_gen/inst/clk_out2_clk_wiz_0
    BUFGCTRL_X0Y0        BUFG (Prop_bufg_I_O)         0.096    -2.512 r  clk_gen/inst/clkout2_buf/O
                         net (fo=137, routed)         1.572    -0.940    u_ping_pong/clk_out2
    SLICE_X51Y47         FDRE                                         r  u_ping_pong/wr_ptr_reg[14]/C
  -------------------------------------------------------------------    -------------------
    SLICE_X51Y47         FDRE (Prop_fdre_C_Q)         0.419    -0.521 r  u_ping_pong/wr_ptr_reg[14]/Q
                         net (fo=5, routed)           0.837     0.316    u_ping_pong/wr_ptr[14]
    SLICE_X51Y45         LUT3 (Prop_lut3_I1_O)        0.299     0.615 r  u_ping_pong/wr_addr_final__0_carry__0_i_4/O
                         net (fo=25, routed)          0.000     0.615    u_ping_pong/wr_addr_final__0_carry__0_i_4_n_0
    SLICE_X51Y45         CARRY4 (Prop_carry4_S[1]_O[3])
                                                      0.640     1.255 f  u_ping_pong/wr_addr_final__0_carry__0/O[3]
                         net (fo=14, routed)          1.453     2.709    u_ping_pong/wr_addr_final[17]
    SLICE_X32Y43         LUT3 (Prop_lut3_I1_O)        0.306     3.015 r  u_ping_pong/ram_reg_2_2_i_1/O
                         net (fo=12, routed)          1.343     4.357    u_ping_pong/ram_reg_2_2_i_1_n_0
    SLICE_X14Y53         LUT5 (Prop_lut5_I4_O)        0.124     4.481 r  u_ping_pong/ram_reg_3_5_ENARDEN_cooolgate_en_gate_19/O
                         net (fo=1, routed)           0.706     5.188    u_ping_pong/ram_reg_3_5_ENARDEN_cooolgate_en_sig_10
    RAMB36_X0Y11         RAMB36E1                                     r  u_ping_pong/ram_reg_3_5/ENARDEN
  -------------------------------------------------------------------    -------------------

                         (clock clk_out2_clk_wiz_0_1 rise edge)
                                                     10.000    10.000 r  
    W5                                                0.000    10.000 r  clk_100mhz (IN)
                         net (fo=0)                   0.000    10.000    clk_gen/inst/clk_in1
    W5                   IBUF (Prop_ibuf_I_O)         1.388    11.388 r  clk_gen/inst/clkin1_ibufg/O
                         net (fo=1, routed)           1.162    12.550    clk_gen/inst/clk_in1_clk_wiz_0
    MMCME2_ADV_X1Y0      MMCME2_ADV (Prop_mmcme2_adv_CLKIN1_CLKOUT1)
                                                     -7.217     5.332 r  clk_gen/inst/mmcm_adv_inst/CLKOUT1
                         net (fo=1, routed)           1.581     6.914    clk_gen/inst/clk_out2_clk_wiz_0
    BUFGCTRL_X0Y0        BUFG (Prop_bufg_I_O)         0.091     7.005 r  clk_gen/inst/clkout2_buf/O
                         net (fo=137, routed)         1.481     8.486    u_ping_pong/clk_out2
    RAMB36_X0Y11         RAMB36E1                                     r  u_ping_pong/ram_reg_3_5/CLKARDCLK
                         clock pessimism              0.484     8.969    
                         clock uncertainty           -0.077     8.893    
    RAMB36_X0Y11         RAMB36E1 (Setup_ramb36e1_CLKARDCLK_ENARDEN)
                                                     -0.443     8.450    u_ping_pong/ram_reg_3_5
  -------------------------------------------------------------------
                         required time                          8.450    
                         arrival time                          -5.188    
  -------------------------------------------------------------------
                         slack                                  3.262    

Slack (MET) :             3.431ns  (required time - arrival time)
  Source:                 u_ping_pong/wr_ptr_reg[14]/C
                            (rising edge-triggered cell FDRE clocked by clk_out2_clk_wiz_0_1  {rise@0.000ns fall@5.000ns period=10.000ns})
  Destination:            u_ping_pong/ram_reg_2_5/ENARDEN
                            (rising edge-triggered cell RAMB36E1 clocked by clk_out2_clk_wiz_0_1  {rise@0.000ns fall@5.000ns period=10.000ns})
  Path Group:             clk_out2_clk_wiz_0_1
  Path Type:              Setup (Max at Slow Process Corner)
  Requirement:            10.000ns  (clk_out2_clk_wiz_0_1 rise@10.000ns - clk_out2_clk_wiz_0_1 rise@0.000ns)
  Data Path Delay:        5.960ns  (logic 1.788ns (30.001%)  route 4.172ns (69.999%))
  Logic Levels:           4  (CARRY4=1 LUT3=2 LUT5=1)
  Clock Path Skew:        -0.090ns (DCD - SCD + CPR)
    Destination Clock Delay (DCD):    -1.513ns = ( 8.487 - 10.000 ) 
    Source Clock Delay      (SCD):    -0.940ns
    Clock Pessimism Removal (CPR):    0.484ns
  Clock Uncertainty:      0.077ns  ((TSJ^2 + DJ^2)^1/2) / 2 + PE
    Total System Jitter     (TSJ):    0.071ns
    Discrete Jitter          (DJ):    0.136ns
    Phase Error              (PE):    0.000ns

    Location             Delay type                Incr(ns)  Path(ns)    Netlist Resource(s)
  -------------------------------------------------------------------    -------------------
                         (clock clk_out2_clk_wiz_0_1 rise edge)
                                                      0.000     0.000 r  
    W5                                                0.000     0.000 r  clk_100mhz (IN)
                         net (fo=0)                   0.000     0.000    clk_gen/inst/clk_in1
    W5                   IBUF (Prop_ibuf_I_O)         1.458     1.458 r  clk_gen/inst/clkin1_ibufg/O
                         net (fo=1, routed)           1.233     2.691    clk_gen/inst/clk_in1_clk_wiz_0
    MMCME2_ADV_X1Y0      MMCME2_ADV (Prop_mmcme2_adv_CLKIN1_CLKOUT1)
                                                     -6.961    -4.269 r  clk_gen/inst/mmcm_adv_inst/CLKOUT1
                         net (fo=1, routed)           1.661    -2.608    clk_gen/inst/clk_out2_clk_wiz_0
    BUFGCTRL_X0Y0        BUFG (Prop_bufg_I_O)         0.096    -2.512 r  clk_gen/inst/clkout2_buf/O
                         net (fo=137, routed)         1.572    -0.940    u_ping_pong/clk_out2
    SLICE_X51Y47         FDRE                                         r  u_ping_pong/wr_ptr_reg[14]/C
  -------------------------------------------------------------------    -------------------
    SLICE_X51Y47         FDRE (Prop_fdre_C_Q)         0.419    -0.521 r  u_ping_pong/wr_ptr_reg[14]/Q
                         net (fo=5, routed)           0.837     0.316    u_ping_pong/wr_ptr[14]
    SLICE_X51Y45         LUT3 (Prop_lut3_I1_O)        0.299     0.615 r  u_ping_pong/wr_addr_final__0_carry__0_i_4/O
                         net (fo=25, routed)          0.000     0.615    u_ping_pong/wr_addr_final__0_carry__0_i_4_n_0
    SLICE_X51Y45         CARRY4 (Prop_carry4_S[1]_O[3])
                                                      0.640     1.255 f  u_ping_pong/wr_addr_final__0_carry__0/O[3]
                         net (fo=14, routed)          1.453     2.709    u_ping_pong/wr_addr_final[17]
    SLICE_X32Y43         LUT3 (Prop_lut3_I1_O)        0.306     3.015 r  u_ping_pong/ram_reg_2_2_i_1/O
                         net (fo=12, routed)          1.343     4.357    u_ping_pong/ram_reg_2_2_i_1_n_0
    SLICE_X14Y52         LUT5 (Prop_lut5_I4_O)        0.124     4.481 r  u_ping_pong/ram_reg_2_5_ENARDEN_cooolgate_en_gate_43/O
                         net (fo=1, routed)           0.539     5.020    u_ping_pong/ram_reg_2_5_ENARDEN_cooolgate_en_sig_22
    RAMB36_X0Y10         RAMB36E1                                     r  u_ping_pong/ram_reg_2_5/ENARDEN
  -------------------------------------------------------------------    -------------------

                         (clock clk_out2_clk_wiz_0_1 rise edge)
                                                     10.000    10.000 r  
    W5                                                0.000    10.000 r  clk_100mhz (IN)
                         net (fo=0)                   0.000    10.000    clk_gen/inst/clk_in1
    W5                   IBUF (Prop_ibuf_I_O)         1.388    11.388 r  clk_gen/inst/clkin1_ibufg/O
                         net (fo=1, routed)           1.162    12.550    clk_gen/inst/clk_in1_clk_wiz_0
    MMCME2_ADV_X1Y0      MMCME2_ADV (Prop_mmcme2_adv_CLKIN1_CLKOUT1)
                                                     -7.217     5.332 r  clk_gen/inst/mmcm_adv_inst/CLKOUT1
                         net (fo=1, routed)           1.581     6.914    clk_gen/inst/clk_out2_clk_wiz_0
    BUFGCTRL_X0Y0        BUFG (Prop_bufg_I_O)         0.091     7.005 r  clk_gen/inst/clkout2_buf/O
                         net (fo=137, routed)         1.482     8.487    u_ping_pong/clk_out2
    RAMB36_X0Y10         RAMB36E1                                     r  u_ping_pong/ram_reg_2_5/CLKARDCLK
                         clock pessimism              0.484     8.970    
                         clock uncertainty           -0.077     8.894    
    RAMB36_X0Y10         RAMB36E1 (Setup_ramb36e1_CLKARDCLK_ENARDEN)
                                                     -0.443     8.451    u_ping_pong/ram_reg_2_5
  -------------------------------------------------------------------
                         required time                          8.451    
                         arrival time                          -5.020    
  -------------------------------------------------------------------
                         slack                                  3.431    

Slack (MET) :             3.460ns  (required time - arrival time)
  Source:                 u_ping_pong/wr_ptr_reg[12]/C
                            (rising edge-triggered cell FDRE clocked by clk_out2_clk_wiz_0_1  {rise@0.000ns fall@5.000ns period=10.000ns})
  Destination:            u_ping_pong/ram_reg_3_5/ADDRARDADDR[15]
                            (rising edge-triggered cell RAMB36E1 clocked by clk_out2_clk_wiz_0_1  {rise@0.000ns fall@5.000ns period=10.000ns})
  Path Group:             clk_out2_clk_wiz_0_1
  Path Type:              Setup (Max at Slow Process Corner)
  Requirement:            10.000ns  (clk_out2_clk_wiz_0_1 rise@10.000ns - clk_out2_clk_wiz_0_1 rise@0.000ns)
  Data Path Delay:        5.679ns  (logic 1.315ns (23.156%)  route 4.364ns (76.844%))
  Logic Levels:           3  (CARRY4=2 LUT3=1)
  Clock Path Skew:        -0.091ns (DCD - SCD + CPR)
    Destination Clock Delay (DCD):    -1.514ns = ( 8.486 - 10.000 ) 
    Source Clock Delay      (SCD):    -0.940ns
    Clock Pessimism Removal (CPR):    0.484ns
  Clock Uncertainty:      0.077ns  ((TSJ^2 + DJ^2)^1/2) / 2 + PE
    Total System Jitter     (TSJ):    0.071ns
    Discrete Jitter          (DJ):    0.136ns
    Phase Error              (PE):    0.000ns

    Location             Delay type                Incr(ns)  Path(ns)    Netlist Resource(s)
  -------------------------------------------------------------------    -------------------
                         (clock clk_out2_clk_wiz_0_1 rise edge)
                                                      0.000     0.000 r  
    W5                                                0.000     0.000 r  clk_100mhz (IN)
                         net (fo=0)                   0.000     0.000    clk_gen/inst/clk_in1
    W5                   IBUF (Prop_ibuf_I_O)         1.458     1.458 r  clk_gen/inst/clkin1_ibufg/O
                         net (fo=1, routed)           1.233     2.691    clk_gen/inst/clk_in1_clk_wiz_0
    MMCME2_ADV_X1Y0      MMCME2_ADV (Prop_mmcme2_adv_CLKIN1_CLKOUT1)
                                                     -6.961    -4.269 r  clk_gen/inst/mmcm_adv_inst/CLKOUT1
                         net (fo=1, routed)           1.661    -2.608    clk_gen/inst/clk_out2_clk_wiz_0
    BUFGCTRL_X0Y0        BUFG (Prop_bufg_I_O)         0.096    -2.512 r  clk_gen/inst/clkout2_buf/O
                         net (fo=137, routed)         1.572    -0.940    u_ping_pong/clk_out2
    SLICE_X51Y47         FDRE                                         r  u_ping_pong/wr_ptr_reg[12]/C
  -------------------------------------------------------------------    -------------------
    SLICE_X51Y47         FDRE (Prop_fdre_C_Q)         0.456    -0.484 r  u_ping_pong/wr_ptr_reg[12]/Q
                         net (fo=5, routed)           0.841     0.357    u_ping_pong/wr_ptr[12]
    SLICE_X51Y44         LUT3 (Prop_lut3_I1_O)        0.124     0.481 r  u_ping_pong/wr_addr_final__0_carry_i_3/O
                         net (fo=1, routed)           0.000     0.481    u_ping_pong/wr_addr_final__0_carry_i_3_n_0
    SLICE_X51Y44         CARRY4 (Prop_carry4_S[3]_CO[3])
                                                      0.401     0.882 r  u_ping_pong/wr_addr_final__0_carry/CO[3]
                         net (fo=1, routed)           0.000     0.882    u_ping_pong/wr_addr_final__0_carry_n_0
    SLICE_X51Y45         CARRY4 (Prop_carry4_CI_O[1])
                                                      0.334     1.216 r  u_ping_pong/wr_addr_final__0_carry__0/O[1]
                         net (fo=26, routed)          3.523     4.739    u_ping_pong/wr_addr_final[15]
    RAMB36_X0Y11         RAMB36E1                                     r  u_ping_pong/ram_reg_3_5/ADDRARDADDR[15]
  -------------------------------------------------------------------    -------------------

                         (clock clk_out2_clk_wiz_0_1 rise edge)
                                                     10.000    10.000 r  
    W5                                                0.000    10.000 r  clk_100mhz (IN)
                         net (fo=0)                   0.000    10.000    clk_gen/inst/clk_in1
    W5                   IBUF (Prop_ibuf_I_O)         1.388    11.388 r  clk_gen/inst/clkin1_ibufg/O
                         net (fo=1, routed)           1.162    12.550    clk_gen/inst/clk_in1_clk_wiz_0
    MMCME2_ADV_X1Y0      MMCME2_ADV (Prop_mmcme2_adv_CLKIN1_CLKOUT1)
                                                     -7.217     5.332 r  clk_gen/inst/mmcm_adv_inst/CLKOUT1
                         net (fo=1, routed)           1.581     6.914    clk_gen/inst/clk_out2_clk_wiz_0
    BUFGCTRL_X0Y0        BUFG (Prop_bufg_I_O)         0.091     7.005 r  clk_gen/inst/clkout2_buf/O
                         net (fo=137, routed)         1.481     8.486    u_ping_pong/clk_out2
    RAMB36_X0Y11         RAMB36E1                                     r  u_ping_pong/ram_reg_3_5/CLKARDCLK
                         clock pessimism              0.484     8.969    
                         clock uncertainty           -0.077     8.893    
    RAMB36_X0Y11         RAMB36E1 (Setup_ramb36e1_CLKARDCLK_ADDRARDADDR[15])
                                                     -0.694     8.199    u_ping_pong/ram_reg_3_5
  -------------------------------------------------------------------
                         required time                          8.199    
                         arrival time                          -4.739    
  -------------------------------------------------------------------
                         slack                                  3.460    

Slack (MET) :             3.460ns  (required time - arrival time)
  Source:                 u_ping_pong/wr_ptr_reg[14]/C
                            (rising edge-triggered cell FDRE clocked by clk_out2_clk_wiz_0_1  {rise@0.000ns fall@5.000ns period=10.000ns})
  Destination:            u_ping_pong/ram_reg_2_3/ENARDEN
                            (rising edge-triggered cell RAMB36E1 clocked by clk_out2_clk_wiz_0_1  {rise@0.000ns fall@5.000ns period=10.000ns})
  Path Group:             clk_out2_clk_wiz_0_1
  Path Type:              Setup (Max at Slow Process Corner)
  Requirement:            10.000ns  (clk_out2_clk_wiz_0_1 rise@10.000ns - clk_out2_clk_wiz_0_1 rise@0.000ns)
  Data Path Delay:        5.942ns  (logic 1.788ns (30.090%)  route 4.154ns (69.910%))
  Logic Levels:           4  (CARRY4=1 LUT3=2 LUT5=1)
  Clock Path Skew:        -0.079ns (DCD - SCD + CPR)
    Destination Clock Delay (DCD):    -1.510ns = ( 8.490 - 10.000 ) 
    Source Clock Delay      (SCD):    -0.940ns
    Clock Pessimism Removal (CPR):    0.492ns
  Clock Uncertainty:      0.077ns  ((TSJ^2 + DJ^2)^1/2) / 2 + PE
    Total System Jitter     (TSJ):    0.071ns
    Discrete Jitter          (DJ):    0.136ns
    Phase Error              (PE):    0.000ns

    Location             Delay type                Incr(ns)  Path(ns)    Netlist Resource(s)
  -------------------------------------------------------------------    -------------------
                         (clock clk_out2_clk_wiz_0_1 rise edge)
                                                      0.000     0.000 r  
    W5                                                0.000     0.000 r  clk_100mhz (IN)
                         net (fo=0)                   0.000     0.000    clk_gen/inst/clk_in1
    W5                   IBUF (Prop_ibuf_I_O)         1.458     1.458 r  clk_gen/inst/clkin1_ibufg/O
                         net (fo=1, routed)           1.233     2.691    clk_gen/inst/clk_in1_clk_wiz_0
    MMCME2_ADV_X1Y0      MMCME2_ADV (Prop_mmcme2_adv_CLKIN1_CLKOUT1)
                                                     -6.961    -4.269 r  clk_gen/inst/mmcm_adv_inst/CLKOUT1
                         net (fo=1, routed)           1.661    -2.608    clk_gen/inst/clk_out2_clk_wiz_0
    BUFGCTRL_X0Y0        BUFG (Prop_bufg_I_O)         0.096    -2.512 r  clk_gen/inst/clkout2_buf/O
                         net (fo=137, routed)         1.572    -0.940    u_ping_pong/clk_out2
    SLICE_X51Y47         FDRE                                         r  u_ping_pong/wr_ptr_reg[14]/C
  -------------------------------------------------------------------    -------------------
    SLICE_X51Y47         FDRE (Prop_fdre_C_Q)         0.419    -0.521 r  u_ping_pong/wr_ptr_reg[14]/Q
                         net (fo=5, routed)           0.837     0.316    u_ping_pong/wr_ptr[14]
    SLICE_X51Y45         LUT3 (Prop_lut3_I1_O)        0.299     0.615 r  u_ping_pong/wr_addr_final__0_carry__0_i_4/O
                         net (fo=25, routed)          0.000     0.615    u_ping_pong/wr_addr_final__0_carry__0_i_4_n_0
    SLICE_X51Y45         CARRY4 (Prop_carry4_S[1]_O[3])
                                                      0.640     1.255 f  u_ping_pong/wr_addr_final__0_carry__0/O[3]
                         net (fo=14, routed)          1.453     2.709    u_ping_pong/wr_addr_final[17]
    SLICE_X32Y43         LUT3 (Prop_lut3_I1_O)        0.306     3.015 r  u_ping_pong/ram_reg_2_2_i_1/O
                         net (fo=12, routed)          0.995     4.010    u_ping_pong/ram_reg_2_2_i_1_n_0
    SLICE_X14Y38         LUT5 (Prop_lut5_I4_O)        0.124     4.134 r  u_ping_pong/ram_reg_2_3_ENARDEN_cooolgate_en_gate_39/O
                         net (fo=1, routed)           0.869     5.003    u_ping_pong/ram_reg_2_3_ENARDEN_cooolgate_en_sig_20
    RAMB36_X0Y6          RAMB36E1                                     r  u_ping_pong/ram_reg_2_3/ENARDEN
  -------------------------------------------------------------------    -------------------

                         (clock clk_out2_clk_wiz_0_1 rise edge)
                                                     10.000    10.000 r  
    W5                                                0.000    10.000 r  clk_100mhz (IN)
                         net (fo=0)                   0.000    10.000    clk_gen/inst/clk_in1
    W5                   IBUF (Prop_ibuf_I_O)         1.388    11.388 r  clk_gen/inst/clkin1_ibufg/O
                         net (fo=1, routed)           1.162    12.550    clk_gen/inst/clk_in1_clk_wiz_0
    MMCME2_ADV_X1Y0      MMCME2_ADV (Prop_mmcme2_adv_CLKIN1_CLKOUT1)
                                                     -7.217     5.332 r  clk_gen/inst/mmcm_adv_inst/CLKOUT1
                         net (fo=1, routed)           1.581     6.914    clk_gen/inst/clk_out2_clk_wiz_0
    BUFGCTRL_X0Y0        BUFG (Prop_bufg_I_O)         0.091     7.005 r  clk_gen/inst/clkout2_buf/O
                         net (fo=137, routed)         1.486     8.490    u_ping_pong/clk_out2
    RAMB36_X0Y6          RAMB36E1                                     r  u_ping_pong/ram_reg_2_3/CLKARDCLK
                         clock pessimism              0.492     8.982    
                         clock uncertainty           -0.077     8.905    
    RAMB36_X0Y6          RAMB36E1 (Setup_ramb36e1_CLKARDCLK_ENARDEN)
                                                     -0.443     8.462    u_ping_pong/ram_reg_2_3
  -------------------------------------------------------------------
                         required time                          8.462    
                         arrival time                          -5.003    
  -------------------------------------------------------------------
                         slack                                  3.460    

Slack (MET) :             3.518ns  (required time - arrival time)
  Source:                 u_ping_pong/wr_ptr_reg[12]/C
                            (rising edge-triggered cell FDRE clocked by clk_out2_clk_wiz_0_1  {rise@0.000ns fall@5.000ns period=10.000ns})
  Destination:            u_ping_pong/ram_reg_2_5/ADDRARDADDR[15]
                            (rising edge-triggered cell RAMB36E1 clocked by clk_out2_clk_wiz_0_1  {rise@0.000ns fall@5.000ns period=10.000ns})
  Path Group:             clk_out2_clk_wiz_0_1
  Path Type:              Setup (Max at Slow Process Corner)
  Requirement:            10.000ns  (clk_out2_clk_wiz_0_1 rise@10.000ns - clk_out2_clk_wiz_0_1 rise@0.000ns)
  Data Path Delay:        5.621ns  (logic 1.315ns (23.394%)  route 4.306ns (76.606%))
  Logic Levels:           3  (CARRY4=2 LUT3=1)
  Clock Path Skew:        -0.090ns (DCD - SCD + CPR)
    Destination Clock Delay (DCD):    -1.513ns = ( 8.487 - 10.000 ) 
    Source Clock Delay      (SCD):    -0.940ns
    Clock Pessimism Removal (CPR):    0.484ns
  Clock Uncertainty:      0.077ns  ((TSJ^2 + DJ^2)^1/2) / 2 + PE
    Total System Jitter     (TSJ):    0.071ns
    Discrete Jitter          (DJ):    0.136ns
    Phase Error              (PE):    0.000ns

    Location             Delay type                Incr(ns)  Path(ns)    Netlist Resource(s)
  -------------------------------------------------------------------    -------------------
                         (clock clk_out2_clk_wiz_0_1 rise edge)
                                                      0.000     0.000 r  
    W5                                                0.000     0.000 r  clk_100mhz (IN)
                         net (fo=0)                   0.000     0.000    clk_gen/inst/clk_in1
    W5                   IBUF (Prop_ibuf_I_O)         1.458     1.458 r  clk_gen/inst/clkin1_ibufg/O
                         net (fo=1, routed)           1.233     2.691    clk_gen/inst/clk_in1_clk_wiz_0
    MMCME2_ADV_X1Y0      MMCME2_ADV (Prop_mmcme2_adv_CLKIN1_CLKOUT1)
                                                     -6.961    -4.269 r  clk_gen/inst/mmcm_adv_inst/CLKOUT1
                         net (fo=1, routed)           1.661    -2.608    clk_gen/inst/clk_out2_clk_wiz_0
    BUFGCTRL_X0Y0        BUFG (Prop_bufg_I_O)         0.096    -2.512 r  clk_gen/inst/clkout2_buf/O
                         net (fo=137, routed)         1.572    -0.940    u_ping_pong/clk_out2
    SLICE_X51Y47         FDRE                                         r  u_ping_pong/wr_ptr_reg[12]/C
  -------------------------------------------------------------------    -------------------
    SLICE_X51Y47         FDRE (Prop_fdre_C_Q)         0.456    -0.484 r  u_ping_pong/wr_ptr_reg[12]/Q
                         net (fo=5, routed)           0.841     0.357    u_ping_pong/wr_ptr[12]
    SLICE_X51Y44         LUT3 (Prop_lut3_I1_O)        0.124     0.481 r  u_ping_pong/wr_addr_final__0_carry_i_3/O
                         net (fo=1, routed)           0.000     0.481    u_ping_pong/wr_addr_final__0_carry_i_3_n_0
    SLICE_X51Y44         CARRY4 (Prop_carry4_S[3]_CO[3])
                                                      0.401     0.882 r  u_ping_pong/wr_addr_final__0_carry/CO[3]
                         net (fo=1, routed)           0.000     0.882    u_ping_pong/wr_addr_final__0_carry_n_0
    SLICE_X51Y45         CARRY4 (Prop_carry4_CI_O[1])
                                                      0.334     1.216 r  u_ping_pong/wr_addr_final__0_carry__0/O[1]
                         net (fo=26, routed)          3.465     4.682    u_ping_pong/wr_addr_final[15]
    RAMB36_X0Y10         RAMB36E1                                     r  u_ping_pong/ram_reg_2_5/ADDRARDADDR[15]
  -------------------------------------------------------------------    -------------------

                         (clock clk_out2_clk_wiz_0_1 rise edge)
                                                     10.000    10.000 r  
    W5                                                0.000    10.000 r  clk_100mhz (IN)
                         net (fo=0)                   0.000    10.000    clk_gen/inst/clk_in1
    W5                   IBUF (Prop_ibuf_I_O)         1.388    11.388 r  clk_gen/inst/clkin1_ibufg/O
                         net (fo=1, routed)           1.162    12.550    clk_gen/inst/clk_in1_clk_wiz_0
    MMCME2_ADV_X1Y0      MMCME2_ADV (Prop_mmcme2_adv_CLKIN1_CLKOUT1)
                                                     -7.217     5.332 r  clk_gen/inst/mmcm_adv_inst/CLKOUT1
                         net (fo=1, routed)           1.581     6.914    clk_gen/inst/clk_out2_clk_wiz_0
    BUFGCTRL_X0Y0        BUFG (Prop_bufg_I_O)         0.091     7.005 r  clk_gen/inst/clkout2_buf/O
                         net (fo=137, routed)         1.482     8.487    u_ping_pong/clk_out2
    RAMB36_X0Y10         RAMB36E1                                     r  u_ping_pong/ram_reg_2_5/CLKARDCLK
                         clock pessimism              0.484     8.970    
                         clock uncertainty           -0.077     8.894    
    RAMB36_X0Y10         RAMB36E1 (Setup_ramb36e1_CLKARDCLK_ADDRARDADDR[15])
                                                     -0.694     8.200    u_ping_pong/ram_reg_2_5
  -------------------------------------------------------------------
                         required time                          8.200    
                         arrival time                          -4.682    
  -------------------------------------------------------------------
                         slack                                  3.518    

Slack (MET) :             3.541ns  (required time - arrival time)
  Source:                 u_ping_pong/wr_ptr_reg[12]/C
                            (rising edge-triggered cell FDRE clocked by clk_out2_clk_wiz_0_1  {rise@0.000ns fall@5.000ns period=10.000ns})
  Destination:            u_ping_pong/ram_reg_2_3/ADDRARDADDR[15]
                            (rising edge-triggered cell RAMB36E1 clocked by clk_out2_clk_wiz_0_1  {rise@0.000ns fall@5.000ns period=10.000ns})
  Path Group:             clk_out2_clk_wiz_0_1
  Path Type:              Setup (Max at Slow Process Corner)
  Requirement:            10.000ns  (clk_out2_clk_wiz_0_1 rise@10.000ns - clk_out2_clk_wiz_0_1 rise@0.000ns)
  Data Path Delay:        5.610ns  (logic 1.315ns (23.440%)  route 4.295ns (76.560%))
  Logic Levels:           3  (CARRY4=2 LUT3=1)
  Clock Path Skew:        -0.079ns (DCD - SCD + CPR)
    Destination Clock Delay (DCD):    -1.510ns = ( 8.490 - 10.000 ) 
    Source Clock Delay      (SCD):    -0.940ns
    Clock Pessimism Removal (CPR):    0.492ns
  Clock Uncertainty:      0.077ns  ((TSJ^2 + DJ^2)^1/2) / 2 + PE
    Total System Jitter     (TSJ):    0.071ns
    Discrete Jitter          (DJ):    0.136ns
    Phase Error              (PE):    0.000ns

    Location             Delay type                Incr(ns)  Path(ns)    Netlist Resource(s)
  -------------------------------------------------------------------    -------------------
                         (clock clk_out2_clk_wiz_0_1 rise edge)
                                                      0.000     0.000 r  
    W5                                                0.000     0.000 r  clk_100mhz (IN)
                         net (fo=0)                   0.000     0.000    clk_gen/inst/clk_in1
    W5                   IBUF (Prop_ibuf_I_O)         1.458     1.458 r  clk_gen/inst/clkin1_ibufg/O
                         net (fo=1, routed)           1.233     2.691    clk_gen/inst/clk_in1_clk_wiz_0
    MMCME2_ADV_X1Y0      MMCME2_ADV (Prop_mmcme2_adv_CLKIN1_CLKOUT1)
                                                     -6.961    -4.269 r  clk_gen/inst/mmcm_adv_inst/CLKOUT1
                         net (fo=1, routed)           1.661    -2.608    clk_gen/inst/clk_out2_clk_wiz_0
    BUFGCTRL_X0Y0        BUFG (Prop_bufg_I_O)         0.096    -2.512 r  clk_gen/inst/clkout2_buf/O
                         net (fo=137, routed)         1.572    -0.940    u_ping_pong/clk_out2
    SLICE_X51Y47         FDRE                                         r  u_ping_pong/wr_ptr_reg[12]/C
  -------------------------------------------------------------------    -------------------
    SLICE_X51Y47         FDRE (Prop_fdre_C_Q)         0.456    -0.484 r  u_ping_pong/wr_ptr_reg[12]/Q
                         net (fo=5, routed)           0.841     0.357    u_ping_pong/wr_ptr[12]
    SLICE_X51Y44         LUT3 (Prop_lut3_I1_O)        0.124     0.481 r  u_ping_pong/wr_addr_final__0_carry_i_3/O
                         net (fo=1, routed)           0.000     0.481    u_ping_pong/wr_addr_final__0_carry_i_3_n_0
    SLICE_X51Y44         CARRY4 (Prop_carry4_S[3]_CO[3])
                                                      0.401     0.882 r  u_ping_pong/wr_addr_final__0_carry/CO[3]
                         net (fo=1, routed)           0.000     0.882    u_ping_pong/wr_addr_final__0_carry_n_0
    SLICE_X51Y45         CARRY4 (Prop_carry4_CI_O[1])
                                                      0.334     1.216 r  u_ping_pong/wr_addr_final__0_carry__0/O[1]
                         net (fo=26, routed)          3.454     4.670    u_ping_pong/wr_addr_final[15]
    RAMB36_X0Y6          RAMB36E1                                     r  u_ping_pong/ram_reg_2_3/ADDRARDADDR[15]
  -------------------------------------------------------------------    -------------------

                         (clock clk_out2_clk_wiz_0_1 rise edge)
                                                     10.000    10.000 r  
    W5                                                0.000    10.000 r  clk_100mhz (IN)
                         net (fo=0)                   0.000    10.000    clk_gen/inst/clk_in1
    W5                   IBUF (Prop_ibuf_I_O)         1.388    11.388 r  clk_gen/inst/clkin1_ibufg/O
                         net (fo=1, routed)           1.162    12.550    clk_gen/inst/clk_in1_clk_wiz_0
    MMCME2_ADV_X1Y0      MMCME2_ADV (Prop_mmcme2_adv_CLKIN1_CLKOUT1)
                                                     -7.217     5.332 r  clk_gen/inst/mmcm_adv_inst/CLKOUT1
                         net (fo=1, routed)           1.581     6.914    clk_gen/inst/clk_out2_clk_wiz_0
    BUFGCTRL_X0Y0        BUFG (Prop_bufg_I_O)         0.091     7.005 r  clk_gen/inst/clkout2_buf/O
                         net (fo=137, routed)         1.486     8.490    u_ping_pong/clk_out2
    RAMB36_X0Y6          RAMB36E1                                     r  u_ping_pong/ram_reg_2_3/CLKARDCLK
                         clock pessimism              0.492     8.982    
                         clock uncertainty           -0.077     8.905    
    RAMB36_X0Y6          RAMB36E1 (Setup_ramb36e1_CLKARDCLK_ADDRARDADDR[15])
                                                     -0.694     8.211    u_ping_pong/ram_reg_2_3
  -------------------------------------------------------------------
                         required time                          8.211    
                         arrival time                          -4.670    
  -------------------------------------------------------------------
                         slack                                  3.541    

Slack (MET) :             3.602ns  (required time - arrival time)
  Source:                 u_ping_pong/wr_ptr_reg[14]/C
                            (rising edge-triggered cell FDRE clocked by clk_out2_clk_wiz_0_1  {rise@0.000ns fall@5.000ns period=10.000ns})
  Destination:            u_ping_pong/ram_reg_3_7/ENARDEN
                            (rising edge-triggered cell RAMB36E1 clocked by clk_out2_clk_wiz_0_1  {rise@0.000ns fall@5.000ns period=10.000ns})
  Path Group:             clk_out2_clk_wiz_0_1
  Path Type:              Setup (Max at Slow Process Corner)
  Requirement:            10.000ns  (clk_out2_clk_wiz_0_1 rise@10.000ns - clk_out2_clk_wiz_0_1 rise@0.000ns)
  Data Path Delay:        5.789ns  (logic 1.788ns (30.888%)  route 4.001ns (69.112%))
  Logic Levels:           4  (CARRY4=1 LUT3=2 LUT5=1)
  Clock Path Skew:        -0.090ns (DCD - SCD + CPR)
    Destination Clock Delay (DCD):    -1.513ns = ( 8.487 - 10.000 ) 
    Source Clock Delay      (SCD):    -0.940ns
    Clock Pessimism Removal (CPR):    0.484ns
  Clock Uncertainty:      0.077ns  ((TSJ^2 + DJ^2)^1/2) / 2 + PE
    Total System Jitter     (TSJ):    0.071ns
    Discrete Jitter          (DJ):    0.136ns
    Phase Error              (PE):    0.000ns

    Location             Delay type                Incr(ns)  Path(ns)    Netlist Resource(s)
  -------------------------------------------------------------------    -------------------
                         (clock clk_out2_clk_wiz_0_1 rise edge)
                                                      0.000     0.000 r  
    W5                                                0.000     0.000 r  clk_100mhz (IN)
                         net (fo=0)                   0.000     0.000    clk_gen/inst/clk_in1
    W5                   IBUF (Prop_ibuf_I_O)         1.458     1.458 r  clk_gen/inst/clkin1_ibufg/O
                         net (fo=1, routed)           1.233     2.691    clk_gen/inst/clk_in1_clk_wiz_0
    MMCME2_ADV_X1Y0      MMCME2_ADV (Prop_mmcme2_adv_CLKIN1_CLKOUT1)
                                                     -6.961    -4.269 r  clk_gen/inst/mmcm_adv_inst/CLKOUT1
                         net (fo=1, routed)           1.661    -2.608    clk_gen/inst/clk_out2_clk_wiz_0
    BUFGCTRL_X0Y0        BUFG (Prop_bufg_I_O)         0.096    -2.512 r  clk_gen/inst/clkout2_buf/O
                         net (fo=137, routed)         1.572    -0.940    u_ping_pong/clk_out2
    SLICE_X51Y47         FDRE                                         r  u_ping_pong/wr_ptr_reg[14]/C
  -------------------------------------------------------------------    -------------------
    SLICE_X51Y47         FDRE (Prop_fdre_C_Q)         0.419    -0.521 r  u_ping_pong/wr_ptr_reg[14]/Q
                         net (fo=5, routed)           0.837     0.316    u_ping_pong/wr_ptr[14]
    SLICE_X51Y45         LUT3 (Prop_lut3_I1_O)        0.299     0.615 r  u_ping_pong/wr_addr_final__0_carry__0_i_4/O
                         net (fo=25, routed)          0.000     0.615    u_ping_pong/wr_addr_final__0_carry__0_i_4_n_0
    SLICE_X51Y45         CARRY4 (Prop_carry4_S[1]_O[3])
                                                      0.640     1.255 f  u_ping_pong/wr_addr_final__0_carry__0/O[3]
                         net (fo=14, routed)          1.453     2.709    u_ping_pong/wr_addr_final[17]
    SLICE_X32Y43         LUT3 (Prop_lut3_I1_O)        0.306     3.015 r  u_ping_pong/ram_reg_2_2_i_1/O
                         net (fo=12, routed)          0.934     3.948    u_ping_pong/ram_reg_2_2_i_1_n_0
    SLICE_X44Y53         LUT5 (Prop_lut5_I4_O)        0.124     4.072 r  u_ping_pong/ram_reg_3_7_ENARDEN_cooolgate_en_gate_23/O
                         net (fo=1, routed)           0.777     4.849    u_ping_pong/ram_reg_3_7_ENARDEN_cooolgate_en_sig_12
    RAMB36_X1Y11         RAMB36E1                                     r  u_ping_pong/ram_reg_3_7/ENARDEN
  -------------------------------------------------------------------    -------------------

                         (clock clk_out2_clk_wiz_0_1 rise edge)
                                                     10.000    10.000 r  
    W5                                                0.000    10.000 r  clk_100mhz (IN)
                         net (fo=0)                   0.000    10.000    clk_gen/inst/clk_in1
    W5                   IBUF (Prop_ibuf_I_O)         1.388    11.388 r  clk_gen/inst/clkin1_ibufg/O
                         net (fo=1, routed)           1.162    12.550    clk_gen/inst/clk_in1_clk_wiz_0
    MMCME2_ADV_X1Y0      MMCME2_ADV (Prop_mmcme2_adv_CLKIN1_CLKOUT1)
                                                     -7.217     5.332 r  clk_gen/inst/mmcm_adv_inst/CLKOUT1
                         net (fo=1, routed)           1.581     6.914    clk_gen/inst/clk_out2_clk_wiz_0
    BUFGCTRL_X0Y0        BUFG (Prop_bufg_I_O)         0.091     7.005 r  clk_gen/inst/clkout2_buf/O
                         net (fo=137, routed)         1.482     8.487    u_ping_pong/clk_out2
    RAMB36_X1Y11         RAMB36E1                                     r  u_ping_pong/ram_reg_3_7/CLKARDCLK
                         clock pessimism              0.484     8.970    
                         clock uncertainty           -0.077     8.894    
    RAMB36_X1Y11         RAMB36E1 (Setup_ramb36e1_CLKARDCLK_ENARDEN)
                                                     -0.443     8.451    u_ping_pong/ram_reg_3_7
  -------------------------------------------------------------------
                         required time                          8.451    
                         arrival time                          -4.849    
  -------------------------------------------------------------------
                         slack                                  3.602    

Slack (MET) :             3.709ns  (required time - arrival time)
  Source:                 u_ping_pong/wr_ptr_reg[12]/C
                            (rising edge-triggered cell FDRE clocked by clk_out2_clk_wiz_0_1  {rise@0.000ns fall@5.000ns period=10.000ns})
  Destination:            u_ping_pong/ram_reg_2_3/ADDRARDADDR[14]
                            (rising edge-triggered cell RAMB36E1 clocked by clk_out2_clk_wiz_0_1  {rise@0.000ns fall@5.000ns period=10.000ns})
  Path Group:             clk_out2_clk_wiz_0_1
  Path Type:              Setup (Max at Slow Process Corner)
  Requirement:            10.000ns  (clk_out2_clk_wiz_0_1 rise@10.000ns - clk_out2_clk_wiz_0_1 rise@0.000ns)
  Data Path Delay:        5.395ns  (logic 1.203ns (22.298%)  route 4.192ns (77.702%))
  Logic Levels:           3  (CARRY4=2 LUT3=1)
  Clock Path Skew:        -0.079ns (DCD - SCD + CPR)
    Destination Clock Delay (DCD):    -1.510ns = ( 8.490 - 10.000 ) 
    Source Clock Delay      (SCD):    -0.940ns
    Clock Pessimism Removal (CPR):    0.492ns
  Clock Uncertainty:      0.077ns  ((TSJ^2 + DJ^2)^1/2) / 2 + PE
    Total System Jitter     (TSJ):    0.071ns
    Discrete Jitter          (DJ):    0.136ns
    Phase Error              (PE):    0.000ns

    Location             Delay type                Incr(ns)  Path(ns)    Netlist Resource(s)
  -------------------------------------------------------------------    -------------------
                         (clock clk_out2_clk_wiz_0_1 rise edge)
                                                      0.000     0.000 r  
    W5                                                0.000     0.000 r  clk_100mhz (IN)
                         net (fo=0)                   0.000     0.000    clk_gen/inst/clk_in1
    W5                   IBUF (Prop_ibuf_I_O)         1.458     1.458 r  clk_gen/inst/clkin1_ibufg/O
                         net (fo=1, routed)           1.233     2.691    clk_gen/inst/clk_in1_clk_wiz_0
    MMCME2_ADV_X1Y0      MMCME2_ADV (Prop_mmcme2_adv_CLKIN1_CLKOUT1)
                                                     -6.961    -4.269 r  clk_gen/inst/mmcm_adv_inst/CLKOUT1
                         net (fo=1, routed)           1.661    -2.608    clk_gen/inst/clk_out2_clk_wiz_0
    BUFGCTRL_X0Y0        BUFG (Prop_bufg_I_O)         0.096    -2.512 r  clk_gen/inst/clkout2_buf/O
                         net (fo=137, routed)         1.572    -0.940    u_ping_pong/clk_out2
    SLICE_X51Y47         FDRE                                         r  u_ping_pong/wr_ptr_reg[12]/C
  -------------------------------------------------------------------    -------------------
    SLICE_X51Y47         FDRE (Prop_fdre_C_Q)         0.456    -0.484 r  u_ping_pong/wr_ptr_reg[12]/Q
                         net (fo=5, routed)           0.841     0.357    u_ping_pong/wr_ptr[12]
    SLICE_X51Y44         LUT3 (Prop_lut3_I1_O)        0.124     0.481 r  u_ping_pong/wr_addr_final__0_carry_i_3/O
                         net (fo=1, routed)           0.000     0.481    u_ping_pong/wr_addr_final__0_carry_i_3_n_0
    SLICE_X51Y44         CARRY4 (Prop_carry4_S[3]_CO[3])
                                                      0.401     0.882 r  u_ping_pong/wr_addr_final__0_carry/CO[3]
                         net (fo=1, routed)           0.000     0.882    u_ping_pong/wr_addr_final__0_carry_n_0
    SLICE_X51Y45         CARRY4 (Prop_carry4_CI_O[0])
                                                      0.222     1.104 r  u_ping_pong/wr_addr_final__0_carry__0/O[0]
                         net (fo=30, routed)          3.351     4.455    u_ping_pong/wr_addr_final[14]
    RAMB36_X0Y6          RAMB36E1                                     r  u_ping_pong/ram_reg_2_3/ADDRARDADDR[14]
  -------------------------------------------------------------------    -------------------

                         (clock clk_out2_clk_wiz_0_1 rise edge)
                                                     10.000    10.000 r  
    W5                                                0.000    10.000 r  clk_100mhz (IN)
                         net (fo=0)                   0.000    10.000    clk_gen/inst/clk_in1
    W5                   IBUF (Prop_ibuf_I_O)         1.388    11.388 r  clk_gen/inst/clkin1_ibufg/O
                         net (fo=1, routed)           1.162    12.550    clk_gen/inst/clk_in1_clk_wiz_0
    MMCME2_ADV_X1Y0      MMCME2_ADV (Prop_mmcme2_adv_CLKIN1_CLKOUT1)
                                                     -7.217     5.332 r  clk_gen/inst/mmcm_adv_inst/CLKOUT1
                         net (fo=1, routed)           1.581     6.914    clk_gen/inst/clk_out2_clk_wiz_0
    BUFGCTRL_X0Y0        BUFG (Prop_bufg_I_O)         0.091     7.005 r  clk_gen/inst/clkout2_buf/O
                         net (fo=137, routed)         1.486     8.490    u_ping_pong/clk_out2
    RAMB36_X0Y6          RAMB36E1                                     r  u_ping_pong/ram_reg_2_3/CLKARDCLK
                         clock pessimism              0.492     8.982    
                         clock uncertainty           -0.077     8.905    
    RAMB36_X0Y6          RAMB36E1 (Setup_ramb36e1_CLKARDCLK_ADDRARDADDR[14])
                                                     -0.741     8.164    u_ping_pong/ram_reg_2_3
  -------------------------------------------------------------------
                         required time                          8.164    
                         arrival time                          -4.455    
  -------------------------------------------------------------------
                         slack                                  3.709    

Slack (MET) :             3.720ns  (required time - arrival time)
  Source:                 u_ping_pong/wr_ptr_reg[14]/C
                            (rising edge-triggered cell FDRE clocked by clk_out2_clk_wiz_0_1  {rise@0.000ns fall@5.000ns period=10.000ns})
  Destination:            u_ping_pong/ram_reg_2_7/ENARDEN
                            (rising edge-triggered cell RAMB36E1 clocked by clk_out2_clk_wiz_0_1  {rise@0.000ns fall@5.000ns period=10.000ns})
  Path Group:             clk_out2_clk_wiz_0_1
  Path Type:              Setup (Max at Slow Process Corner)
  Requirement:            10.000ns  (clk_out2_clk_wiz_0_1 rise@10.000ns - clk_out2_clk_wiz_0_1 rise@0.000ns)
  Data Path Delay:        5.671ns  (logic 1.788ns (31.529%)  route 3.883ns (68.471%))
  Logic Levels:           4  (CARRY4=1 LUT3=2 LUT5=1)
  Clock Path Skew:        -0.089ns (DCD - SCD + CPR)
    Destination Clock Delay (DCD):    -1.512ns = ( 8.488 - 10.000 ) 
    Source Clock Delay      (SCD):    -0.940ns
    Clock Pessimism Removal (CPR):    0.484ns
  Clock Uncertainty:      0.077ns  ((TSJ^2 + DJ^2)^1/2) / 2 + PE
    Total System Jitter     (TSJ):    0.071ns
    Discrete Jitter          (DJ):    0.136ns
    Phase Error              (PE):    0.000ns

    Location             Delay type                Incr(ns)  Path(ns)    Netlist Resource(s)
  -------------------------------------------------------------------    -------------------
                         (clock clk_out2_clk_wiz_0_1 rise edge)
                                                      0.000     0.000 r  
    W5                                                0.000     0.000 r  clk_100mhz (IN)
                         net (fo=0)                   0.000     0.000    clk_gen/inst/clk_in1
    W5                   IBUF (Prop_ibuf_I_O)         1.458     1.458 r  clk_gen/inst/clkin1_ibufg/O
                         net (fo=1, routed)           1.233     2.691    clk_gen/inst/clk_in1_clk_wiz_0
    MMCME2_ADV_X1Y0      MMCME2_ADV (Prop_mmcme2_adv_CLKIN1_CLKOUT1)
                                                     -6.961    -4.269 r  clk_gen/inst/mmcm_adv_inst/CLKOUT1
                         net (fo=1, routed)           1.661    -2.608    clk_gen/inst/clk_out2_clk_wiz_0
    BUFGCTRL_X0Y0        BUFG (Prop_bufg_I_O)         0.096    -2.512 r  clk_gen/inst/clkout2_buf/O
                         net (fo=137, routed)         1.572    -0.940    u_ping_pong/clk_out2
    SLICE_X51Y47         FDRE                                         r  u_ping_pong/wr_ptr_reg[14]/C
  -------------------------------------------------------------------    -------------------
    SLICE_X51Y47         FDRE (Prop_fdre_C_Q)         0.419    -0.521 r  u_ping_pong/wr_ptr_reg[14]/Q
                         net (fo=5, routed)           0.837     0.316    u_ping_pong/wr_ptr[14]
    SLICE_X51Y45         LUT3 (Prop_lut3_I1_O)        0.299     0.615 r  u_ping_pong/wr_addr_final__0_carry__0_i_4/O
                         net (fo=25, routed)          0.000     0.615    u_ping_pong/wr_addr_final__0_carry__0_i_4_n_0
    SLICE_X51Y45         CARRY4 (Prop_carry4_S[1]_O[3])
                                                      0.640     1.255 f  u_ping_pong/wr_addr_final__0_carry__0/O[3]
                         net (fo=14, routed)          1.453     2.709    u_ping_pong/wr_addr_final[17]
    SLICE_X32Y43         LUT3 (Prop_lut3_I1_O)        0.306     3.015 r  u_ping_pong/ram_reg_2_2_i_1/O
                         net (fo=12, routed)          1.021     4.036    u_ping_pong/ram_reg_2_2_i_1_n_0
    SLICE_X44Y52         LUT5 (Prop_lut5_I4_O)        0.124     4.160 r  u_ping_pong/ram_reg_2_7_ENARDEN_cooolgate_en_gate_47/O
                         net (fo=1, routed)           0.572     4.731    u_ping_pong/ram_reg_2_7_ENARDEN_cooolgate_en_sig_24
    RAMB36_X1Y10         RAMB36E1                                     r  u_ping_pong/ram_reg_2_7/ENARDEN
  -------------------------------------------------------------------    -------------------

                         (clock clk_out2_clk_wiz_0_1 rise edge)
                                                     10.000    10.000 r  
    W5                                                0.000    10.000 r  clk_100mhz (IN)
                         net (fo=0)                   0.000    10.000    clk_gen/inst/clk_in1
    W5                   IBUF (Prop_ibuf_I_O)         1.388    11.388 r  clk_gen/inst/clkin1_ibufg/O
                         net (fo=1, routed)           1.162    12.550    clk_gen/inst/clk_in1_clk_wiz_0
    MMCME2_ADV_X1Y0      MMCME2_ADV (Prop_mmcme2_adv_CLKIN1_CLKOUT1)
                                                     -7.217     5.332 r  clk_gen/inst/mmcm_adv_inst/CLKOUT1
                         net (fo=1, routed)           1.581     6.914    clk_gen/inst/clk_out2_clk_wiz_0
    BUFGCTRL_X0Y0        BUFG (Prop_bufg_I_O)         0.091     7.005 r  clk_gen/inst/clkout2_buf/O
                         net (fo=137, routed)         1.483     8.488    u_ping_pong/clk_out2
    RAMB36_X1Y10         RAMB36E1                                     r  u_ping_pong/ram_reg_2_7/CLKARDCLK
                         clock pessimism              0.484     8.971    
                         clock uncertainty           -0.077     8.895    
    RAMB36_X1Y10         RAMB36E1 (Setup_ramb36e1_CLKARDCLK_ENARDEN)
                                                     -0.443     8.452    u_ping_pong/ram_reg_2_7
  -------------------------------------------------------------------
                         required time                          8.452    
                         arrival time                          -4.731    
  -------------------------------------------------------------------
                         slack                                  3.720    

Slack (MET) :             3.784ns  (required time - arrival time)
  Source:                 u_ping_pong/wr_ptr_reg[14]/C
                            (rising edge-triggered cell FDRE clocked by clk_out2_clk_wiz_0_1  {rise@0.000ns fall@5.000ns period=10.000ns})
  Destination:            u_ping_pong/ram_reg_3_3/ENARDEN
                            (rising edge-triggered cell RAMB36E1 clocked by clk_out2_clk_wiz_0_1  {rise@0.000ns fall@5.000ns period=10.000ns})
  Path Group:             clk_out2_clk_wiz_0_1
  Path Type:              Setup (Max at Slow Process Corner)
  Requirement:            10.000ns  (clk_out2_clk_wiz_0_1 rise@10.000ns - clk_out2_clk_wiz_0_1 rise@0.000ns)
  Data Path Delay:        5.622ns  (logic 1.788ns (31.804%)  route 3.834ns (68.196%))
  Logic Levels:           4  (CARRY4=1 LUT3=2 LUT5=1)
  Clock Path Skew:        -0.075ns (DCD - SCD + CPR)
    Destination Clock Delay (DCD):    -1.506ns = ( 8.494 - 10.000 ) 
    Source Clock Delay      (SCD):    -0.940ns
    Clock Pessimism Removal (CPR):    0.492ns
  Clock Uncertainty:      0.077ns  ((TSJ^2 + DJ^2)^1/2) / 2 + PE
    Total System Jitter     (TSJ):    0.071ns
    Discrete Jitter          (DJ):    0.136ns
    Phase Error              (PE):    0.000ns

    Location             Delay type                Incr(ns)  Path(ns)    Netlist Resource(s)
  -------------------------------------------------------------------    -------------------
                         (clock clk_out2_clk_wiz_0_1 rise edge)
                                                      0.000     0.000 r  
    W5                                                0.000     0.000 r  clk_100mhz (IN)
                         net (fo=0)                   0.000     0.000    clk_gen/inst/clk_in1
    W5                   IBUF (Prop_ibuf_I_O)         1.458     1.458 r  clk_gen/inst/clkin1_ibufg/O
                         net (fo=1, routed)           1.233     2.691    clk_gen/inst/clk_in1_clk_wiz_0
    MMCME2_ADV_X1Y0      MMCME2_ADV (Prop_mmcme2_adv_CLKIN1_CLKOUT1)
                                                     -6.961    -4.269 r  clk_gen/inst/mmcm_adv_inst/CLKOUT1
                         net (fo=1, routed)           1.661    -2.608    clk_gen/inst/clk_out2_clk_wiz_0
    BUFGCTRL_X0Y0        BUFG (Prop_bufg_I_O)         0.096    -2.512 r  clk_gen/inst/clkout2_buf/O
                         net (fo=137, routed)         1.572    -0.940    u_ping_pong/clk_out2
    SLICE_X51Y47         FDRE                                         r  u_ping_pong/wr_ptr_reg[14]/C
  -------------------------------------------------------------------    -------------------
    SLICE_X51Y47         FDRE (Prop_fdre_C_Q)         0.419    -0.521 r  u_ping_pong/wr_ptr_reg[14]/Q
                         net (fo=5, routed)           0.837     0.316    u_ping_pong/wr_ptr[14]
    SLICE_X51Y45         LUT3 (Prop_lut3_I1_O)        0.299     0.615 r  u_ping_pong/wr_addr_final__0_carry__0_i_4/O
                         net (fo=25, routed)          0.000     0.615    u_ping_pong/wr_addr_final__0_carry__0_i_4_n_0
    SLICE_X51Y45         CARRY4 (Prop_carry4_S[1]_O[3])
                                                      0.640     1.255 f  u_ping_pong/wr_addr_final__0_carry__0/O[3]
                         net (fo=14, routed)          1.453     2.709    u_ping_pong/wr_addr_final[17]
    SLICE_X32Y43         LUT3 (Prop_lut3_I1_O)        0.306     3.015 r  u_ping_pong/ram_reg_2_2_i_1/O
                         net (fo=12, routed)          0.992     4.007    u_ping_pong/ram_reg_2_2_i_1_n_0
    SLICE_X14Y38         LUT5 (Prop_lut5_I4_O)        0.124     4.131 r  u_ping_pong/ram_reg_3_3_ENARDEN_cooolgate_en_gate_15/O
                         net (fo=1, routed)           0.552     4.682    u_ping_pong/ram_reg_3_3_ENARDEN_cooolgate_en_sig_8
    RAMB36_X0Y7          RAMB36E1                                     r  u_ping_pong/ram_reg_3_3/ENARDEN
  -------------------------------------------------------------------    -------------------

                         (clock clk_out2_clk_wiz_0_1 rise edge)
                                                     10.000    10.000 r  
    W5                                                0.000    10.000 r  clk_100mhz (IN)
                         net (fo=0)                   0.000    10.000    clk_gen/inst/clk_in1
    W5                   IBUF (Prop_ibuf_I_O)         1.388    11.388 r  clk_gen/inst/clkin1_ibufg/O
                         net (fo=1, routed)           1.162    12.550    clk_gen/inst/clk_in1_clk_wiz_0
    MMCME2_ADV_X1Y0      MMCME2_ADV (Prop_mmcme2_adv_CLKIN1_CLKOUT1)
                                                     -7.217     5.332 r  clk_gen/inst/mmcm_adv_inst/CLKOUT1
                         net (fo=1, routed)           1.581     6.914    clk_gen/inst/clk_out2_clk_wiz_0
    BUFGCTRL_X0Y0        BUFG (Prop_bufg_I_O)         0.091     7.005 r  clk_gen/inst/clkout2_buf/O
                         net (fo=137, routed)         1.490     8.494    u_ping_pong/clk_out2
    RAMB36_X0Y7          RAMB36E1                                     r  u_ping_pong/ram_reg_3_3/CLKARDCLK
                         clock pessimism              0.492     8.986    
                         clock uncertainty           -0.077     8.909    
    RAMB36_X0Y7          RAMB36E1 (Setup_ramb36e1_CLKARDCLK_ENARDEN)
                                                     -0.443     8.466    u_ping_pong/ram_reg_3_3
  -------------------------------------------------------------------
                         required time                          8.466    
                         arrival time                          -4.682    
  -------------------------------------------------------------------
                         slack                                  3.784    





Min Delay Paths
--------------------------------------------------------------------------------------
Slack (MET) :             0.172ns  (arrival time - required time)
  Source:                 u_ping_pong/wr_ptr_reg[1]/C
                            (rising edge-triggered cell FDRE clocked by clk_out2_clk_wiz_0_1  {rise@0.000ns fall@5.000ns period=10.000ns})
  Destination:            u_ping_pong/ram_reg_3_6/ADDRARDADDR[1]
                            (rising edge-triggered cell RAMB36E1 clocked by clk_out2_clk_wiz_0_1  {rise@0.000ns fall@5.000ns period=10.000ns})
  Path Group:             clk_out2_clk_wiz_0_1
  Path Type:              Hold (Min at Fast Process Corner)
  Requirement:            0.000ns  (clk_out2_clk_wiz_0_1 rise@0.000ns - clk_out2_clk_wiz_0_1 rise@0.000ns)
  Data Path Delay:        0.435ns  (logic 0.164ns (37.735%)  route 0.271ns (62.265%))
  Logic Levels:           0  
  Clock Path Skew:        0.079ns (DCD - SCD - CPR)
    Destination Clock Delay (DCD):    -0.810ns
    Source Clock Delay      (SCD):    -0.615ns
    Clock Pessimism Removal (CPR):    -0.274ns

    Location             Delay type                Incr(ns)  Path(ns)    Netlist Resource(s)
  -------------------------------------------------------------------    -------------------
                         (clock clk_out2_clk_wiz_0_1 rise edge)
                                                      0.000     0.000 r  
    W5                                                0.000     0.000 r  clk_100mhz (IN)
                         net (fo=0)                   0.000     0.000    clk_gen/inst/clk_in1
    W5                   IBUF (Prop_ibuf_I_O)         0.226     0.226 r  clk_gen/inst/clkin1_ibufg/O
                         net (fo=1, routed)           0.440     0.667    clk_gen/inst/clk_in1_clk_wiz_0
    MMCME2_ADV_X1Y0      MMCME2_ADV (Prop_mmcme2_adv_CLKIN1_CLKOUT1)
                                                     -2.360    -1.693 r  clk_gen/inst/mmcm_adv_inst/CLKOUT1
                         net (fo=1, routed)           0.486    -1.207    clk_gen/inst/clk_out2_clk_wiz_0
    BUFGCTRL_X0Y0        BUFG (Prop_bufg_I_O)         0.026    -1.181 r  clk_gen/inst/clkout2_buf/O
                         net (fo=137, routed)         0.566    -0.615    u_ping_pong/clk_out2
    SLICE_X52Y46         FDRE                                         r  u_ping_pong/wr_ptr_reg[1]/C
  -------------------------------------------------------------------    -------------------
    SLICE_X52Y46         FDRE (Prop_fdre_C_Q)         0.164    -0.451 r  u_ping_pong/wr_ptr_reg[1]/Q
                         net (fo=32, routed)          0.271    -0.181    u_ping_pong/wr_ptr[1]
    RAMB36_X1Y9          RAMB36E1                                     r  u_ping_pong/ram_reg_3_6/ADDRARDADDR[1]
  -------------------------------------------------------------------    -------------------

                         (clock clk_out2_clk_wiz_0_1 rise edge)
                                                      0.000     0.000 r  
    W5                                                0.000     0.000 r  clk_100mhz (IN)
                         net (fo=0)                   0.000     0.000    clk_gen/inst/clk_in1
    W5                   IBUF (Prop_ibuf_I_O)         0.414     0.414 r  clk_gen/inst/clkin1_ibufg/O
                         net (fo=1, routed)           0.480     0.894    clk_gen/inst/clk_in1_clk_wiz_0
    MMCME2_ADV_X1Y0      MMCME2_ADV (Prop_mmcme2_adv_CLKIN1_CLKOUT1)
                                                     -3.142    -2.248 r  clk_gen/inst/mmcm_adv_inst/CLKOUT1
                         net (fo=1, routed)           0.530    -1.718    clk_gen/inst/clk_out2_clk_wiz_0
    BUFGCTRL_X0Y0        BUFG (Prop_bufg_I_O)         0.029    -1.689 r  clk_gen/inst/clkout2_buf/O
                         net (fo=137, routed)         0.879    -0.810    u_ping_pong/clk_out2
    RAMB36_X1Y9          RAMB36E1                                     r  u_ping_pong/ram_reg_3_6/CLKARDCLK
                         clock pessimism              0.274    -0.536    
    RAMB36_X1Y9          RAMB36E1 (Hold_ramb36e1_CLKARDCLK_ADDRARDADDR[1])
                                                      0.183    -0.353    u_ping_pong/ram_reg_3_6
  -------------------------------------------------------------------
                         required time                          0.353    
                         arrival time                          -0.181    
  -------------------------------------------------------------------
                         slack                                  0.172    

Slack (MET) :             0.179ns  (arrival time - required time)
  Source:                 u_ping_pong/wr_ptr_reg[2]/C
                            (rising edge-triggered cell FDRE clocked by clk_out2_clk_wiz_0_1  {rise@0.000ns fall@5.000ns period=10.000ns})
  Destination:            u_ping_pong/ram_reg_0_6/ADDRARDADDR[2]
                            (rising edge-triggered cell RAMB36E1 clocked by clk_out2_clk_wiz_0_1  {rise@0.000ns fall@5.000ns period=10.000ns})
  Path Group:             clk_out2_clk_wiz_0_1
  Path Type:              Hold (Min at Fast Process Corner)
  Requirement:            0.000ns  (clk_out2_clk_wiz_0_1 rise@0.000ns - clk_out2_clk_wiz_0_1 rise@0.000ns)
  Data Path Delay:        0.442ns  (logic 0.164ns (37.071%)  route 0.278ns (62.929%))
  Logic Levels:           0  
  Clock Path Skew:        0.080ns (DCD - SCD - CPR)
    Destination Clock Delay (DCD):    -0.809ns
    Source Clock Delay      (SCD):    -0.615ns
    Clock Pessimism Removal (CPR):    -0.274ns

    Location             Delay type                Incr(ns)  Path(ns)    Netlist Resource(s)
  -------------------------------------------------------------------    -------------------
                         (clock clk_out2_clk_wiz_0_1 rise edge)
                                                      0.000     0.000 r  
    W5                                                0.000     0.000 r  clk_100mhz (IN)
                         net (fo=0)                   0.000     0.000    clk_gen/inst/clk_in1
    W5                   IBUF (Prop_ibuf_I_O)         0.226     0.226 r  clk_gen/inst/clkin1_ibufg/O
                         net (fo=1, routed)           0.440     0.667    clk_gen/inst/clk_in1_clk_wiz_0
    MMCME2_ADV_X1Y0      MMCME2_ADV (Prop_mmcme2_adv_CLKIN1_CLKOUT1)
                                                     -2.360    -1.693 r  clk_gen/inst/mmcm_adv_inst/CLKOUT1
                         net (fo=1, routed)           0.486    -1.207    clk_gen/inst/clk_out2_clk_wiz_0
    BUFGCTRL_X0Y0        BUFG (Prop_bufg_I_O)         0.026    -1.181 r  clk_gen/inst/clkout2_buf/O
                         net (fo=137, routed)         0.566    -0.615    u_ping_pong/clk_out2
    SLICE_X52Y45         FDRE                                         r  u_ping_pong/wr_ptr_reg[2]/C
  -------------------------------------------------------------------    -------------------
    SLICE_X52Y45         FDRE (Prop_fdre_C_Q)         0.164    -0.451 r  u_ping_pong/wr_ptr_reg[2]/Q
                         net (fo=32, routed)          0.278    -0.173    u_ping_pong/wr_ptr[2]
    RAMB36_X2Y9          RAMB36E1                                     r  u_ping_pong/ram_reg_0_6/ADDRARDADDR[2]
  -------------------------------------------------------------------    -------------------

                         (clock clk_out2_clk_wiz_0_1 rise edge)
                                                      0.000     0.000 r  
    W5                                                0.000     0.000 r  clk_100mhz (IN)
                         net (fo=0)                   0.000     0.000    clk_gen/inst/clk_in1
    W5                   IBUF (Prop_ibuf_I_O)         0.414     0.414 r  clk_gen/inst/clkin1_ibufg/O
                         net (fo=1, routed)           0.480     0.894    clk_gen/inst/clk_in1_clk_wiz_0
    MMCME2_ADV_X1Y0      MMCME2_ADV (Prop_mmcme2_adv_CLKIN1_CLKOUT1)
                                                     -3.142    -2.248 r  clk_gen/inst/mmcm_adv_inst/CLKOUT1
                         net (fo=1, routed)           0.530    -1.718    clk_gen/inst/clk_out2_clk_wiz_0
    BUFGCTRL_X0Y0        BUFG (Prop_bufg_I_O)         0.029    -1.689 r  clk_gen/inst/clkout2_buf/O
                         net (fo=137, routed)         0.880    -0.809    u_ping_pong/clk_out2
    RAMB36_X2Y9          RAMB36E1                                     r  u_ping_pong/ram_reg_0_6/CLKARDCLK
                         clock pessimism              0.274    -0.535    
    RAMB36_X2Y9          RAMB36E1 (Hold_ramb36e1_CLKARDCLK_ADDRARDADDR[2])
                                                      0.183    -0.352    u_ping_pong/ram_reg_0_6
  -------------------------------------------------------------------
                         required time                          0.352    
                         arrival time                          -0.173    
  -------------------------------------------------------------------
                         slack                                  0.179    

Slack (MET) :             0.180ns  (arrival time - required time)
  Source:                 u_frame_sync/magic_buffer_reg[14]/C
                            (rising edge-triggered cell FDRE clocked by clk_out2_clk_wiz_0_1  {rise@0.000ns fall@5.000ns period=10.000ns})
  Destination:            u_frame_sync/magic_buffer_reg[22]/D
                            (rising edge-triggered cell FDRE clocked by clk_out2_clk_wiz_0_1  {rise@0.000ns fall@5.000ns period=10.000ns})
  Path Group:             clk_out2_clk_wiz_0_1
  Path Type:              Hold (Min at Fast Process Corner)
  Requirement:            0.000ns  (clk_out2_clk_wiz_0_1 rise@0.000ns - clk_out2_clk_wiz_0_1 rise@0.000ns)
  Data Path Delay:        0.263ns  (logic 0.141ns (53.584%)  route 0.122ns (46.416%))
  Logic Levels:           0  
  Clock Path Skew:        0.013ns (DCD - SCD - CPR)
    Destination Clock Delay (DCD):    -0.858ns
    Source Clock Delay      (SCD):    -0.619ns
    Clock Pessimism Removal (CPR):    -0.252ns

    Location             Delay type                Incr(ns)  Path(ns)    Netlist Resource(s)
  -------------------------------------------------------------------    -------------------
                         (clock clk_out2_clk_wiz_0_1 rise edge)
                                                      0.000     0.000 r  
    W5                                                0.000     0.000 r  clk_100mhz (IN)
                         net (fo=0)                   0.000     0.000    clk_gen/inst/clk_in1
    W5                   IBUF (Prop_ibuf_I_O)         0.226     0.226 r  clk_gen/inst/clkin1_ibufg/O
                         net (fo=1, routed)           0.440     0.667    clk_gen/inst/clk_in1_clk_wiz_0
    MMCME2_ADV_X1Y0      MMCME2_ADV (Prop_mmcme2_adv_CLKIN1_CLKOUT1)
                                                     -2.360    -1.693 r  clk_gen/inst/mmcm_adv_inst/CLKOUT1
                         net (fo=1, routed)           0.486    -1.207    clk_gen/inst/clk_out2_clk_wiz_0
    BUFGCTRL_X0Y0        BUFG (Prop_bufg_I_O)         0.026    -1.181 r  clk_gen/inst/clkout2_buf/O
                         net (fo=137, routed)         0.562    -0.619    u_frame_sync/clk_out2
    SLICE_X41Y51         FDRE                                         r  u_frame_sync/magic_buffer_reg[14]/C
  -------------------------------------------------------------------    -------------------
    SLICE_X41Y51         FDRE (Prop_fdre_C_Q)         0.141    -0.478 r  u_frame_sync/magic_buffer_reg[14]/Q
                         net (fo=2, routed)           0.122    -0.356    u_frame_sync/sel0[22]
    SLICE_X40Y51         FDRE                                         r  u_frame_sync/magic_buffer_reg[22]/D
  -------------------------------------------------------------------    -------------------

                         (clock clk_out2_clk_wiz_0_1 rise edge)
                                                      0.000     0.000 r  
    W5                                                0.000     0.000 r  clk_100mhz (IN)
                         net (fo=0)                   0.000     0.000    clk_gen/inst/clk_in1
    W5                   IBUF (Prop_ibuf_I_O)         0.414     0.414 r  clk_gen/inst/clkin1_ibufg/O
                         net (fo=1, routed)           0.480     0.894    clk_gen/inst/clk_in1_clk_wiz_0
    MMCME2_ADV_X1Y0      MMCME2_ADV (Prop_mmcme2_adv_CLKIN1_CLKOUT1)
                                                     -3.142    -2.248 r  clk_gen/inst/mmcm_adv_inst/CLKOUT1
                         net (fo=1, routed)           0.530    -1.718    clk_gen/inst/clk_out2_clk_wiz_0
    BUFGCTRL_X0Y0        BUFG (Prop_bufg_I_O)         0.029    -1.689 r  clk_gen/inst/clkout2_buf/O
                         net (fo=137, routed)         0.832    -0.858    u_frame_sync/clk_out2
    SLICE_X40Y51         FDRE                                         r  u_frame_sync/magic_buffer_reg[22]/C
                         clock pessimism              0.252    -0.606    
    SLICE_X40Y51         FDRE (Hold_fdre_C_D)         0.070    -0.536    u_frame_sync/magic_buffer_reg[22]
  -------------------------------------------------------------------
                         required time                          0.536    
                         arrival time                          -0.356    
  -------------------------------------------------------------------
                         slack                                  0.180    

Slack (MET) :             0.181ns  (arrival time - required time)
  Source:                 u_uart_rx/rx_sync_stage1_reg/C
                            (rising edge-triggered cell FDRE clocked by clk_out2_clk_wiz_0_1  {rise@0.000ns fall@5.000ns period=10.000ns})
  Destination:            u_uart_rx/rx_sync_reg/D
                            (rising edge-triggered cell FDRE clocked by clk_out2_clk_wiz_0_1  {rise@0.000ns fall@5.000ns period=10.000ns})
  Path Group:             clk_out2_clk_wiz_0_1
  Path Type:              Hold (Min at Fast Process Corner)
  Requirement:            0.000ns  (clk_out2_clk_wiz_0_1 rise@0.000ns - clk_out2_clk_wiz_0_1 rise@0.000ns)
  Data Path Delay:        0.267ns  (logic 0.141ns (52.873%)  route 0.126ns (47.127%))
  Logic Levels:           0  
  Clock Path Skew:        0.016ns (DCD - SCD - CPR)
    Destination Clock Delay (DCD):    -0.859ns
    Source Clock Delay      (SCD):    -0.620ns
    Clock Pessimism Removal (CPR):    -0.255ns

    Location             Delay type                Incr(ns)  Path(ns)    Netlist Resource(s)
  -------------------------------------------------------------------    -------------------
                         (clock clk_out2_clk_wiz_0_1 rise edge)
                                                      0.000     0.000 r  
    W5                                                0.000     0.000 r  clk_100mhz (IN)
                         net (fo=0)                   0.000     0.000    clk_gen/inst/clk_in1
    W5                   IBUF (Prop_ibuf_I_O)         0.226     0.226 r  clk_gen/inst/clkin1_ibufg/O
                         net (fo=1, routed)           0.440     0.667    clk_gen/inst/clk_in1_clk_wiz_0
    MMCME2_ADV_X1Y0      MMCME2_ADV (Prop_mmcme2_adv_CLKIN1_CLKOUT1)
                                                     -2.360    -1.693 r  clk_gen/inst/mmcm_adv_inst/CLKOUT1
                         net (fo=1, routed)           0.486    -1.207    clk_gen/inst/clk_out2_clk_wiz_0
    BUFGCTRL_X0Y0        BUFG (Prop_bufg_I_O)         0.026    -1.181 r  clk_gen/inst/clkout2_buf/O
                         net (fo=137, routed)         0.561    -0.620    u_uart_rx/CLK
    SLICE_X28Y55         FDRE                                         r  u_uart_rx/rx_sync_stage1_reg/C
  -------------------------------------------------------------------    -------------------
    SLICE_X28Y55         FDRE (Prop_fdre_C_Q)         0.141    -0.479 r  u_uart_rx/rx_sync_stage1_reg/Q
                         net (fo=1, routed)           0.126    -0.354    u_uart_rx/rx_sync_stage1
    SLICE_X28Y53         FDRE                                         r  u_uart_rx/rx_sync_reg/D
  -------------------------------------------------------------------    -------------------

                         (clock clk_out2_clk_wiz_0_1 rise edge)
                                                      0.000     0.000 r  
    W5                                                0.000     0.000 r  clk_100mhz (IN)
                         net (fo=0)                   0.000     0.000    clk_gen/inst/clk_in1
    W5                   IBUF (Prop_ibuf_I_O)         0.414     0.414 r  clk_gen/inst/clkin1_ibufg/O
                         net (fo=1, routed)           0.480     0.894    clk_gen/inst/clk_in1_clk_wiz_0
    MMCME2_ADV_X1Y0      MMCME2_ADV (Prop_mmcme2_adv_CLKIN1_CLKOUT1)
                                                     -3.142    -2.248 r  clk_gen/inst/mmcm_adv_inst/CLKOUT1
                         net (fo=1, routed)           0.530    -1.718    clk_gen/inst/clk_out2_clk_wiz_0
    BUFGCTRL_X0Y0        BUFG (Prop_bufg_I_O)         0.029    -1.689 r  clk_gen/inst/clkout2_buf/O
                         net (fo=137, routed)         0.831    -0.859    u_uart_rx/CLK
    SLICE_X28Y53         FDRE                                         r  u_uart_rx/rx_sync_reg/C
                         clock pessimism              0.255    -0.604    
    SLICE_X28Y53         FDRE (Hold_fdre_C_D)         0.070    -0.534    u_uart_rx/rx_sync_reg
  -------------------------------------------------------------------
                         required time                          0.534    
                         arrival time                          -0.354    
  -------------------------------------------------------------------
                         slack                                  0.181    

Slack (MET) :             0.184ns  (arrival time - required time)
  Source:                 u_uart_rx/dout_reg[2]/C
                            (rising edge-triggered cell FDRE clocked by clk_out2_clk_wiz_0_1  {rise@0.000ns fall@5.000ns period=10.000ns})
  Destination:            u_frame_sync/magic_buffer_reg[2]/D
                            (rising edge-triggered cell FDRE clocked by clk_out2_clk_wiz_0_1  {rise@0.000ns fall@5.000ns period=10.000ns})
  Path Group:             clk_out2_clk_wiz_0_1
  Path Type:              Hold (Min at Fast Process Corner)
  Requirement:            0.000ns  (clk_out2_clk_wiz_0_1 rise@0.000ns - clk_out2_clk_wiz_0_1 rise@0.000ns)
  Data Path Delay:        0.291ns  (logic 0.164ns (56.321%)  route 0.127ns (43.679%))
  Logic Levels:           0  
  Clock Path Skew:        0.036ns (DCD - SCD - CPR)
    Destination Clock Delay (DCD):    -0.858ns
    Source Clock Delay      (SCD):    -0.619ns
    Clock Pessimism Removal (CPR):    -0.275ns

    Location             Delay type                Incr(ns)  Path(ns)    Netlist Resource(s)
  -------------------------------------------------------------------    -------------------
                         (clock clk_out2_clk_wiz_0_1 rise edge)
                                                      0.000     0.000 r  
    W5                                                0.000     0.000 r  clk_100mhz (IN)
                         net (fo=0)                   0.000     0.000    clk_gen/inst/clk_in1
    W5                   IBUF (Prop_ibuf_I_O)         0.226     0.226 r  clk_gen/inst/clkin1_ibufg/O
                         net (fo=1, routed)           0.440     0.667    clk_gen/inst/clk_in1_clk_wiz_0
    MMCME2_ADV_X1Y0      MMCME2_ADV (Prop_mmcme2_adv_CLKIN1_CLKOUT1)
                                                     -2.360    -1.693 r  clk_gen/inst/mmcm_adv_inst/CLKOUT1
                         net (fo=1, routed)           0.486    -1.207    clk_gen/inst/clk_out2_clk_wiz_0
    BUFGCTRL_X0Y0        BUFG (Prop_bufg_I_O)         0.026    -1.181 r  clk_gen/inst/clkout2_buf/O
                         net (fo=137, routed)         0.562    -0.619    u_uart_rx/CLK
    SLICE_X38Y50         FDRE                                         r  u_uart_rx/dout_reg[2]/C
  -------------------------------------------------------------------    -------------------
    SLICE_X38Y50         FDRE (Prop_fdre_C_Q)         0.164    -0.455 r  u_uart_rx/dout_reg[2]/Q
                         net (fo=3, routed)           0.127    -0.328    u_frame_sync/Q[2]
    SLICE_X40Y50         FDRE                                         r  u_frame_sync/magic_buffer_reg[2]/D
  -------------------------------------------------------------------    -------------------

                         (clock clk_out2_clk_wiz_0_1 rise edge)
                                                      0.000     0.000 r  
    W5                                                0.000     0.000 r  clk_100mhz (IN)
                         net (fo=0)                   0.000     0.000    clk_gen/inst/clk_in1
    W5                   IBUF (Prop_ibuf_I_O)         0.414     0.414 r  clk_gen/inst/clkin1_ibufg/O
                         net (fo=1, routed)           0.480     0.894    clk_gen/inst/clk_in1_clk_wiz_0
    MMCME2_ADV_X1Y0      MMCME2_ADV (Prop_mmcme2_adv_CLKIN1_CLKOUT1)
                                                     -3.142    -2.248 r  clk_gen/inst/mmcm_adv_inst/CLKOUT1
                         net (fo=1, routed)           0.530    -1.718    clk_gen/inst/clk_out2_clk_wiz_0
    BUFGCTRL_X0Y0        BUFG (Prop_bufg_I_O)         0.029    -1.689 r  clk_gen/inst/clkout2_buf/O
                         net (fo=137, routed)         0.832    -0.858    u_frame_sync/clk_out2
    SLICE_X40Y50         FDRE                                         r  u_frame_sync/magic_buffer_reg[2]/C
                         clock pessimism              0.275    -0.583    
    SLICE_X40Y50         FDRE (Hold_fdre_C_D)         0.071    -0.512    u_frame_sync/magic_buffer_reg[2]
  -------------------------------------------------------------------
                         required time                          0.512    
                         arrival time                          -0.328    
  -------------------------------------------------------------------
                         slack                                  0.184    

Slack (MET) :             0.189ns  (arrival time - required time)
  Source:                 u_uart_rx/rx_data_reg[3]/C
                            (rising edge-triggered cell FDRE clocked by clk_out2_clk_wiz_0_1  {rise@0.000ns fall@5.000ns period=10.000ns})
  Destination:            u_uart_rx/dout_reg[3]/D
                            (rising edge-triggered cell FDRE clocked by clk_out2_clk_wiz_0_1  {rise@0.000ns fall@5.000ns period=10.000ns})
  Path Group:             clk_out2_clk_wiz_0_1
  Path Type:              Hold (Min at Fast Process Corner)
  Requirement:            0.000ns  (clk_out2_clk_wiz_0_1 rise@0.000ns - clk_out2_clk_wiz_0_1 rise@0.000ns)
  Data Path Delay:        0.281ns  (logic 0.164ns (58.306%)  route 0.117ns (41.694%))
  Logic Levels:           0  
  Clock Path Skew:        0.016ns (DCD - SCD - CPR)
    Destination Clock Delay (DCD):    -0.859ns
    Source Clock Delay      (SCD):    -0.619ns
    Clock Pessimism Removal (CPR):    -0.256ns

    Location             Delay type                Incr(ns)  Path(ns)    Netlist Resource(s)
  -------------------------------------------------------------------    -------------------
                         (clock clk_out2_clk_wiz_0_1 rise edge)
                                                      0.000     0.000 r  
    W5                                                0.000     0.000 r  clk_100mhz (IN)
                         net (fo=0)                   0.000     0.000    clk_gen/inst/clk_in1
    W5                   IBUF (Prop_ibuf_I_O)         0.226     0.226 r  clk_gen/inst/clkin1_ibufg/O
                         net (fo=1, routed)           0.440     0.667    clk_gen/inst/clk_in1_clk_wiz_0
    MMCME2_ADV_X1Y0      MMCME2_ADV (Prop_mmcme2_adv_CLKIN1_CLKOUT1)
                                                     -2.360    -1.693 r  clk_gen/inst/mmcm_adv_inst/CLKOUT1
                         net (fo=1, routed)           0.486    -1.207    clk_gen/inst/clk_out2_clk_wiz_0
    BUFGCTRL_X0Y0        BUFG (Prop_bufg_I_O)         0.026    -1.181 r  clk_gen/inst/clkout2_buf/O
                         net (fo=137, routed)         0.562    -0.619    u_uart_rx/CLK
    SLICE_X38Y51         FDRE                                         r  u_uart_rx/rx_data_reg[3]/C
  -------------------------------------------------------------------    -------------------
    SLICE_X38Y51         FDRE (Prop_fdre_C_Q)         0.164    -0.455 r  u_uart_rx/rx_data_reg[3]/Q
                         net (fo=2, routed)           0.117    -0.338    u_uart_rx/rx_data[3]
    SLICE_X38Y50         FDRE                                         r  u_uart_rx/dout_reg[3]/D
  -------------------------------------------------------------------    -------------------

                         (clock clk_out2_clk_wiz_0_1 rise edge)
                                                      0.000     0.000 r  
    W5                                                0.000     0.000 r  clk_100mhz (IN)
                         net (fo=0)                   0.000     0.000    clk_gen/inst/clk_in1
    W5                   IBUF (Prop_ibuf_I_O)         0.414     0.414 r  clk_gen/inst/clkin1_ibufg/O
                         net (fo=1, routed)           0.480     0.894    clk_gen/inst/clk_in1_clk_wiz_0
    MMCME2_ADV_X1Y0      MMCME2_ADV (Prop_mmcme2_adv_CLKIN1_CLKOUT1)
                                                     -3.142    -2.248 r  clk_gen/inst/mmcm_adv_inst/CLKOUT1
                         net (fo=1, routed)           0.530    -1.718    clk_gen/inst/clk_out2_clk_wiz_0
    BUFGCTRL_X0Y0        BUFG (Prop_bufg_I_O)         0.029    -1.689 r  clk_gen/inst/clkout2_buf/O
                         net (fo=137, routed)         0.830    -0.859    u_uart_rx/CLK
    SLICE_X38Y50         FDRE                                         r  u_uart_rx/dout_reg[3]/C
                         clock pessimism              0.256    -0.603    
    SLICE_X38Y50         FDRE (Hold_fdre_C_D)         0.076    -0.527    u_uart_rx/dout_reg[3]
  -------------------------------------------------------------------
                         required time                          0.527    
                         arrival time                          -0.338    
  -------------------------------------------------------------------
                         slack                                  0.189    

Slack (MET) :             0.191ns  (arrival time - required time)
  Source:                 u_uart_rx/valid_reg/C
                            (rising edge-triggered cell FDRE clocked by clk_out2_clk_wiz_0_1  {rise@0.000ns fall@5.000ns period=10.000ns})
  Destination:            u_frame_sync/magic_buffer_reg[0]/CE
                            (rising edge-triggered cell FDRE clocked by clk_out2_clk_wiz_0_1  {rise@0.000ns fall@5.000ns period=10.000ns})
  Path Group:             clk_out2_clk_wiz_0_1
  Path Type:              Hold (Min at Fast Process Corner)
  Requirement:            0.000ns  (clk_out2_clk_wiz_0_1 rise@0.000ns - clk_out2_clk_wiz_0_1 rise@0.000ns)
  Data Path Delay:        0.420ns  (logic 0.141ns (33.599%)  route 0.279ns (66.401%))
  Logic Levels:           0  
  Clock Path Skew:        0.268ns (DCD - SCD - CPR)
    Destination Clock Delay (DCD):    -0.858ns
    Source Clock Delay      (SCD):    -0.617ns
    Clock Pessimism Removal (CPR):    -0.508ns

    Location             Delay type                Incr(ns)  Path(ns)    Netlist Resource(s)
  -------------------------------------------------------------------    -------------------
                         (clock clk_out2_clk_wiz_0_1 rise edge)
                                                      0.000     0.000 r  
    W5                                                0.000     0.000 r  clk_100mhz (IN)
                         net (fo=0)                   0.000     0.000    clk_gen/inst/clk_in1
    W5                   IBUF (Prop_ibuf_I_O)         0.226     0.226 r  clk_gen/inst/clkin1_ibufg/O
                         net (fo=1, routed)           0.440     0.667    clk_gen/inst/clk_in1_clk_wiz_0
    MMCME2_ADV_X1Y0      MMCME2_ADV (Prop_mmcme2_adv_CLKIN1_CLKOUT1)
                                                     -2.360    -1.693 r  clk_gen/inst/mmcm_adv_inst/CLKOUT1
                         net (fo=1, routed)           0.486    -1.207    clk_gen/inst/clk_out2_clk_wiz_0
    BUFGCTRL_X0Y0        BUFG (Prop_bufg_I_O)         0.026    -1.181 r  clk_gen/inst/clkout2_buf/O
                         net (fo=137, routed)         0.564    -0.617    u_uart_rx/CLK
    SLICE_X39Y49         FDRE                                         r  u_uart_rx/valid_reg/C
  -------------------------------------------------------------------    -------------------
    SLICE_X39Y49         FDRE (Prop_fdre_C_Q)         0.141    -0.476 r  u_uart_rx/valid_reg/Q
                         net (fo=29, routed)          0.279    -0.198    u_frame_sync/uart_valid
    SLICE_X40Y50         FDRE                                         r  u_frame_sync/magic_buffer_reg[0]/CE
  -------------------------------------------------------------------    -------------------

                         (clock clk_out2_clk_wiz_0_1 rise edge)
                                                      0.000     0.000 r  
    W5                                                0.000     0.000 r  clk_100mhz (IN)
                         net (fo=0)                   0.000     0.000    clk_gen/inst/clk_in1
    W5                   IBUF (Prop_ibuf_I_O)         0.414     0.414 r  clk_gen/inst/clkin1_ibufg/O
                         net (fo=1, routed)           0.480     0.894    clk_gen/inst/clk_in1_clk_wiz_0
    MMCME2_ADV_X1Y0      MMCME2_ADV (Prop_mmcme2_adv_CLKIN1_CLKOUT1)
                                                     -3.142    -2.248 r  clk_gen/inst/mmcm_adv_inst/CLKOUT1
                         net (fo=1, routed)           0.530    -1.718    clk_gen/inst/clk_out2_clk_wiz_0
    BUFGCTRL_X0Y0        BUFG (Prop_bufg_I_O)         0.029    -1.689 r  clk_gen/inst/clkout2_buf/O
                         net (fo=137, routed)         0.832    -0.858    u_frame_sync/clk_out2
    SLICE_X40Y50         FDRE                                         r  u_frame_sync/magic_buffer_reg[0]/C
                         clock pessimism              0.508    -0.349    
    SLICE_X40Y50         FDRE (Hold_fdre_C_CE)       -0.039    -0.388    u_frame_sync/magic_buffer_reg[0]
  -------------------------------------------------------------------
                         required time                          0.388    
                         arrival time                          -0.198    
  -------------------------------------------------------------------
                         slack                                  0.191    

Slack (MET) :             0.191ns  (arrival time - required time)
  Source:                 u_uart_rx/valid_reg/C
                            (rising edge-triggered cell FDRE clocked by clk_out2_clk_wiz_0_1  {rise@0.000ns fall@5.000ns period=10.000ns})
  Destination:            u_frame_sync/magic_buffer_reg[10]/CE
                            (rising edge-triggered cell FDRE clocked by clk_out2_clk_wiz_0_1  {rise@0.000ns fall@5.000ns period=10.000ns})
  Path Group:             clk_out2_clk_wiz_0_1
  Path Type:              Hold (Min at Fast Process Corner)
  Requirement:            0.000ns  (clk_out2_clk_wiz_0_1 rise@0.000ns - clk_out2_clk_wiz_0_1 rise@0.000ns)
  Data Path Delay:        0.420ns  (logic 0.141ns (33.599%)  route 0.279ns (66.401%))
  Logic Levels:           0  
  Clock Path Skew:        0.268ns (DCD - SCD - CPR)
    Destination Clock Delay (DCD):    -0.858ns
    Source Clock Delay      (SCD):    -0.617ns
    Clock Pessimism Removal (CPR):    -0.508ns

    Location             Delay type                Incr(ns)  Path(ns)    Netlist Resource(s)
  -------------------------------------------------------------------    -------------------
                         (clock clk_out2_clk_wiz_0_1 rise edge)
                                                      0.000     0.000 r  
    W5                                                0.000     0.000 r  clk_100mhz (IN)
                         net (fo=0)                   0.000     0.000    clk_gen/inst/clk_in1
    W5                   IBUF (Prop_ibuf_I_O)         0.226     0.226 r  clk_gen/inst/clkin1_ibufg/O
                         net (fo=1, routed)           0.440     0.667    clk_gen/inst/clk_in1_clk_wiz_0
    MMCME2_ADV_X1Y0      MMCME2_ADV (Prop_mmcme2_adv_CLKIN1_CLKOUT1)
                                                     -2.360    -1.693 r  clk_gen/inst/mmcm_adv_inst/CLKOUT1
                         net (fo=1, routed)           0.486    -1.207    clk_gen/inst/clk_out2_clk_wiz_0
    BUFGCTRL_X0Y0        BUFG (Prop_bufg_I_O)         0.026    -1.181 r  clk_gen/inst/clkout2_buf/O
                         net (fo=137, routed)         0.564    -0.617    u_uart_rx/CLK
    SLICE_X39Y49         FDRE                                         r  u_uart_rx/valid_reg/C
  -------------------------------------------------------------------    -------------------
    SLICE_X39Y49         FDRE (Prop_fdre_C_Q)         0.141    -0.476 r  u_uart_rx/valid_reg/Q
                         net (fo=29, routed)          0.279    -0.198    u_frame_sync/uart_valid
    SLICE_X40Y50         FDRE                                         r  u_frame_sync/magic_buffer_reg[10]/CE
  -------------------------------------------------------------------    -------------------

                         (clock clk_out2_clk_wiz_0_1 rise edge)
                                                      0.000     0.000 r  
    W5                                                0.000     0.000 r  clk_100mhz (IN)
                         net (fo=0)                   0.000     0.000    clk_gen/inst/clk_in1
    W5                   IBUF (Prop_ibuf_I_O)         0.414     0.414 r  clk_gen/inst/clkin1_ibufg/O
                         net (fo=1, routed)           0.480     0.894    clk_gen/inst/clk_in1_clk_wiz_0
    MMCME2_ADV_X1Y0      MMCME2_ADV (Prop_mmcme2_adv_CLKIN1_CLKOUT1)
                                                     -3.142    -2.248 r  clk_gen/inst/mmcm_adv_inst/CLKOUT1
                         net (fo=1, routed)           0.530    -1.718    clk_gen/inst/clk_out2_clk_wiz_0
    BUFGCTRL_X0Y0        BUFG (Prop_bufg_I_O)         0.029    -1.689 r  clk_gen/inst/clkout2_buf/O
                         net (fo=137, routed)         0.832    -0.858    u_frame_sync/clk_out2
    SLICE_X40Y50         FDRE                                         r  u_frame_sync/magic_buffer_reg[10]/C
                         clock pessimism              0.508    -0.349    
    SLICE_X40Y50         FDRE (Hold_fdre_C_CE)       -0.039    -0.388    u_frame_sync/magic_buffer_reg[10]
  -------------------------------------------------------------------
                         required time                          0.388    
                         arrival time                          -0.198    
  -------------------------------------------------------------------
                         slack                                  0.191    

Slack (MET) :             0.191ns  (arrival time - required time)
  Source:                 u_uart_rx/valid_reg/C
                            (rising edge-triggered cell FDRE clocked by clk_out2_clk_wiz_0_1  {rise@0.000ns fall@5.000ns period=10.000ns})
  Destination:            u_frame_sync/magic_buffer_reg[12]/CE
                            (rising edge-triggered cell FDRE clocked by clk_out2_clk_wiz_0_1  {rise@0.000ns fall@5.000ns period=10.000ns})
  Path Group:             clk_out2_clk_wiz_0_1
  Path Type:              Hold (Min at Fast Process Corner)
  Requirement:            0.000ns  (clk_out2_clk_wiz_0_1 rise@0.000ns - clk_out2_clk_wiz_0_1 rise@0.000ns)
  Data Path Delay:        0.420ns  (logic 0.141ns (33.599%)  route 0.279ns (66.401%))
  Logic Levels:           0  
  Clock Path Skew:        0.268ns (DCD - SCD - CPR)
    Destination Clock Delay (DCD):    -0.858ns
    Source Clock Delay      (SCD):    -0.617ns
    Clock Pessimism Removal (CPR):    -0.508ns

    Location             Delay type                Incr(ns)  Path(ns)    Netlist Resource(s)
  -------------------------------------------------------------------    -------------------
                         (clock clk_out2_clk_wiz_0_1 rise edge)
                                                      0.000     0.000 r  
    W5                                                0.000     0.000 r  clk_100mhz (IN)
                         net (fo=0)                   0.000     0.000    clk_gen/inst/clk_in1
    W5                   IBUF (Prop_ibuf_I_O)         0.226     0.226 r  clk_gen/inst/clkin1_ibufg/O
                         net (fo=1, routed)           0.440     0.667    clk_gen/inst/clk_in1_clk_wiz_0
    MMCME2_ADV_X1Y0      MMCME2_ADV (Prop_mmcme2_adv_CLKIN1_CLKOUT1)
                                                     -2.360    -1.693 r  clk_gen/inst/mmcm_adv_inst/CLKOUT1
                         net (fo=1, routed)           0.486    -1.207    clk_gen/inst/clk_out2_clk_wiz_0
    BUFGCTRL_X0Y0        BUFG (Prop_bufg_I_O)         0.026    -1.181 r  clk_gen/inst/clkout2_buf/O
                         net (fo=137, routed)         0.564    -0.617    u_uart_rx/CLK
    SLICE_X39Y49         FDRE                                         r  u_uart_rx/valid_reg/C
  -------------------------------------------------------------------    -------------------
    SLICE_X39Y49         FDRE (Prop_fdre_C_Q)         0.141    -0.476 r  u_uart_rx/valid_reg/Q
                         net (fo=29, routed)          0.279    -0.198    u_frame_sync/uart_valid
    SLICE_X40Y50         FDRE                                         r  u_frame_sync/magic_buffer_reg[12]/CE
  -------------------------------------------------------------------    -------------------

                         (clock clk_out2_clk_wiz_0_1 rise edge)
                                                      0.000     0.000 r  
    W5                                                0.000     0.000 r  clk_100mhz (IN)
                         net (fo=0)                   0.000     0.000    clk_gen/inst/clk_in1
    W5                   IBUF (Prop_ibuf_I_O)         0.414     0.414 r  clk_gen/inst/clkin1_ibufg/O
                         net (fo=1, routed)           0.480     0.894    clk_gen/inst/clk_in1_clk_wiz_0
    MMCME2_ADV_X1Y0      MMCME2_ADV (Prop_mmcme2_adv_CLKIN1_CLKOUT1)
                                                     -3.142    -2.248 r  clk_gen/inst/mmcm_adv_inst/CLKOUT1
                         net (fo=1, routed)           0.530    -1.718    clk_gen/inst/clk_out2_clk_wiz_0
    BUFGCTRL_X0Y0        BUFG (Prop_bufg_I_O)         0.029    -1.689 r  clk_gen/inst/clkout2_buf/O
                         net (fo=137, routed)         0.832    -0.858    u_frame_sync/clk_out2
    SLICE_X40Y50         FDRE                                         r  u_frame_sync/magic_buffer_reg[12]/C
                         clock pessimism              0.508    -0.349    
    SLICE_X40Y50         FDRE (Hold_fdre_C_CE)       -0.039    -0.388    u_frame_sync/magic_buffer_reg[12]
  -------------------------------------------------------------------
                         required time                          0.388    
                         arrival time                          -0.198    
  -------------------------------------------------------------------
                         slack                                  0.191    

Slack (MET) :             0.191ns  (arrival time - required time)
  Source:                 u_uart_rx/valid_reg/C
                            (rising edge-triggered cell FDRE clocked by clk_out2_clk_wiz_0_1  {rise@0.000ns fall@5.000ns period=10.000ns})
  Destination:            u_frame_sync/magic_buffer_reg[17]/CE
                            (rising edge-triggered cell FDRE clocked by clk_out2_clk_wiz_0_1  {rise@0.000ns fall@5.000ns period=10.000ns})
  Path Group:             clk_out2_clk_wiz_0_1
  Path Type:              Hold (Min at Fast Process Corner)
  Requirement:            0.000ns  (clk_out2_clk_wiz_0_1 rise@0.000ns - clk_out2_clk_wiz_0_1 rise@0.000ns)
  Data Path Delay:        0.420ns  (logic 0.141ns (33.599%)  route 0.279ns (66.401%))
  Logic Levels:           0  
  Clock Path Skew:        0.268ns (DCD - SCD - CPR)
    Destination Clock Delay (DCD):    -0.858ns
    Source Clock Delay      (SCD):    -0.617ns
    Clock Pessimism Removal (CPR):    -0.508ns

    Location             Delay type                Incr(ns)  Path(ns)    Netlist Resource(s)
  -------------------------------------------------------------------    -------------------
                         (clock clk_out2_clk_wiz_0_1 rise edge)
                                                      0.000     0.000 r  
    W5                                                0.000     0.000 r  clk_100mhz (IN)
                         net (fo=0)                   0.000     0.000    clk_gen/inst/clk_in1
    W5                   IBUF (Prop_ibuf_I_O)         0.226     0.226 r  clk_gen/inst/clkin1_ibufg/O
                         net (fo=1, routed)           0.440     0.667    clk_gen/inst/clk_in1_clk_wiz_0
    MMCME2_ADV_X1Y0      MMCME2_ADV (Prop_mmcme2_adv_CLKIN1_CLKOUT1)
                                                     -2.360    -1.693 r  clk_gen/inst/mmcm_adv_inst/CLKOUT1
                         net (fo=1, routed)           0.486    -1.207    clk_gen/inst/clk_out2_clk_wiz_0
    BUFGCTRL_X0Y0        BUFG (Prop_bufg_I_O)         0.026    -1.181 r  clk_gen/inst/clkout2_buf/O
                         net (fo=137, routed)         0.564    -0.617    u_uart_rx/CLK
    SLICE_X39Y49         FDRE                                         r  u_uart_rx/valid_reg/C
  -------------------------------------------------------------------    -------------------
    SLICE_X39Y49         FDRE (Prop_fdre_C_Q)         0.141    -0.476 r  u_uart_rx/valid_reg/Q
                         net (fo=29, routed)          0.279    -0.198    u_frame_sync/uart_valid
    SLICE_X40Y50         FDRE                                         r  u_frame_sync/magic_buffer_reg[17]/CE
  -------------------------------------------------------------------    -------------------

                         (clock clk_out2_clk_wiz_0_1 rise edge)
                                                      0.000     0.000 r  
    W5                                                0.000     0.000 r  clk_100mhz (IN)
                         net (fo=0)                   0.000     0.000    clk_gen/inst/clk_in1
    W5                   IBUF (Prop_ibuf_I_O)         0.414     0.414 r  clk_gen/inst/clkin1_ibufg/O
                         net (fo=1, routed)           0.480     0.894    clk_gen/inst/clk_in1_clk_wiz_0
    MMCME2_ADV_X1Y0      MMCME2_ADV (Prop_mmcme2_adv_CLKIN1_CLKOUT1)
                                                     -3.142    -2.248 r  clk_gen/inst/mmcm_adv_inst/CLKOUT1
                         net (fo=1, routed)           0.530    -1.718    clk_gen/inst/clk_out2_clk_wiz_0
    BUFGCTRL_X0Y0        BUFG (Prop_bufg_I_O)         0.029    -1.689 r  clk_gen/inst/clkout2_buf/O
                         net (fo=137, routed)         0.832    -0.858    u_frame_sync/clk_out2
    SLICE_X40Y50         FDRE                                         r  u_frame_sync/magic_buffer_reg[17]/C
                         clock pessimism              0.508    -0.349    
    SLICE_X40Y50         FDRE (Hold_fdre_C_CE)       -0.039    -0.388    u_frame_sync/magic_buffer_reg[17]
  -------------------------------------------------------------------
                         required time                          0.388    
                         arrival time                          -0.198    
  -------------------------------------------------------------------
                         slack                                  0.191    





Pulse Width Checks
--------------------------------------------------------------------------------------
Clock Name:         clk_out2_clk_wiz_0_1
Waveform(ns):       { 0.000 5.000 }
Period(ns):         10.000
Sources:            { clk_gen/inst/mmcm_adv_inst/CLKOUT1 }

Check Type        Corner  Lib Pin             Reference Pin  Required(ns)  Actual(ns)  Slack(ns)  Location         Pin
Min Period        n/a     RAMB36E1/CLKARDCLK  n/a            2.892         10.000      7.108      RAMB36_X2Y6      u_ping_pong/ram_reg_0_4/CLKARDCLK
Min Period        n/a     RAMB36E1/CLKARDCLK  n/a            2.892         10.000      7.108      RAMB36_X2Y9      u_ping_pong/ram_reg_0_6/CLKARDCLK
Min Period        n/a     RAMB36E1/CLKARDCLK  n/a            2.892         10.000      7.108      RAMB36_X1Y4      u_ping_pong/ram_reg_1_2/CLKARDCLK
Min Period        n/a     RAMB36E1/CLKARDCLK  n/a            2.892         10.000      7.108      RAMB36_X2Y7      u_ping_pong/ram_reg_1_4/CLKARDCLK
Min Period        n/a     RAMB36E1/CLKARDCLK  n/a            2.892         10.000      7.108      RAMB36_X2Y10     u_ping_pong/ram_reg_1_6/CLKARDCLK
Min Period        n/a     RAMB36E1/CLKARDCLK  n/a            2.892         10.000      7.108      RAMB36_X0Y8      u_ping_pong/ram_reg_2_2/CLKARDCLK
Min Period        n/a     RAMB36E1/CLKARDCLK  n/a            2.892         10.000      7.108      RAMB36_X0Y6      u_ping_pong/ram_reg_2_3/CLKARDCLK
Min Period        n/a     RAMB36E1/CLKARDCLK  n/a            2.892         10.000      7.108      RAMB36_X1Y6      u_ping_pong/ram_reg_2_4/CLKARDCLK
Min Period        n/a     RAMB36E1/CLKARDCLK  n/a            2.892         10.000      7.108      RAMB36_X0Y10     u_ping_pong/ram_reg_2_5/CLKARDCLK
Min Period        n/a     RAMB36E1/CLKARDCLK  n/a            2.892         10.000      7.108      RAMB36_X1Y8      u_ping_pong/ram_reg_2_6/CLKARDCLK
Max Period        n/a     MMCME2_ADV/CLKOUT1  n/a            213.360       10.000      203.360    MMCME2_ADV_X1Y0  clk_gen/inst/mmcm_adv_inst/CLKOUT1
Low Pulse Width   Fast    FDRE/C              n/a            0.500         5.000       4.500      SLICE_X48Y46     u_frame_sync/frame_done_pulse_reg/C
Low Pulse Width   Slow    FDRE/C              n/a            0.500         5.000       4.500      SLICE_X40Y50     u_frame_sync/magic_buffer_reg[0]/C
Low Pulse Width   Fast    FDRE/C              n/a            0.500         5.000       4.500      SLICE_X40Y50     u_frame_sync/magic_buffer_reg[0]/C
Low Pulse Width   Slow    FDRE/C              n/a            0.500         5.000       4.500      SLICE_X40Y50     u_frame_sync/magic_buffer_reg[10]/C
Low Pulse Width   Fast    FDRE/C              n/a            0.500         5.000       4.500      SLICE_X40Y50     u_frame_sync/magic_buffer_reg[10]/C
Low Pulse Width   Slow    FDRE/C              n/a            0.500         5.000       4.500      SLICE_X40Y50     u_frame_sync/magic_buffer_reg[12]/C
Low Pulse Width   Fast    FDRE/C              n/a            0.500         5.000       4.500      SLICE_X40Y50     u_frame_sync/magic_buffer_reg[12]/C
Low Pulse Width   Slow    FDRE/C              n/a            0.500         5.000       4.500      SLICE_X40Y51     u_frame_sync/magic_buffer_reg[13]/C
Low Pulse Width   Fast    FDRE/C              n/a            0.500         5.000       4.500      SLICE_X40Y51     u_frame_sync/magic_buffer_reg[13]/C
Low Pulse Width   Slow    FDRE/C              n/a            0.500         5.000       4.500      SLICE_X41Y51     u_frame_sync/magic_buffer_reg[14]/C
High Pulse Width  Slow    FDRE/C              n/a            0.500         5.000       4.500      SLICE_X48Y46     u_frame_sync/frame_done_pulse_reg/C
High Pulse Width  Fast    FDRE/C              n/a            0.500         5.000       4.500      SLICE_X42Y47     u_frame_sync/frame_start_pulse_reg/C
High Pulse Width  Fast    FDRE/C              n/a            0.500         5.000       4.500      SLICE_X42Y49     u_frame_sync/magic_buffer_reg[11]/C
High Pulse Width  Fast    FDRE/C              n/a            0.500         5.000       4.500      SLICE_X42Y49     u_frame_sync/magic_buffer_reg[19]/C
High Pulse Width  Fast    FDRE/C              n/a            0.500         5.000       4.500      SLICE_X42Y49     u_frame_sync/magic_buffer_reg[20]/C
High Pulse Width  Fast    FDRE/C              n/a            0.500         5.000       4.500      SLICE_X42Y49     u_frame_sync/magic_buffer_reg[3]/C
High Pulse Width  Slow    FDRE/C              n/a            0.500         5.000       4.500      SLICE_X40Y45     u_frame_sync/pixel_counter_reg[0]/C
High Pulse Width  Fast    FDRE/C              n/a            0.500         5.000       4.500      SLICE_X40Y45     u_frame_sync/pixel_counter_reg[0]/C
High Pulse Width  Fast    FDRE/C              n/a            0.500         5.000       4.500      SLICE_X40Y47     u_frame_sync/pixel_counter_reg[10]/C
High Pulse Width  Fast    FDRE/C              n/a            0.500         5.000       4.500      SLICE_X40Y47     u_frame_sync/pixel_counter_reg[11]/C



---------------------------------------------------------------------------------------------------
From Clock:  clkfbout_clk_wiz_0_1
  To Clock:  clkfbout_clk_wiz_0_1

Setup :           NA  Failing Endpoints,  Worst Slack           NA  ,  Total Violation           NA
Hold  :           NA  Failing Endpoints,  Worst Slack           NA  ,  Total Violation           NA
PW    :            0  Failing Endpoints,  Worst Slack        7.845ns,  Total Violation        0.000ns
---------------------------------------------------------------------------------------------------


Pulse Width Checks
--------------------------------------------------------------------------------------
Clock Name:         clkfbout_clk_wiz_0_1
Waveform(ns):       { 0.000 5.000 }
Period(ns):         10.000
Sources:            { clk_gen/inst/mmcm_adv_inst/CLKFBOUT }

Check Type  Corner  Lib Pin              Reference Pin  Required(ns)  Actual(ns)  Slack(ns)  Location         Pin
Min Period  n/a     BUFG/I               n/a            2.155         10.000      7.845      BUFGCTRL_X0Y2    clk_gen/inst/clkf_buf/I
Min Period  n/a     MMCME2_ADV/CLKFBOUT  n/a            1.249         10.000      8.751      MMCME2_ADV_X1Y0  clk_gen/inst/mmcm_adv_inst/CLKFBOUT
Min Period  n/a     MMCME2_ADV/CLKFBIN   n/a            1.249         10.000      8.751      MMCME2_ADV_X1Y0  clk_gen/inst/mmcm_adv_inst/CLKFBIN
Max Period  n/a     MMCME2_ADV/CLKFBIN   n/a            100.000       10.000      90.000     MMCME2_ADV_X1Y0  clk_gen/inst/mmcm_adv_inst/CLKFBIN
Max Period  n/a     MMCME2_ADV/CLKFBOUT  n/a            213.360       10.000      203.360    MMCME2_ADV_X1Y0  clk_gen/inst/mmcm_adv_inst/CLKFBOUT



---------------------------------------------------------------------------------------------------
From Clock:  clk_out2_clk_wiz_0
  To Clock:  clk_out1_clk_wiz_0

Setup :            1  Failing Endpoint ,  Worst Slack       -2.051ns,  Total Violation       -2.051ns
Hold  :            0  Failing Endpoints,  Worst Slack        0.208ns,  Total Violation        0.000ns
---------------------------------------------------------------------------------------------------


Max Delay Paths
--------------------------------------------------------------------------------------
Slack (VIOLATED) :        -2.051ns  (required time - arrival time)
  Source:                 u_ping_pong/buf_sel_wr_reg/C
                            (rising edge-triggered cell FDRE clocked by clk_out2_clk_wiz_0  {rise@0.000ns fall@5.000ns period=10.000ns})
  Destination:            u_ping_pong/buf_sel_rd_sync1_reg/D
                            (rising edge-triggered cell FDRE clocked by clk_out1_clk_wiz_0  {rise@0.000ns fall@19.861ns period=39.722ns})
  Path Group:             clk_out1_clk_wiz_0
  Path Type:              Setup (Max at Slow Process Corner)
  Requirement:            0.278ns  (clk_out1_clk_wiz_0 rise@1390.278ns - clk_out2_clk_wiz_0 rise@1390.000ns)
  Data Path Delay:        1.858ns  (logic 0.456ns (24.539%)  route 1.402ns (75.461%))
  Logic Levels:           0  
  Clock Path Skew:        -0.205ns (DCD - SCD + CPR)
    Destination Clock Delay (DCD):    -1.544ns = ( 1388.734 - 1390.278 ) 
    Source Clock Delay      (SCD):    -0.941ns = ( 1389.059 - 1390.000 ) 
    Clock Pessimism Removal (CPR):    0.398ns
  Clock Uncertainty:      0.218ns  ((TSJ^2 + DJ^2)^1/2) / 2 + PE
    Total System Jitter     (TSJ):    0.071ns
    Discrete Jitter          (DJ):    0.183ns
    Phase Error              (PE):    0.120ns

    Location             Delay type                Incr(ns)  Path(ns)    Netlist Resource(s)
  -------------------------------------------------------------------    -------------------
                         (clock clk_out2_clk_wiz_0 rise edge)
                                                   1390.000  1390.000 r  
    W5                                                0.000  1390.000 r  clk_100mhz (IN)
                         net (fo=0)                   0.000  1390.000    clk_gen/inst/clk_in1
    W5                   IBUF (Prop_ibuf_I_O)         1.458  1391.458 r  clk_gen/inst/clkin1_ibufg/O
                         net (fo=1, routed)           1.233  1392.692    clk_gen/inst/clk_in1_clk_wiz_0
    MMCME2_ADV_X1Y0      MMCME2_ADV (Prop_mmcme2_adv_CLKIN1_CLKOUT1)
                                                     -6.961  1385.731 r  clk_gen/inst/mmcm_adv_inst/CLKOUT1
                         net (fo=1, routed)           1.661  1387.392    clk_gen/inst/clk_out2_clk_wiz_0
    BUFGCTRL_X0Y0        BUFG (Prop_bufg_I_O)         0.096  1387.488 r  clk_gen/inst/clkout2_buf/O
                         net (fo=137, routed)         1.571  1389.059    u_ping_pong/clk_out2
    SLICE_X51Y44         FDRE                                         r  u_ping_pong/buf_sel_wr_reg/C
  -------------------------------------------------------------------    -------------------
    SLICE_X51Y44         FDRE (Prop_fdre_C_Q)         0.456  1389.516 r  u_ping_pong/buf_sel_wr_reg/Q
                         net (fo=13, routed)          1.402  1390.918    u_ping_pong/buf_sel_wr
    SLICE_X48Y43         FDRE                                         r  u_ping_pong/buf_sel_rd_sync1_reg/D
  -------------------------------------------------------------------    -------------------

                         (clock clk_out1_clk_wiz_0 rise edge)
                                                   1390.278  1390.278 r  
    W5                                                0.000  1390.278 r  clk_100mhz (IN)
                         net (fo=0)                   0.000  1390.278    clk_gen/inst/clk_in1
    W5                   IBUF (Prop_ibuf_I_O)         1.388  1391.666 r  clk_gen/inst/clkin1_ibufg/O
                         net (fo=1, routed)           1.162  1392.828    clk_gen/inst/clk_in1_clk_wiz_0
    MMCME2_ADV_X1Y0      MMCME2_ADV (Prop_mmcme2_adv_CLKIN1_CLKOUT0)
                                                     -7.217  1385.610 r  clk_gen/inst/mmcm_adv_inst/CLKOUT0
                         net (fo=1, routed)           1.581  1387.191    clk_gen/inst/clk_out1_clk_wiz_0
    BUFGCTRL_X0Y1        BUFG (Prop_bufg_I_O)         0.091  1387.282 r  clk_gen/inst/clkout1_buf/O
                         net (fo=55, routed)          1.451  1388.734    u_ping_pong/clk_out1
    SLICE_X48Y43         FDRE                                         r  u_ping_pong/buf_sel_rd_sync1_reg/C
                         clock pessimism              0.398  1389.132    
                         clock uncertainty           -0.218  1388.914    
    SLICE_X48Y43         FDRE (Setup_fdre_C_D)       -0.047  1388.867    u_ping_pong/buf_sel_rd_sync1_reg
  -------------------------------------------------------------------
                         required time                       1388.867    
                         arrival time                       -1390.918    
  -------------------------------------------------------------------
                         slack                                 -2.051    





Min Delay Paths
--------------------------------------------------------------------------------------
Slack (MET) :             0.208ns  (arrival time - required time)
  Source:                 u_ping_pong/buf_sel_wr_reg/C
                            (rising edge-triggered cell FDRE clocked by clk_out2_clk_wiz_0  {rise@0.000ns fall@5.000ns period=10.000ns})
  Destination:            u_ping_pong/buf_sel_rd_sync1_reg/D
                            (rising edge-triggered cell FDRE clocked by clk_out1_clk_wiz_0  {rise@0.000ns fall@19.861ns period=39.722ns})
  Path Group:             clk_out1_clk_wiz_0
  Path Type:              Hold (Min at Fast Process Corner)
  Requirement:            0.000ns  (clk_out1_clk_wiz_0 rise@0.000ns - clk_out2_clk_wiz_0 rise@0.000ns)
  Data Path Delay:        0.818ns  (logic 0.141ns (17.232%)  route 0.677ns (82.768%))
  Logic Levels:           0  
  Clock Path Skew:        0.317ns (DCD - SCD - CPR)
    Destination Clock Delay (DCD):    -0.854ns
    Source Clock Delay      (SCD):    -0.615ns
    Clock Pessimism Removal (CPR):    -0.555ns
  Clock Uncertainty:      0.218ns  ((TSJ^2 + DJ^2)^1/2) / 2 + PE
    Total System Jitter     (TSJ):    0.071ns
    Discrete Jitter          (DJ):    0.183ns
    Phase Error              (PE):    0.120ns

    Location             Delay type                Incr(ns)  Path(ns)    Netlist Resource(s)
  -------------------------------------------------------------------    -------------------
                         (clock clk_out2_clk_wiz_0 rise edge)
                                                      0.000     0.000 r  
    W5                                                0.000     0.000 r  clk_100mhz (IN)
                         net (fo=0)                   0.000     0.000    clk_gen/inst/clk_in1
    W5                   IBUF (Prop_ibuf_I_O)         0.226     0.226 r  clk_gen/inst/clkin1_ibufg/O
                         net (fo=1, routed)           0.440     0.667    clk_gen/inst/clk_in1_clk_wiz_0
    MMCME2_ADV_X1Y0      MMCME2_ADV (Prop_mmcme2_adv_CLKIN1_CLKOUT1)
                                                     -2.360    -1.693 r  clk_gen/inst/mmcm_adv_inst/CLKOUT1
                         net (fo=1, routed)           0.486    -1.207    clk_gen/inst/clk_out2_clk_wiz_0
    BUFGCTRL_X0Y0        BUFG (Prop_bufg_I_O)         0.026    -1.181 r  clk_gen/inst/clkout2_buf/O
                         net (fo=137, routed)         0.566    -0.615    u_ping_pong/clk_out2
    SLICE_X51Y44         FDRE                                         r  u_ping_pong/buf_sel_wr_reg/C
  -------------------------------------------------------------------    -------------------
    SLICE_X51Y44         FDRE (Prop_fdre_C_Q)         0.141    -0.474 r  u_ping_pong/buf_sel_wr_reg/Q
                         net (fo=13, routed)          0.677     0.203    u_ping_pong/buf_sel_wr
    SLICE_X48Y43         FDRE                                         r  u_ping_pong/buf_sel_rd_sync1_reg/D
  -------------------------------------------------------------------    -------------------

                         (clock clk_out1_clk_wiz_0 rise edge)
                                                      0.000     0.000 r  
    W5                                                0.000     0.000 r  clk_100mhz (IN)
                         net (fo=0)                   0.000     0.000    clk_gen/inst/clk_in1
    W5                   IBUF (Prop_ibuf_I_O)         0.414     0.414 r  clk_gen/inst/clkin1_ibufg/O
                         net (fo=1, routed)           0.480     0.894    clk_gen/inst/clk_in1_clk_wiz_0
    MMCME2_ADV_X1Y0      MMCME2_ADV (Prop_mmcme2_adv_CLKIN1_CLKOUT0)
                                                     -3.142    -2.248 r  clk_gen/inst/mmcm_adv_inst/CLKOUT0
                         net (fo=1, routed)           0.530    -1.718    clk_gen/inst/clk_out1_clk_wiz_0
    BUFGCTRL_X0Y1        BUFG (Prop_bufg_I_O)         0.029    -1.689 r  clk_gen/inst/clkout1_buf/O
                         net (fo=55, routed)          0.836    -0.854    u_ping_pong/clk_out1
    SLICE_X48Y43         FDRE                                         r  u_ping_pong/buf_sel_rd_sync1_reg/C
                         clock pessimism              0.555    -0.299    
                         clock uncertainty            0.218    -0.080    
    SLICE_X48Y43         FDRE (Hold_fdre_C_D)         0.075    -0.005    u_ping_pong/buf_sel_rd_sync1_reg
  -------------------------------------------------------------------
                         required time                          0.005    
                         arrival time                           0.203    
  -------------------------------------------------------------------
                         slack                                  0.208    





---------------------------------------------------------------------------------------------------
From Clock:  clk_out1_clk_wiz_0_1
  To Clock:  clk_out1_clk_wiz_0

Setup :            0  Failing Endpoints,  Worst Slack       27.184ns,  Total Violation        0.000ns
Hold  :            0  Failing Endpoints,  Worst Slack        0.082ns,  Total Violation        0.000ns
---------------------------------------------------------------------------------------------------


Max Delay Paths
--------------------------------------------------------------------------------------
Slack (MET) :             27.184ns  (required time - arrival time)
  Source:                 u_vga/v_count_reg[1]/C
                            (rising edge-triggered cell FDCE clocked by clk_out1_clk_wiz_0_1  {rise@0.000ns fall@19.861ns period=39.722ns})
  Destination:            u_ping_pong/ram_reg_1_7/ENBWREN
                            (rising edge-triggered cell RAMB36E1 clocked by clk_out1_clk_wiz_0  {rise@0.000ns fall@19.861ns period=39.722ns})
  Path Group:             clk_out1_clk_wiz_0
  Path Type:              Setup (Max at Slow Process Corner)
  Requirement:            39.722ns  (clk_out1_clk_wiz_0 rise@39.722ns - clk_out1_clk_wiz_0_1 rise@0.000ns)
  Data Path Delay:        11.911ns  (logic 3.720ns (31.232%)  route 8.191ns (68.768%))
  Logic Levels:           8  (CARRY4=5 LUT2=2 LUT3=1)
  Clock Path Skew:        -0.086ns (DCD - SCD + CPR)
    Destination Clock Delay (DCD):    -1.519ns = ( 38.203 - 39.722 ) 
    Source Clock Delay      (SCD):    -0.950ns
    Clock Pessimism Removal (CPR):    0.484ns
  Clock Uncertainty:      0.098ns  ((TSJ^2 + DJ^2)^1/2) / 2 + PE
    Total System Jitter     (TSJ):    0.071ns
    Discrete Jitter          (DJ):    0.183ns
    Phase Error              (PE):    0.000ns
  Clock Domain Crossing:  Inter clock paths are considered valid unless explicitly excluded by timing constraints such as set_clock_groups or set_false_path.

    Location             Delay type                Incr(ns)  Path(ns)    Netlist Resource(s)
  -------------------------------------------------------------------    -------------------
                         (clock clk_out1_clk_wiz_0_1 rise edge)
                                                      0.000     0.000 r  
    W5                                                0.000     0.000 r  clk_100mhz (IN)
                         net (fo=0)                   0.000     0.000    clk_gen/inst/clk_in1
    W5                   IBUF (Prop_ibuf_I_O)         1.458     1.458 r  clk_gen/inst/clkin1_ibufg/O
                         net (fo=1, routed)           1.233     2.691    clk_gen/inst/clk_in1_clk_wiz_0
    MMCME2_ADV_X1Y0      MMCME2_ADV (Prop_mmcme2_adv_CLKIN1_CLKOUT0)
                                                     -6.961    -4.269 r  clk_gen/inst/mmcm_adv_inst/CLKOUT0
                         net (fo=1, routed)           1.661    -2.608    clk_gen/inst/clk_out1_clk_wiz_0
    BUFGCTRL_X0Y1        BUFG (Prop_bufg_I_O)         0.096    -2.512 r  clk_gen/inst/clkout1_buf/O
                         net (fo=55, routed)          1.562    -0.950    u_vga/CLK
    SLICE_X39Y38         FDCE                                         r  u_vga/v_count_reg[1]/C
  -------------------------------------------------------------------    -------------------
    SLICE_X39Y38         FDCE (Prop_fdce_C_Q)         0.456    -0.494 r  u_vga/v_count_reg[1]/Q
                         net (fo=11, routed)          0.886     0.392    u_vga/v_count_reg_n_0_[1]
    SLICE_X36Y38         LUT2 (Prop_lut2_I1_O)        0.124     0.516 r  u_vga/ram_reg_0_2_i_12/O
                         net (fo=1, routed)           0.000     0.516    u_vga/ram_reg_0_2_i_12_n_0
    SLICE_X36Y38         CARRY4 (Prop_carry4_S[1]_CO[3])
                                                      0.550     1.066 r  u_vga/ram_reg_0_2_i_6/CO[3]
                         net (fo=1, routed)           0.000     1.066    u_vga/ram_reg_0_2_i_6_n_0
    SLICE_X36Y39         CARRY4 (Prop_carry4_CI_O[0])
                                                      0.222     1.288 r  u_vga/rd_addr_final__0_carry_i_8/O[0]
                         net (fo=1, routed)           0.582     1.870    u_vga/frame_rd_addr0[11]
    SLICE_X37Y39         CARRY4 (Prop_carry4_S[1]_CO[3])
                                                      0.849     2.719 r  u_vga/rd_addr_final__0_carry_i_2/CO[3]
                         net (fo=1, routed)           0.000     2.719    u_vga/rd_addr_final__0_carry_i_2_n_0
    SLICE_X37Y40         CARRY4 (Prop_carry4_CI_O[1])
                                                      0.334     3.053 r  u_vga/rd_addr_final__0_carry__0_i_1/O[1]
                         net (fo=3, routed)           1.005     4.057    u_ping_pong/frame_rd_addr__0[5]
    SLICE_X39Y40         LUT3 (Prop_lut3_I2_O)        0.303     4.360 r  u_ping_pong/rd_addr_final__0_carry__0_i_5/O
                         net (fo=1, routed)           0.000     4.360    u_ping_pong/rd_addr_final__0_carry__0_i_5_n_0
    SLICE_X39Y40         CARRY4 (Prop_carry4_S[1]_O[2])
                                                      0.580     4.940 f  u_ping_pong/rd_addr_final__0_carry__0/O[2]
                         net (fo=4, routed)           0.829     5.770    u_ping_pong/rd_addr_final[16]
    SLICE_X41Y40         LUT2 (Prop_lut2_I1_O)        0.302     6.072 r  u_ping_pong/ram_reg_0_2_i_2/O
                         net (fo=12, routed)          4.889    10.961    u_ping_pong/ram_reg_0_2_i_2_n_0
    RAMB36_X1Y13         RAMB36E1                                     r  u_ping_pong/ram_reg_1_7/ENBWREN
  -------------------------------------------------------------------    -------------------

                         (clock clk_out1_clk_wiz_0 rise edge)
                                                     39.722    39.722 r  
    W5                                                0.000    39.722 r  clk_100mhz (IN)
                         net (fo=0)                   0.000    39.722    clk_gen/inst/clk_in1
    W5                   IBUF (Prop_ibuf_I_O)         1.388    41.110 r  clk_gen/inst/clkin1_ibufg/O
                         net (fo=1, routed)           1.162    42.272    clk_gen/inst/clk_in1_clk_wiz_0
    MMCME2_ADV_X1Y0      MMCME2_ADV (Prop_mmcme2_adv_CLKIN1_CLKOUT0)
                                                     -7.217    35.055 r  clk_gen/inst/mmcm_adv_inst/CLKOUT0
                         net (fo=1, routed)           1.581    36.636    clk_gen/inst/clk_out1_clk_wiz_0
    BUFGCTRL_X0Y1        BUFG (Prop_bufg_I_O)         0.091    36.727 r  clk_gen/inst/clkout1_buf/O
                         net (fo=55, routed)          1.476    38.203    u_ping_pong/clk_out1
    RAMB36_X1Y13         RAMB36E1                                     r  u_ping_pong/ram_reg_1_7/CLKBWRCLK
                         clock pessimism              0.484    38.686    
                         clock uncertainty           -0.098    38.588    
    RAMB36_X1Y13         RAMB36E1 (Setup_ramb36e1_CLKBWRCLK_ENBWREN)
                                                     -0.443    38.145    u_ping_pong/ram_reg_1_7
  -------------------------------------------------------------------
                         required time                         38.145    
                         arrival time                         -10.961    
  -------------------------------------------------------------------
                         slack                                 27.184    

Slack (MET) :             27.390ns  (required time - arrival time)
  Source:                 u_vga/v_count_reg[1]/C
                            (rising edge-triggered cell FDCE clocked by clk_out1_clk_wiz_0_1  {rise@0.000ns fall@19.861ns period=39.722ns})
  Destination:            u_ping_pong/ram_reg_0_7/ENBWREN
                            (rising edge-triggered cell RAMB36E1 clocked by clk_out1_clk_wiz_0  {rise@0.000ns fall@19.861ns period=39.722ns})
  Path Group:             clk_out1_clk_wiz_0
  Path Type:              Setup (Max at Slow Process Corner)
  Requirement:            39.722ns  (clk_out1_clk_wiz_0 rise@39.722ns - clk_out1_clk_wiz_0_1 rise@0.000ns)
  Data Path Delay:        11.709ns  (logic 3.720ns (31.772%)  route 7.989ns (68.228%))
  Logic Levels:           8  (CARRY4=5 LUT2=2 LUT3=1)
  Clock Path Skew:        -0.082ns (DCD - SCD + CPR)
    Destination Clock Delay (DCD):    -1.515ns = ( 38.207 - 39.722 ) 
    Source Clock Delay      (SCD):    -0.950ns
    Clock Pessimism Removal (CPR):    0.484ns
  Clock Uncertainty:      0.098ns  ((TSJ^2 + DJ^2)^1/2) / 2 + PE
    Total System Jitter     (TSJ):    0.071ns
    Discrete Jitter          (DJ):    0.183ns
    Phase Error              (PE):    0.000ns
  Clock Domain Crossing:  Inter clock paths are considered valid unless explicitly excluded by timing constraints such as set_clock_groups or set_false_path.

    Location             Delay type                Incr(ns)  Path(ns)    Netlist Resource(s)
  -------------------------------------------------------------------    -------------------
                         (clock clk_out1_clk_wiz_0_1 rise edge)
                                                      0.000     0.000 r  
    W5                                                0.000     0.000 r  clk_100mhz (IN)
                         net (fo=0)                   0.000     0.000    clk_gen/inst/clk_in1
    W5                   IBUF (Prop_ibuf_I_O)         1.458     1.458 r  clk_gen/inst/clkin1_ibufg/O
                         net (fo=1, routed)           1.233     2.691    clk_gen/inst/clk_in1_clk_wiz_0
    MMCME2_ADV_X1Y0      MMCME2_ADV (Prop_mmcme2_adv_CLKIN1_CLKOUT0)
                                                     -6.961    -4.269 r  clk_gen/inst/mmcm_adv_inst/CLKOUT0
                         net (fo=1, routed)           1.661    -2.608    clk_gen/inst/clk_out1_clk_wiz_0
    BUFGCTRL_X0Y1        BUFG (Prop_bufg_I_O)         0.096    -2.512 r  clk_gen/inst/clkout1_buf/O
                         net (fo=55, routed)          1.562    -0.950    u_vga/CLK
    SLICE_X39Y38         FDCE                                         r  u_vga/v_count_reg[1]/C
  -------------------------------------------------------------------    -------------------
    SLICE_X39Y38         FDCE (Prop_fdce_C_Q)         0.456    -0.494 r  u_vga/v_count_reg[1]/Q
                         net (fo=11, routed)          0.886     0.392    u_vga/v_count_reg_n_0_[1]
    SLICE_X36Y38         LUT2 (Prop_lut2_I1_O)        0.124     0.516 r  u_vga/ram_reg_0_2_i_12/O
                         net (fo=1, routed)           0.000     0.516    u_vga/ram_reg_0_2_i_12_n_0
    SLICE_X36Y38         CARRY4 (Prop_carry4_S[1]_CO[3])
                                                      0.550     1.066 r  u_vga/ram_reg_0_2_i_6/CO[3]
                         net (fo=1, routed)           0.000     1.066    u_vga/ram_reg_0_2_i_6_n_0
    SLICE_X36Y39         CARRY4 (Prop_carry4_CI_O[0])
                                                      0.222     1.288 r  u_vga/rd_addr_final__0_carry_i_8/O[0]
                         net (fo=1, routed)           0.582     1.870    u_vga/frame_rd_addr0[11]
    SLICE_X37Y39         CARRY4 (Prop_carry4_S[1]_CO[3])
                                                      0.849     2.719 r  u_vga/rd_addr_final__0_carry_i_2/CO[3]
                         net (fo=1, routed)           0.000     2.719    u_vga/rd_addr_final__0_carry_i_2_n_0
    SLICE_X37Y40         CARRY4 (Prop_carry4_CI_O[1])
                                                      0.334     3.053 r  u_vga/rd_addr_final__0_carry__0_i_1/O[1]
                         net (fo=3, routed)           1.005     4.057    u_ping_pong/frame_rd_addr__0[5]
    SLICE_X39Y40         LUT3 (Prop_lut3_I2_O)        0.303     4.360 r  u_ping_pong/rd_addr_final__0_carry__0_i_5/O
                         net (fo=1, routed)           0.000     4.360    u_ping_pong/rd_addr_final__0_carry__0_i_5_n_0
    SLICE_X39Y40         CARRY4 (Prop_carry4_S[1]_O[2])
                                                      0.580     4.940 f  u_ping_pong/rd_addr_final__0_carry__0/O[2]
                         net (fo=4, routed)           0.829     5.770    u_ping_pong/rd_addr_final[16]
    SLICE_X41Y40         LUT2 (Prop_lut2_I1_O)        0.302     6.072 r  u_ping_pong/ram_reg_0_2_i_2/O
                         net (fo=12, routed)          4.687    10.759    u_ping_pong/ram_reg_0_2_i_2_n_0
    RAMB36_X1Y12         RAMB36E1                                     r  u_ping_pong/ram_reg_0_7/ENBWREN
  -------------------------------------------------------------------    -------------------

                         (clock clk_out1_clk_wiz_0 rise edge)
                                                     39.722    39.722 r  
    W5                                                0.000    39.722 r  clk_100mhz (IN)
                         net (fo=0)                   0.000    39.722    clk_gen/inst/clk_in1
    W5                   IBUF (Prop_ibuf_I_O)         1.388    41.110 r  clk_gen/inst/clkin1_ibufg/O
                         net (fo=1, routed)           1.162    42.272    clk_gen/inst/clk_in1_clk_wiz_0
    MMCME2_ADV_X1Y0      MMCME2_ADV (Prop_mmcme2_adv_CLKIN1_CLKOUT0)
                                                     -7.217    35.055 r  clk_gen/inst/mmcm_adv_inst/CLKOUT0
                         net (fo=1, routed)           1.581    36.636    clk_gen/inst/clk_out1_clk_wiz_0
    BUFGCTRL_X0Y1        BUFG (Prop_bufg_I_O)         0.091    36.727 r  clk_gen/inst/clkout1_buf/O
                         net (fo=55, routed)          1.480    38.207    u_ping_pong/clk_out1
    RAMB36_X1Y12         RAMB36E1                                     r  u_ping_pong/ram_reg_0_7/CLKBWRCLK
                         clock pessimism              0.484    38.690    
                         clock uncertainty           -0.098    38.592    
    RAMB36_X1Y12         RAMB36E1 (Setup_ramb36e1_CLKBWRCLK_ENBWREN)
                                                     -0.443    38.149    u_ping_pong/ram_reg_0_7
  -------------------------------------------------------------------
                         required time                         38.149    
                         arrival time                         -10.759    
  -------------------------------------------------------------------
                         slack                                 27.390    

Slack (MET) :             27.880ns  (required time - arrival time)
  Source:                 u_vga/v_count_reg[1]/C
                            (rising edge-triggered cell FDCE clocked by clk_out1_clk_wiz_0_1  {rise@0.000ns fall@19.861ns period=39.722ns})
  Destination:            u_ping_pong/ram_reg_2_2__0/ENBWREN
                            (rising edge-triggered cell RAMB36E1 clocked by clk_out1_clk_wiz_0  {rise@0.000ns fall@19.861ns period=39.722ns})
  Path Group:             clk_out1_clk_wiz_0
  Path Type:              Setup (Max at Slow Process Corner)
  Requirement:            39.722ns  (clk_out1_clk_wiz_0 rise@39.722ns - clk_out1_clk_wiz_0_1 rise@0.000ns)
  Data Path Delay:        11.210ns  (logic 3.720ns (33.186%)  route 7.490ns (66.814%))
  Logic Levels:           8  (CARRY4=5 LUT2=1 LUT3=2)
  Clock Path Skew:        -0.091ns (DCD - SCD + CPR)
    Destination Clock Delay (DCD):    -1.524ns = ( 38.198 - 39.722 ) 
    Source Clock Delay      (SCD):    -0.950ns
    Clock Pessimism Removal (CPR):    0.484ns
  Clock Uncertainty:      0.098ns  ((TSJ^2 + DJ^2)^1/2) / 2 + PE
    Total System Jitter     (TSJ):    0.071ns
    Discrete Jitter          (DJ):    0.183ns
    Phase Error              (PE):    0.000ns
  Clock Domain Crossing:  Inter clock paths are considered valid unless explicitly excluded by timing constraints such as set_clock_groups or set_false_path.

    Location             Delay type                Incr(ns)  Path(ns)    Netlist Resource(s)
  -------------------------------------------------------------------    -------------------
                         (clock clk_out1_clk_wiz_0_1 rise edge)
                                                      0.000     0.000 r  
    W5                                                0.000     0.000 r  clk_100mhz (IN)
                         net (fo=0)                   0.000     0.000    clk_gen/inst/clk_in1
    W5                   IBUF (Prop_ibuf_I_O)         1.458     1.458 r  clk_gen/inst/clkin1_ibufg/O
                         net (fo=1, routed)           1.233     2.691    clk_gen/inst/clk_in1_clk_wiz_0
    MMCME2_ADV_X1Y0      MMCME2_ADV (Prop_mmcme2_adv_CLKIN1_CLKOUT0)
                                                     -6.961    -4.269 r  clk_gen/inst/mmcm_adv_inst/CLKOUT0
                         net (fo=1, routed)           1.661    -2.608    clk_gen/inst/clk_out1_clk_wiz_0
    BUFGCTRL_X0Y1        BUFG (Prop_bufg_I_O)         0.096    -2.512 r  clk_gen/inst/clkout1_buf/O
                         net (fo=55, routed)          1.562    -0.950    u_vga/CLK
    SLICE_X39Y38         FDCE                                         r  u_vga/v_count_reg[1]/C
  -------------------------------------------------------------------    -------------------
    SLICE_X39Y38         FDCE (Prop_fdce_C_Q)         0.456    -0.494 r  u_vga/v_count_reg[1]/Q
                         net (fo=11, routed)          0.886     0.392    u_vga/v_count_reg_n_0_[1]
    SLICE_X36Y38         LUT2 (Prop_lut2_I1_O)        0.124     0.516 r  u_vga/ram_reg_0_2_i_12/O
                         net (fo=1, routed)           0.000     0.516    u_vga/ram_reg_0_2_i_12_n_0
    SLICE_X36Y38         CARRY4 (Prop_carry4_S[1]_CO[3])
                                                      0.550     1.066 r  u_vga/ram_reg_0_2_i_6/CO[3]
                         net (fo=1, routed)           0.000     1.066    u_vga/ram_reg_0_2_i_6_n_0
    SLICE_X36Y39         CARRY4 (Prop_carry4_CI_O[0])
                                                      0.222     1.288 r  u_vga/rd_addr_final__0_carry_i_8/O[0]
                         net (fo=1, routed)           0.582     1.870    u_vga/frame_rd_addr0[11]
    SLICE_X37Y39         CARRY4 (Prop_carry4_S[1]_CO[3])
                                                      0.849     2.719 r  u_vga/rd_addr_final__0_carry_i_2/CO[3]
                         net (fo=1, routed)           0.000     2.719    u_vga/rd_addr_final__0_carry_i_2_n_0
    SLICE_X37Y40         CARRY4 (Prop_carry4_CI_O[1])
                                                      0.334     3.053 r  u_vga/rd_addr_final__0_carry__0_i_1/O[1]
                         net (fo=3, routed)           1.005     4.057    u_ping_pong/frame_rd_addr__0[5]
    SLICE_X39Y40         LUT3 (Prop_lut3_I2_O)        0.303     4.360 r  u_ping_pong/rd_addr_final__0_carry__0_i_5/O
                         net (fo=1, routed)           0.000     4.360    u_ping_pong/rd_addr_final__0_carry__0_i_5_n_0
    SLICE_X39Y40         CARRY4 (Prop_carry4_S[1]_O[2])
                                                      0.580     4.940 f  u_ping_pong/rd_addr_final__0_carry__0/O[2]
                         net (fo=4, routed)           0.830     5.771    u_ping_pong/rd_addr_final[16]
    SLICE_X41Y40         LUT3 (Prop_lut3_I2_O)        0.302     6.073 r  u_ping_pong/ram_reg_2_2__0_i_2/O
                         net (fo=6, routed)           4.187    10.260    u_ping_pong/ram_reg_2_2__0_i_2_n_0
    RAMB36_X1Y14         RAMB36E1                                     r  u_ping_pong/ram_reg_2_2__0/ENBWREN
  -------------------------------------------------------------------    -------------------

                         (clock clk_out1_clk_wiz_0 rise edge)
                                                     39.722    39.722 r  
    W5                                                0.000    39.722 r  clk_100mhz (IN)
                         net (fo=0)                   0.000    39.722    clk_gen/inst/clk_in1
    W5                   IBUF (Prop_ibuf_I_O)         1.388    41.110 r  clk_gen/inst/clkin1_ibufg/O
                         net (fo=1, routed)           1.162    42.272    clk_gen/inst/clk_in1_clk_wiz_0
    MMCME2_ADV_X1Y0      MMCME2_ADV (Prop_mmcme2_adv_CLKIN1_CLKOUT0)
                                                     -7.217    35.055 r  clk_gen/inst/mmcm_adv_inst/CLKOUT0
                         net (fo=1, routed)           1.581    36.636    clk_gen/inst/clk_out1_clk_wiz_0
    BUFGCTRL_X0Y1        BUFG (Prop_bufg_I_O)         0.091    36.727 r  clk_gen/inst/clkout1_buf/O
                         net (fo=55, routed)          1.471    38.198    u_ping_pong/clk_out1
    RAMB36_X1Y14         RAMB36E1                                     r  u_ping_pong/ram_reg_2_2__0/CLKBWRCLK
                         clock pessimism              0.484    38.681    
                         clock uncertainty           -0.098    38.583    
    RAMB36_X1Y14         RAMB36E1 (Setup_ramb36e1_CLKBWRCLK_ENBWREN)
                                                     -0.443    38.140    u_ping_pong/ram_reg_2_2__0
  -------------------------------------------------------------------
                         required time                         38.140    
                         arrival time                         -10.260    
  -------------------------------------------------------------------
                         slack                                 27.880    

Slack (MET) :             28.101ns  (required time - arrival time)
  Source:                 u_vga/v_count_reg[1]/C
                            (rising edge-triggered cell FDCE clocked by clk_out1_clk_wiz_0_1  {rise@0.000ns fall@19.861ns period=39.722ns})
  Destination:            u_ping_pong/ram_reg_1_5/ENBWREN
                            (rising edge-triggered cell RAMB36E1 clocked by clk_out1_clk_wiz_0  {rise@0.000ns fall@19.861ns period=39.722ns})
  Path Group:             clk_out1_clk_wiz_0
  Path Type:              Setup (Max at Slow Process Corner)
  Requirement:            39.722ns  (clk_out1_clk_wiz_0 rise@39.722ns - clk_out1_clk_wiz_0_1 rise@0.000ns)
  Data Path Delay:        11.000ns  (logic 3.720ns (33.818%)  route 7.280ns (66.182%))
  Logic Levels:           8  (CARRY4=5 LUT2=2 LUT3=1)
  Clock Path Skew:        -0.080ns (DCD - SCD + CPR)
    Destination Clock Delay (DCD):    -1.513ns = ( 38.209 - 39.722 ) 
    Source Clock Delay      (SCD):    -0.950ns
    Clock Pessimism Removal (CPR):    0.484ns
  Clock Uncertainty:      0.098ns  ((TSJ^2 + DJ^2)^1/2) / 2 + PE
    Total System Jitter     (TSJ):    0.071ns
    Discrete Jitter          (DJ):    0.183ns
    Phase Error              (PE):    0.000ns
  Clock Domain Crossing:  Inter clock paths are considered valid unless explicitly excluded by timing constraints such as set_clock_groups or set_false_path.

    Location             Delay type                Incr(ns)  Path(ns)    Netlist Resource(s)
  -------------------------------------------------------------------    -------------------
                         (clock clk_out1_clk_wiz_0_1 rise edge)
                                                      0.000     0.000 r  
    W5                                                0.000     0.000 r  clk_100mhz (IN)
                         net (fo=0)                   0.000     0.000    clk_gen/inst/clk_in1
    W5                   IBUF (Prop_ibuf_I_O)         1.458     1.458 r  clk_gen/inst/clkin1_ibufg/O
                         net (fo=1, routed)           1.233     2.691    clk_gen/inst/clk_in1_clk_wiz_0
    MMCME2_ADV_X1Y0      MMCME2_ADV (Prop_mmcme2_adv_CLKIN1_CLKOUT0)
                                                     -6.961    -4.269 r  clk_gen/inst/mmcm_adv_inst/CLKOUT0
                         net (fo=1, routed)           1.661    -2.608    clk_gen/inst/clk_out1_clk_wiz_0
    BUFGCTRL_X0Y1        BUFG (Prop_bufg_I_O)         0.096    -2.512 r  clk_gen/inst/clkout1_buf/O
                         net (fo=55, routed)          1.562    -0.950    u_vga/CLK
    SLICE_X39Y38         FDCE                                         r  u_vga/v_count_reg[1]/C
  -------------------------------------------------------------------    -------------------
    SLICE_X39Y38         FDCE (Prop_fdce_C_Q)         0.456    -0.494 r  u_vga/v_count_reg[1]/Q
                         net (fo=11, routed)          0.886     0.392    u_vga/v_count_reg_n_0_[1]
    SLICE_X36Y38         LUT2 (Prop_lut2_I1_O)        0.124     0.516 r  u_vga/ram_reg_0_2_i_12/O
                         net (fo=1, routed)           0.000     0.516    u_vga/ram_reg_0_2_i_12_n_0
    SLICE_X36Y38         CARRY4 (Prop_carry4_S[1]_CO[3])
                                                      0.550     1.066 r  u_vga/ram_reg_0_2_i_6/CO[3]
                         net (fo=1, routed)           0.000     1.066    u_vga/ram_reg_0_2_i_6_n_0
    SLICE_X36Y39         CARRY4 (Prop_carry4_CI_O[0])
                                                      0.222     1.288 r  u_vga/rd_addr_final__0_carry_i_8/O[0]
                         net (fo=1, routed)           0.582     1.870    u_vga/frame_rd_addr0[11]
    SLICE_X37Y39         CARRY4 (Prop_carry4_S[1]_CO[3])
                                                      0.849     2.719 r  u_vga/rd_addr_final__0_carry_i_2/CO[3]
                         net (fo=1, routed)           0.000     2.719    u_vga/rd_addr_final__0_carry_i_2_n_0
    SLICE_X37Y40         CARRY4 (Prop_carry4_CI_O[1])
                                                      0.334     3.053 r  u_vga/rd_addr_final__0_carry__0_i_1/O[1]
                         net (fo=3, routed)           1.005     4.057    u_ping_pong/frame_rd_addr__0[5]
    SLICE_X39Y40         LUT3 (Prop_lut3_I2_O)        0.303     4.360 r  u_ping_pong/rd_addr_final__0_carry__0_i_5/O
                         net (fo=1, routed)           0.000     4.360    u_ping_pong/rd_addr_final__0_carry__0_i_5_n_0
    SLICE_X39Y40         CARRY4 (Prop_carry4_S[1]_O[2])
                                                      0.580     4.940 f  u_ping_pong/rd_addr_final__0_carry__0/O[2]
                         net (fo=4, routed)           0.829     5.770    u_ping_pong/rd_addr_final[16]
    SLICE_X41Y40         LUT2 (Prop_lut2_I1_O)        0.302     6.072 r  u_ping_pong/ram_reg_0_2_i_2/O
                         net (fo=12, routed)          3.979    10.051    u_ping_pong/ram_reg_0_2_i_2_n_0
    RAMB36_X2Y12         RAMB36E1                                     r  u_ping_pong/ram_reg_1_5/ENBWREN
  -------------------------------------------------------------------    -------------------

                         (clock clk_out1_clk_wiz_0 rise edge)
                                                     39.722    39.722 r  
    W5                                                0.000    39.722 r  clk_100mhz (IN)
                         net (fo=0)                   0.000    39.722    clk_gen/inst/clk_in1
    W5                   IBUF (Prop_ibuf_I_O)         1.388    41.110 r  clk_gen/inst/clkin1_ibufg/O
                         net (fo=1, routed)           1.162    42.272    clk_gen/inst/clk_in1_clk_wiz_0
    MMCME2_ADV_X1Y0      MMCME2_ADV (Prop_mmcme2_adv_CLKIN1_CLKOUT0)
                                                     -7.217    35.055 r  clk_gen/inst/mmcm_adv_inst/CLKOUT0
                         net (fo=1, routed)           1.581    36.636    clk_gen/inst/clk_out1_clk_wiz_0
    BUFGCTRL_X0Y1        BUFG (Prop_bufg_I_O)         0.091    36.727 r  clk_gen/inst/clkout1_buf/O
                         net (fo=55, routed)          1.482    38.209    u_ping_pong/clk_out1
    RAMB36_X2Y12         RAMB36E1                                     r  u_ping_pong/ram_reg_1_5/CLKBWRCLK
                         clock pessimism              0.484    38.692    
                         clock uncertainty           -0.098    38.594    
    RAMB36_X2Y12         RAMB36E1 (Setup_ramb36e1_CLKBWRCLK_ENBWREN)
                                                     -0.443    38.151    u_ping_pong/ram_reg_1_5
  -------------------------------------------------------------------
                         required time                         38.151    
                         arrival time                         -10.051    
  -------------------------------------------------------------------
                         slack                                 28.101    

Slack (MET) :             28.167ns  (required time - arrival time)
  Source:                 u_vga/v_count_reg[1]/C
                            (rising edge-triggered cell FDCE clocked by clk_out1_clk_wiz_0_1  {rise@0.000ns fall@19.861ns period=39.722ns})
  Destination:            u_ping_pong/ram_reg_0_5/ENBWREN
                            (rising edge-triggered cell RAMB36E1 clocked by clk_out1_clk_wiz_0  {rise@0.000ns fall@19.861ns period=39.722ns})
  Path Group:             clk_out1_clk_wiz_0
  Path Type:              Setup (Max at Slow Process Corner)
  Requirement:            39.722ns  (clk_out1_clk_wiz_0 rise@39.722ns - clk_out1_clk_wiz_0_1 rise@0.000ns)
  Data Path Delay:        10.937ns  (logic 3.720ns (34.013%)  route 7.217ns (65.987%))
  Logic Levels:           8  (CARRY4=5 LUT2=2 LUT3=1)
  Clock Path Skew:        -0.077ns (DCD - SCD + CPR)
    Destination Clock Delay (DCD):    -1.510ns = ( 38.212 - 39.722 ) 
    Source Clock Delay      (SCD):    -0.950ns
    Clock Pessimism Removal (CPR):    0.484ns
  Clock Uncertainty:      0.098ns  ((TSJ^2 + DJ^2)^1/2) / 2 + PE
    Total System Jitter     (TSJ):    0.071ns
    Discrete Jitter          (DJ):    0.183ns
    Phase Error              (PE):    0.000ns
  Clock Domain Crossing:  Inter clock paths are considered valid unless explicitly excluded by timing constraints such as set_clock_groups or set_false_path.

    Location             Delay type                Incr(ns)  Path(ns)    Netlist Resource(s)
  -------------------------------------------------------------------    -------------------
                         (clock clk_out1_clk_wiz_0_1 rise edge)
                                                      0.000     0.000 r  
    W5                                                0.000     0.000 r  clk_100mhz (IN)
                         net (fo=0)                   0.000     0.000    clk_gen/inst/clk_in1
    W5                   IBUF (Prop_ibuf_I_O)         1.458     1.458 r  clk_gen/inst/clkin1_ibufg/O
                         net (fo=1, routed)           1.233     2.691    clk_gen/inst/clk_in1_clk_wiz_0
    MMCME2_ADV_X1Y0      MMCME2_ADV (Prop_mmcme2_adv_CLKIN1_CLKOUT0)
                                                     -6.961    -4.269 r  clk_gen/inst/mmcm_adv_inst/CLKOUT0
                         net (fo=1, routed)           1.661    -2.608    clk_gen/inst/clk_out1_clk_wiz_0
    BUFGCTRL_X0Y1        BUFG (Prop_bufg_I_O)         0.096    -2.512 r  clk_gen/inst/clkout1_buf/O
                         net (fo=55, routed)          1.562    -0.950    u_vga/CLK
    SLICE_X39Y38         FDCE                                         r  u_vga/v_count_reg[1]/C
  -------------------------------------------------------------------    -------------------
    SLICE_X39Y38         FDCE (Prop_fdce_C_Q)         0.456    -0.494 r  u_vga/v_count_reg[1]/Q
                         net (fo=11, routed)          0.886     0.392    u_vga/v_count_reg_n_0_[1]
    SLICE_X36Y38         LUT2 (Prop_lut2_I1_O)        0.124     0.516 r  u_vga/ram_reg_0_2_i_12/O
                         net (fo=1, routed)           0.000     0.516    u_vga/ram_reg_0_2_i_12_n_0
    SLICE_X36Y38         CARRY4 (Prop_carry4_S[1]_CO[3])
                                                      0.550     1.066 r  u_vga/ram_reg_0_2_i_6/CO[3]
                         net (fo=1, routed)           0.000     1.066    u_vga/ram_reg_0_2_i_6_n_0
    SLICE_X36Y39         CARRY4 (Prop_carry4_CI_O[0])
                                                      0.222     1.288 r  u_vga/rd_addr_final__0_carry_i_8/O[0]
                         net (fo=1, routed)           0.582     1.870    u_vga/frame_rd_addr0[11]
    SLICE_X37Y39         CARRY4 (Prop_carry4_S[1]_CO[3])
                                                      0.849     2.719 r  u_vga/rd_addr_final__0_carry_i_2/CO[3]
                         net (fo=1, routed)           0.000     2.719    u_vga/rd_addr_final__0_carry_i_2_n_0
    SLICE_X37Y40         CARRY4 (Prop_carry4_CI_O[1])
                                                      0.334     3.053 r  u_vga/rd_addr_final__0_carry__0_i_1/O[1]
                         net (fo=3, routed)           1.005     4.057    u_ping_pong/frame_rd_addr__0[5]
    SLICE_X39Y40         LUT3 (Prop_lut3_I2_O)        0.303     4.360 r  u_ping_pong/rd_addr_final__0_carry__0_i_5/O
                         net (fo=1, routed)           0.000     4.360    u_ping_pong/rd_addr_final__0_carry__0_i_5_n_0
    SLICE_X39Y40         CARRY4 (Prop_carry4_S[1]_O[2])
                                                      0.580     4.940 f  u_ping_pong/rd_addr_final__0_carry__0/O[2]
                         net (fo=4, routed)           0.829     5.770    u_ping_pong/rd_addr_final[16]
    SLICE_X41Y40         LUT2 (Prop_lut2_I1_O)        0.302     6.072 r  u_ping_pong/ram_reg_0_2_i_2/O
                         net (fo=12, routed)          3.916     9.988    u_ping_pong/ram_reg_0_2_i_2_n_0
    RAMB36_X2Y11         RAMB36E1                                     r  u_ping_pong/ram_reg_0_5/ENBWREN
  -------------------------------------------------------------------    -------------------

                         (clock clk_out1_clk_wiz_0 rise edge)
                                                     39.722    39.722 r  
    W5                                                0.000    39.722 r  clk_100mhz (IN)
                         net (fo=0)                   0.000    39.722    clk_gen/inst/clk_in1
    W5                   IBUF (Prop_ibuf_I_O)         1.388    41.110 r  clk_gen/inst/clkin1_ibufg/O
                         net (fo=1, routed)           1.162    42.272    clk_gen/inst/clk_in1_clk_wiz_0
    MMCME2_ADV_X1Y0      MMCME2_ADV (Prop_mmcme2_adv_CLKIN1_CLKOUT0)
                                                     -7.217    35.055 r  clk_gen/inst/mmcm_adv_inst/CLKOUT0
                         net (fo=1, routed)           1.581    36.636    clk_gen/inst/clk_out1_clk_wiz_0
    BUFGCTRL_X0Y1        BUFG (Prop_bufg_I_O)         0.091    36.727 r  clk_gen/inst/clkout1_buf/O
                         net (fo=55, routed)          1.485    38.212    u_ping_pong/clk_out1
    RAMB36_X2Y11         RAMB36E1                                     r  u_ping_pong/ram_reg_0_5/CLKBWRCLK
                         clock pessimism              0.484    38.695    
                         clock uncertainty           -0.098    38.597    
    RAMB36_X2Y11         RAMB36E1 (Setup_ramb36e1_CLKBWRCLK_ENBWREN)
                                                     -0.443    38.154    u_ping_pong/ram_reg_0_5
  -------------------------------------------------------------------
                         required time                         38.154    
                         arrival time                          -9.988    
  -------------------------------------------------------------------
                         slack                                 28.167    

Slack (MET) :             28.576ns  (required time - arrival time)
  Source:                 u_vga/v_count_reg[1]/C
                            (rising edge-triggered cell FDCE clocked by clk_out1_clk_wiz_0_1  {rise@0.000ns fall@19.861ns period=39.722ns})
  Destination:            u_ping_pong/ram_reg_2_7__0/ENBWREN
                            (rising edge-triggered cell RAMB36E1 clocked by clk_out1_clk_wiz_0  {rise@0.000ns fall@19.861ns period=39.722ns})
  Path Group:             clk_out1_clk_wiz_0
  Path Type:              Setup (Max at Slow Process Corner)
  Requirement:            39.722ns  (clk_out1_clk_wiz_0 rise@39.722ns - clk_out1_clk_wiz_0_1 rise@0.000ns)
  Data Path Delay:        10.516ns  (logic 3.720ns (35.376%)  route 6.796ns (64.624%))
  Logic Levels:           8  (CARRY4=5 LUT2=1 LUT3=2)
  Clock Path Skew:        -0.089ns (DCD - SCD + CPR)
    Destination Clock Delay (DCD):    -1.522ns = ( 38.200 - 39.722 ) 
    Source Clock Delay      (SCD):    -0.950ns
    Clock Pessimism Removal (CPR):    0.484ns
  Clock Uncertainty:      0.098ns  ((TSJ^2 + DJ^2)^1/2) / 2 + PE
    Total System Jitter     (TSJ):    0.071ns
    Discrete Jitter          (DJ):    0.183ns
    Phase Error              (PE):    0.000ns
  Clock Domain Crossing:  Inter clock paths are considered valid unless explicitly excluded by timing constraints such as set_clock_groups or set_false_path.

    Location             Delay type                Incr(ns)  Path(ns)    Netlist Resource(s)
  -------------------------------------------------------------------    -------------------
                         (clock clk_out1_clk_wiz_0_1 rise edge)
                                                      0.000     0.000 r  
    W5                                                0.000     0.000 r  clk_100mhz (IN)
                         net (fo=0)                   0.000     0.000    clk_gen/inst/clk_in1
    W5                   IBUF (Prop_ibuf_I_O)         1.458     1.458 r  clk_gen/inst/clkin1_ibufg/O
                         net (fo=1, routed)           1.233     2.691    clk_gen/inst/clk_in1_clk_wiz_0
    MMCME2_ADV_X1Y0      MMCME2_ADV (Prop_mmcme2_adv_CLKIN1_CLKOUT0)
                                                     -6.961    -4.269 r  clk_gen/inst/mmcm_adv_inst/CLKOUT0
                         net (fo=1, routed)           1.661    -2.608    clk_gen/inst/clk_out1_clk_wiz_0
    BUFGCTRL_X0Y1        BUFG (Prop_bufg_I_O)         0.096    -2.512 r  clk_gen/inst/clkout1_buf/O
                         net (fo=55, routed)          1.562    -0.950    u_vga/CLK
    SLICE_X39Y38         FDCE                                         r  u_vga/v_count_reg[1]/C
  -------------------------------------------------------------------    -------------------
    SLICE_X39Y38         FDCE (Prop_fdce_C_Q)         0.456    -0.494 r  u_vga/v_count_reg[1]/Q
                         net (fo=11, routed)          0.886     0.392    u_vga/v_count_reg_n_0_[1]
    SLICE_X36Y38         LUT2 (Prop_lut2_I1_O)        0.124     0.516 r  u_vga/ram_reg_0_2_i_12/O
                         net (fo=1, routed)           0.000     0.516    u_vga/ram_reg_0_2_i_12_n_0
    SLICE_X36Y38         CARRY4 (Prop_carry4_S[1]_CO[3])
                                                      0.550     1.066 r  u_vga/ram_reg_0_2_i_6/CO[3]
                         net (fo=1, routed)           0.000     1.066    u_vga/ram_reg_0_2_i_6_n_0
    SLICE_X36Y39         CARRY4 (Prop_carry4_CI_O[0])
                                                      0.222     1.288 r  u_vga/rd_addr_final__0_carry_i_8/O[0]
                         net (fo=1, routed)           0.582     1.870    u_vga/frame_rd_addr0[11]
    SLICE_X37Y39         CARRY4 (Prop_carry4_S[1]_CO[3])
                                                      0.849     2.719 r  u_vga/rd_addr_final__0_carry_i_2/CO[3]
                         net (fo=1, routed)           0.000     2.719    u_vga/rd_addr_final__0_carry_i_2_n_0
    SLICE_X37Y40         CARRY4 (Prop_carry4_CI_O[1])
                                                      0.334     3.053 r  u_vga/rd_addr_final__0_carry__0_i_1/O[1]
                         net (fo=3, routed)           1.005     4.057    u_ping_pong/frame_rd_addr__0[5]
    SLICE_X39Y40         LUT3 (Prop_lut3_I2_O)        0.303     4.360 r  u_ping_pong/rd_addr_final__0_carry__0_i_5/O
                         net (fo=1, routed)           0.000     4.360    u_ping_pong/rd_addr_final__0_carry__0_i_5_n_0
    SLICE_X39Y40         CARRY4 (Prop_carry4_S[1]_O[2])
                                                      0.580     4.940 f  u_ping_pong/rd_addr_final__0_carry__0/O[2]
                         net (fo=4, routed)           0.830     5.771    u_ping_pong/rd_addr_final[16]
    SLICE_X41Y40         LUT3 (Prop_lut3_I2_O)        0.302     6.073 r  u_ping_pong/ram_reg_2_2__0_i_2/O
                         net (fo=6, routed)           3.493     9.566    u_ping_pong/ram_reg_2_2__0_i_2_n_0
    RAMB36_X2Y14         RAMB36E1                                     r  u_ping_pong/ram_reg_2_7__0/ENBWREN
  -------------------------------------------------------------------    -------------------

                         (clock clk_out1_clk_wiz_0 rise edge)
                                                     39.722    39.722 r  
    W5                                                0.000    39.722 r  clk_100mhz (IN)
                         net (fo=0)                   0.000    39.722    clk_gen/inst/clk_in1
    W5                   IBUF (Prop_ibuf_I_O)         1.388    41.110 r  clk_gen/inst/clkin1_ibufg/O
                         net (fo=1, routed)           1.162    42.272    clk_gen/inst/clk_in1_clk_wiz_0
    MMCME2_ADV_X1Y0      MMCME2_ADV (Prop_mmcme2_adv_CLKIN1_CLKOUT0)
                                                     -7.217    35.055 r  clk_gen/inst/mmcm_adv_inst/CLKOUT0
                         net (fo=1, routed)           1.581    36.636    clk_gen/inst/clk_out1_clk_wiz_0
    BUFGCTRL_X0Y1        BUFG (Prop_bufg_I_O)         0.091    36.727 r  clk_gen/inst/clkout1_buf/O
                         net (fo=55, routed)          1.473    38.200    u_ping_pong/clk_out1
    RAMB36_X2Y14         RAMB36E1                                     r  u_ping_pong/ram_reg_2_7__0/CLKBWRCLK
                         clock pessimism              0.484    38.683    
                         clock uncertainty           -0.098    38.585    
    RAMB36_X2Y14         RAMB36E1 (Setup_ramb36e1_CLKBWRCLK_ENBWREN)
                                                     -0.443    38.142    u_ping_pong/ram_reg_2_7__0
  -------------------------------------------------------------------
                         required time                         38.142    
                         arrival time                          -9.566    
  -------------------------------------------------------------------
                         slack                                 28.576    

Slack (MET) :             28.614ns  (required time - arrival time)
  Source:                 u_vga/v_count_reg[1]/C
                            (rising edge-triggered cell FDCE clocked by clk_out1_clk_wiz_0_1  {rise@0.000ns fall@19.861ns period=39.722ns})
  Destination:            u_ping_pong/ram_reg_1_6/ENBWREN
                            (rising edge-triggered cell RAMB36E1 clocked by clk_out1_clk_wiz_0  {rise@0.000ns fall@19.861ns period=39.722ns})
  Path Group:             clk_out1_clk_wiz_0
  Path Type:              Setup (Max at Slow Process Corner)
  Requirement:            39.722ns  (clk_out1_clk_wiz_0 rise@39.722ns - clk_out1_clk_wiz_0_1 rise@0.000ns)
  Data Path Delay:        10.491ns  (logic 3.720ns (35.459%)  route 6.771ns (64.541%))
  Logic Levels:           8  (CARRY4=5 LUT2=2 LUT3=1)
  Clock Path Skew:        -0.076ns (DCD - SCD + CPR)
    Destination Clock Delay (DCD):    -1.509ns = ( 38.213 - 39.722 ) 
    Source Clock Delay      (SCD):    -0.950ns
    Clock Pessimism Removal (CPR):    0.484ns
  Clock Uncertainty:      0.098ns  ((TSJ^2 + DJ^2)^1/2) / 2 + PE
    Total System Jitter     (TSJ):    0.071ns
    Discrete Jitter          (DJ):    0.183ns
    Phase Error              (PE):    0.000ns
  Clock Domain Crossing:  Inter clock paths are considered valid unless explicitly excluded by timing constraints such as set_clock_groups or set_false_path.

    Location             Delay type                Incr(ns)  Path(ns)    Netlist Resource(s)
  -------------------------------------------------------------------    -------------------
                         (clock clk_out1_clk_wiz_0_1 rise edge)
                                                      0.000     0.000 r  
    W5                                                0.000     0.000 r  clk_100mhz (IN)
                         net (fo=0)                   0.000     0.000    clk_gen/inst/clk_in1
    W5                   IBUF (Prop_ibuf_I_O)         1.458     1.458 r  clk_gen/inst/clkin1_ibufg/O
                         net (fo=1, routed)           1.233     2.691    clk_gen/inst/clk_in1_clk_wiz_0
    MMCME2_ADV_X1Y0      MMCME2_ADV (Prop_mmcme2_adv_CLKIN1_CLKOUT0)
                                                     -6.961    -4.269 r  clk_gen/inst/mmcm_adv_inst/CLKOUT0
                         net (fo=1, routed)           1.661    -2.608    clk_gen/inst/clk_out1_clk_wiz_0
    BUFGCTRL_X0Y1        BUFG (Prop_bufg_I_O)         0.096    -2.512 r  clk_gen/inst/clkout1_buf/O
                         net (fo=55, routed)          1.562    -0.950    u_vga/CLK
    SLICE_X39Y38         FDCE                                         r  u_vga/v_count_reg[1]/C
  -------------------------------------------------------------------    -------------------
    SLICE_X39Y38         FDCE (Prop_fdce_C_Q)         0.456    -0.494 r  u_vga/v_count_reg[1]/Q
                         net (fo=11, routed)          0.886     0.392    u_vga/v_count_reg_n_0_[1]
    SLICE_X36Y38         LUT2 (Prop_lut2_I1_O)        0.124     0.516 r  u_vga/ram_reg_0_2_i_12/O
                         net (fo=1, routed)           0.000     0.516    u_vga/ram_reg_0_2_i_12_n_0
    SLICE_X36Y38         CARRY4 (Prop_carry4_S[1]_CO[3])
                                                      0.550     1.066 r  u_vga/ram_reg_0_2_i_6/CO[3]
                         net (fo=1, routed)           0.000     1.066    u_vga/ram_reg_0_2_i_6_n_0
    SLICE_X36Y39         CARRY4 (Prop_carry4_CI_O[0])
                                                      0.222     1.288 r  u_vga/rd_addr_final__0_carry_i_8/O[0]
                         net (fo=1, routed)           0.582     1.870    u_vga/frame_rd_addr0[11]
    SLICE_X37Y39         CARRY4 (Prop_carry4_S[1]_CO[3])
                                                      0.849     2.719 r  u_vga/rd_addr_final__0_carry_i_2/CO[3]
                         net (fo=1, routed)           0.000     2.719    u_vga/rd_addr_final__0_carry_i_2_n_0
    SLICE_X37Y40         CARRY4 (Prop_carry4_CI_O[1])
                                                      0.334     3.053 r  u_vga/rd_addr_final__0_carry__0_i_1/O[1]
                         net (fo=3, routed)           1.005     4.057    u_ping_pong/frame_rd_addr__0[5]
    SLICE_X39Y40         LUT3 (Prop_lut3_I2_O)        0.303     4.360 r  u_ping_pong/rd_addr_final__0_carry__0_i_5/O
                         net (fo=1, routed)           0.000     4.360    u_ping_pong/rd_addr_final__0_carry__0_i_5_n_0
    SLICE_X39Y40         CARRY4 (Prop_carry4_S[1]_O[2])
                                                      0.580     4.940 f  u_ping_pong/rd_addr_final__0_carry__0/O[2]
                         net (fo=4, routed)           0.829     5.770    u_ping_pong/rd_addr_final[16]
    SLICE_X41Y40         LUT2 (Prop_lut2_I1_O)        0.302     6.072 r  u_ping_pong/ram_reg_0_2_i_2/O
                         net (fo=12, routed)          3.469     9.541    u_ping_pong/ram_reg_0_2_i_2_n_0
    RAMB36_X2Y10         RAMB36E1                                     r  u_ping_pong/ram_reg_1_6/ENBWREN
  -------------------------------------------------------------------    -------------------

                         (clock clk_out1_clk_wiz_0 rise edge)
                                                     39.722    39.722 r  
    W5                                                0.000    39.722 r  clk_100mhz (IN)
                         net (fo=0)                   0.000    39.722    clk_gen/inst/clk_in1
    W5                   IBUF (Prop_ibuf_I_O)         1.388    41.110 r  clk_gen/inst/clkin1_ibufg/O
                         net (fo=1, routed)           1.162    42.272    clk_gen/inst/clk_in1_clk_wiz_0
    MMCME2_ADV_X1Y0      MMCME2_ADV (Prop_mmcme2_adv_CLKIN1_CLKOUT0)
                                                     -7.217    35.055 r  clk_gen/inst/mmcm_adv_inst/CLKOUT0
                         net (fo=1, routed)           1.581    36.636    clk_gen/inst/clk_out1_clk_wiz_0
    BUFGCTRL_X0Y1        BUFG (Prop_bufg_I_O)         0.091    36.727 r  clk_gen/inst/clkout1_buf/O
                         net (fo=55, routed)          1.486    38.213    u_ping_pong/clk_out1
    RAMB36_X2Y10         RAMB36E1                                     r  u_ping_pong/ram_reg_1_6/CLKBWRCLK
                         clock pessimism              0.484    38.696    
                         clock uncertainty           -0.098    38.598    
    RAMB36_X2Y10         RAMB36E1 (Setup_ramb36e1_CLKBWRCLK_ENBWREN)
                                                     -0.443    38.155    u_ping_pong/ram_reg_1_6
  -------------------------------------------------------------------
                         required time                         38.155    
                         arrival time                          -9.541    
  -------------------------------------------------------------------
                         slack                                 28.614    

Slack (MET) :             28.736ns  (required time - arrival time)
  Source:                 u_vga/v_count_reg[1]/C
                            (rising edge-triggered cell FDCE clocked by clk_out1_clk_wiz_0_1  {rise@0.000ns fall@19.861ns period=39.722ns})
  Destination:            u_ping_pong/ram_reg_2_5__0/ENBWREN
                            (rising edge-triggered cell RAMB36E1 clocked by clk_out1_clk_wiz_0  {rise@0.000ns fall@19.861ns period=39.722ns})
  Path Group:             clk_out1_clk_wiz_0
  Path Type:              Setup (Max at Slow Process Corner)
  Requirement:            39.722ns  (clk_out1_clk_wiz_0 rise@39.722ns - clk_out1_clk_wiz_0_1 rise@0.000ns)
  Data Path Delay:        10.361ns  (logic 3.720ns (35.904%)  route 6.641ns (64.096%))
  Logic Levels:           8  (CARRY4=5 LUT2=1 LUT3=2)
  Clock Path Skew:        -0.084ns (DCD - SCD + CPR)
    Destination Clock Delay (DCD):    -1.517ns = ( 38.205 - 39.722 ) 
    Source Clock Delay      (SCD):    -0.950ns
    Clock Pessimism Removal (CPR):    0.484ns
  Clock Uncertainty:      0.098ns  ((TSJ^2 + DJ^2)^1/2) / 2 + PE
    Total System Jitter     (TSJ):    0.071ns
    Discrete Jitter          (DJ):    0.183ns
    Phase Error              (PE):    0.000ns
  Clock Domain Crossing:  Inter clock paths are considered valid unless explicitly excluded by timing constraints such as set_clock_groups or set_false_path.

    Location             Delay type                Incr(ns)  Path(ns)    Netlist Resource(s)
  -------------------------------------------------------------------    -------------------
                         (clock clk_out1_clk_wiz_0_1 rise edge)
                                                      0.000     0.000 r  
    W5                                                0.000     0.000 r  clk_100mhz (IN)
                         net (fo=0)                   0.000     0.000    clk_gen/inst/clk_in1
    W5                   IBUF (Prop_ibuf_I_O)         1.458     1.458 r  clk_gen/inst/clkin1_ibufg/O
                         net (fo=1, routed)           1.233     2.691    clk_gen/inst/clk_in1_clk_wiz_0
    MMCME2_ADV_X1Y0      MMCME2_ADV (Prop_mmcme2_adv_CLKIN1_CLKOUT0)
                                                     -6.961    -4.269 r  clk_gen/inst/mmcm_adv_inst/CLKOUT0
                         net (fo=1, routed)           1.661    -2.608    clk_gen/inst/clk_out1_clk_wiz_0
    BUFGCTRL_X0Y1        BUFG (Prop_bufg_I_O)         0.096    -2.512 r  clk_gen/inst/clkout1_buf/O
                         net (fo=55, routed)          1.562    -0.950    u_vga/CLK
    SLICE_X39Y38         FDCE                                         r  u_vga/v_count_reg[1]/C
  -------------------------------------------------------------------    -------------------
    SLICE_X39Y38         FDCE (Prop_fdce_C_Q)         0.456    -0.494 r  u_vga/v_count_reg[1]/Q
                         net (fo=11, routed)          0.886     0.392    u_vga/v_count_reg_n_0_[1]
    SLICE_X36Y38         LUT2 (Prop_lut2_I1_O)        0.124     0.516 r  u_vga/ram_reg_0_2_i_12/O
                         net (fo=1, routed)           0.000     0.516    u_vga/ram_reg_0_2_i_12_n_0
    SLICE_X36Y38         CARRY4 (Prop_carry4_S[1]_CO[3])
                                                      0.550     1.066 r  u_vga/ram_reg_0_2_i_6/CO[3]
                         net (fo=1, routed)           0.000     1.066    u_vga/ram_reg_0_2_i_6_n_0
    SLICE_X36Y39         CARRY4 (Prop_carry4_CI_O[0])
                                                      0.222     1.288 r  u_vga/rd_addr_final__0_carry_i_8/O[0]
                         net (fo=1, routed)           0.582     1.870    u_vga/frame_rd_addr0[11]
    SLICE_X37Y39         CARRY4 (Prop_carry4_S[1]_CO[3])
                                                      0.849     2.719 r  u_vga/rd_addr_final__0_carry_i_2/CO[3]
                         net (fo=1, routed)           0.000     2.719    u_vga/rd_addr_final__0_carry_i_2_n_0
    SLICE_X37Y40         CARRY4 (Prop_carry4_CI_O[1])
                                                      0.334     3.053 r  u_vga/rd_addr_final__0_carry__0_i_1/O[1]
                         net (fo=3, routed)           1.005     4.057    u_ping_pong/frame_rd_addr__0[5]
    SLICE_X39Y40         LUT3 (Prop_lut3_I2_O)        0.303     4.360 r  u_ping_pong/rd_addr_final__0_carry__0_i_5/O
                         net (fo=1, routed)           0.000     4.360    u_ping_pong/rd_addr_final__0_carry__0_i_5_n_0
    SLICE_X39Y40         CARRY4 (Prop_carry4_S[1]_O[2])
                                                      0.580     4.940 f  u_ping_pong/rd_addr_final__0_carry__0/O[2]
                         net (fo=4, routed)           0.830     5.771    u_ping_pong/rd_addr_final[16]
    SLICE_X41Y40         LUT3 (Prop_lut3_I2_O)        0.302     6.073 r  u_ping_pong/ram_reg_2_2__0_i_2/O
                         net (fo=6, routed)           3.339     9.411    u_ping_pong/ram_reg_2_2__0_i_2_n_0
    RAMB36_X2Y13         RAMB36E1                                     r  u_ping_pong/ram_reg_2_5__0/ENBWREN
  -------------------------------------------------------------------    -------------------

                         (clock clk_out1_clk_wiz_0 rise edge)
                                                     39.722    39.722 r  
    W5                                                0.000    39.722 r  clk_100mhz (IN)
                         net (fo=0)                   0.000    39.722    clk_gen/inst/clk_in1
    W5                   IBUF (Prop_ibuf_I_O)         1.388    41.110 r  clk_gen/inst/clkin1_ibufg/O
                         net (fo=1, routed)           1.162    42.272    clk_gen/inst/clk_in1_clk_wiz_0
    MMCME2_ADV_X1Y0      MMCME2_ADV (Prop_mmcme2_adv_CLKIN1_CLKOUT0)
                                                     -7.217    35.055 r  clk_gen/inst/mmcm_adv_inst/CLKOUT0
                         net (fo=1, routed)           1.581    36.636    clk_gen/inst/clk_out1_clk_wiz_0
    BUFGCTRL_X0Y1        BUFG (Prop_bufg_I_O)         0.091    36.727 r  clk_gen/inst/clkout1_buf/O
                         net (fo=55, routed)          1.478    38.205    u_ping_pong/clk_out1
    RAMB36_X2Y13         RAMB36E1                                     r  u_ping_pong/ram_reg_2_5__0/CLKBWRCLK
                         clock pessimism              0.484    38.688    
                         clock uncertainty           -0.098    38.590    
    RAMB36_X2Y13         RAMB36E1 (Setup_ramb36e1_CLKBWRCLK_ENBWREN)
                                                     -0.443    38.147    u_ping_pong/ram_reg_2_5__0
  -------------------------------------------------------------------
                         required time                         38.147    
                         arrival time                          -9.411    
  -------------------------------------------------------------------
                         slack                                 28.736    

Slack (MET) :             28.908ns  (required time - arrival time)
  Source:                 u_vga/v_count_reg[1]/C
                            (rising edge-triggered cell FDCE clocked by clk_out1_clk_wiz_0_1  {rise@0.000ns fall@19.861ns period=39.722ns})
  Destination:            u_ping_pong/ram_reg_0_6/ENBWREN
                            (rising edge-triggered cell RAMB36E1 clocked by clk_out1_clk_wiz_0  {rise@0.000ns fall@19.861ns period=39.722ns})
  Path Group:             clk_out1_clk_wiz_0
  Path Type:              Setup (Max at Slow Process Corner)
  Requirement:            39.722ns  (clk_out1_clk_wiz_0 rise@39.722ns - clk_out1_clk_wiz_0_1 rise@0.000ns)
  Data Path Delay:        10.286ns  (logic 3.720ns (36.165%)  route 6.566ns (63.835%))
  Logic Levels:           8  (CARRY4=5 LUT2=2 LUT3=1)
  Clock Path Skew:        0.013ns (DCD - SCD + CPR)
    Destination Clock Delay (DCD):    -1.500ns = ( 38.223 - 39.722 ) 
    Source Clock Delay      (SCD):    -0.950ns
    Clock Pessimism Removal (CPR):    0.564ns
  Clock Uncertainty:      0.098ns  ((TSJ^2 + DJ^2)^1/2) / 2 + PE
    Total System Jitter     (TSJ):    0.071ns
    Discrete Jitter          (DJ):    0.183ns
    Phase Error              (PE):    0.000ns
  Clock Domain Crossing:  Inter clock paths are considered valid unless explicitly excluded by timing constraints such as set_clock_groups or set_false_path.

    Location             Delay type                Incr(ns)  Path(ns)    Netlist Resource(s)
  -------------------------------------------------------------------    -------------------
                         (clock clk_out1_clk_wiz_0_1 rise edge)
                                                      0.000     0.000 r  
    W5                                                0.000     0.000 r  clk_100mhz (IN)
                         net (fo=0)                   0.000     0.000    clk_gen/inst/clk_in1
    W5                   IBUF (Prop_ibuf_I_O)         1.458     1.458 r  clk_gen/inst/clkin1_ibufg/O
                         net (fo=1, routed)           1.233     2.691    clk_gen/inst/clk_in1_clk_wiz_0
    MMCME2_ADV_X1Y0      MMCME2_ADV (Prop_mmcme2_adv_CLKIN1_CLKOUT0)
                                                     -6.961    -4.269 r  clk_gen/inst/mmcm_adv_inst/CLKOUT0
                         net (fo=1, routed)           1.661    -2.608    clk_gen/inst/clk_out1_clk_wiz_0
    BUFGCTRL_X0Y1        BUFG (Prop_bufg_I_O)         0.096    -2.512 r  clk_gen/inst/clkout1_buf/O
                         net (fo=55, routed)          1.562    -0.950    u_vga/CLK
    SLICE_X39Y38         FDCE                                         r  u_vga/v_count_reg[1]/C
  -------------------------------------------------------------------    -------------------
    SLICE_X39Y38         FDCE (Prop_fdce_C_Q)         0.456    -0.494 r  u_vga/v_count_reg[1]/Q
                         net (fo=11, routed)          0.886     0.392    u_vga/v_count_reg_n_0_[1]
    SLICE_X36Y38         LUT2 (Prop_lut2_I1_O)        0.124     0.516 r  u_vga/ram_reg_0_2_i_12/O
                         net (fo=1, routed)           0.000     0.516    u_vga/ram_reg_0_2_i_12_n_0
    SLICE_X36Y38         CARRY4 (Prop_carry4_S[1]_CO[3])
                                                      0.550     1.066 r  u_vga/ram_reg_0_2_i_6/CO[3]
                         net (fo=1, routed)           0.000     1.066    u_vga/ram_reg_0_2_i_6_n_0
    SLICE_X36Y39         CARRY4 (Prop_carry4_CI_O[0])
                                                      0.222     1.288 r  u_vga/rd_addr_final__0_carry_i_8/O[0]
                         net (fo=1, routed)           0.582     1.870    u_vga/frame_rd_addr0[11]
    SLICE_X37Y39         CARRY4 (Prop_carry4_S[1]_CO[3])
                                                      0.849     2.719 r  u_vga/rd_addr_final__0_carry_i_2/CO[3]
                         net (fo=1, routed)           0.000     2.719    u_vga/rd_addr_final__0_carry_i_2_n_0
    SLICE_X37Y40         CARRY4 (Prop_carry4_CI_O[1])
                                                      0.334     3.053 r  u_vga/rd_addr_final__0_carry__0_i_1/O[1]
                         net (fo=3, routed)           1.005     4.057    u_ping_pong/frame_rd_addr__0[5]
    SLICE_X39Y40         LUT3 (Prop_lut3_I2_O)        0.303     4.360 r  u_ping_pong/rd_addr_final__0_carry__0_i_5/O
                         net (fo=1, routed)           0.000     4.360    u_ping_pong/rd_addr_final__0_carry__0_i_5_n_0
    SLICE_X39Y40         CARRY4 (Prop_carry4_S[1]_O[2])
                                                      0.580     4.940 f  u_ping_pong/rd_addr_final__0_carry__0/O[2]
                         net (fo=4, routed)           0.829     5.770    u_ping_pong/rd_addr_final[16]
    SLICE_X41Y40         LUT2 (Prop_lut2_I1_O)        0.302     6.072 r  u_ping_pong/ram_reg_0_2_i_2/O
                         net (fo=12, routed)          3.265     9.337    u_ping_pong/ram_reg_0_2_i_2_n_0
    RAMB36_X2Y9          RAMB36E1                                     r  u_ping_pong/ram_reg_0_6/ENBWREN
  -------------------------------------------------------------------    -------------------

                         (clock clk_out1_clk_wiz_0 rise edge)
                                                     39.722    39.722 r  
    W5                                                0.000    39.722 r  clk_100mhz (IN)
                         net (fo=0)                   0.000    39.722    clk_gen/inst/clk_in1
    W5                   IBUF (Prop_ibuf_I_O)         1.388    41.110 r  clk_gen/inst/clkin1_ibufg/O
                         net (fo=1, routed)           1.162    42.272    clk_gen/inst/clk_in1_clk_wiz_0
    MMCME2_ADV_X1Y0      MMCME2_ADV (Prop_mmcme2_adv_CLKIN1_CLKOUT0)
                                                     -7.217    35.055 r  clk_gen/inst/mmcm_adv_inst/CLKOUT0
                         net (fo=1, routed)           1.581    36.636    clk_gen/inst/clk_out1_clk_wiz_0
    BUFGCTRL_X0Y1        BUFG (Prop_bufg_I_O)         0.091    36.727 r  clk_gen/inst/clkout1_buf/O
                         net (fo=55, routed)          1.496    38.223    u_ping_pong/clk_out1
    RAMB36_X2Y9          RAMB36E1                                     r  u_ping_pong/ram_reg_0_6/CLKBWRCLK
                         clock pessimism              0.564    38.786    
                         clock uncertainty           -0.098    38.688    
    RAMB36_X2Y9          RAMB36E1 (Setup_ramb36e1_CLKBWRCLK_ENBWREN)
                                                     -0.443    38.245    u_ping_pong/ram_reg_0_6
  -------------------------------------------------------------------
                         required time                         38.245    
                         arrival time                          -9.337    
  -------------------------------------------------------------------
                         slack                                 28.908    

Slack (MET) :             29.359ns  (required time - arrival time)
  Source:                 u_vga/v_count_reg[1]/C
                            (rising edge-triggered cell FDCE clocked by clk_out1_clk_wiz_0_1  {rise@0.000ns fall@19.861ns period=39.722ns})
  Destination:            u_ping_pong/ram_reg_2_7__0/ADDRBWRADDR[13]
                            (rising edge-triggered cell RAMB36E1 clocked by clk_out1_clk_wiz_0  {rise@0.000ns fall@19.861ns period=39.722ns})
  Path Group:             clk_out1_clk_wiz_0
  Path Type:              Setup (Max at Slow Process Corner)
  Requirement:            39.722ns  (clk_out1_clk_wiz_0 rise@39.722ns - clk_out1_clk_wiz_0_1 rise@0.000ns)
  Data Path Delay:        9.428ns  (logic 3.140ns (33.304%)  route 6.288ns (66.696%))
  Logic Levels:           6  (CARRY4=4 LUT2=1 LUT3=1)
  Clock Path Skew:        -0.089ns (DCD - SCD + CPR)
    Destination Clock Delay (DCD):    -1.522ns = ( 38.200 - 39.722 ) 
    Source Clock Delay      (SCD):    -0.950ns
    Clock Pessimism Removal (CPR):    0.484ns
  Clock Uncertainty:      0.098ns  ((TSJ^2 + DJ^2)^1/2) / 2 + PE
    Total System Jitter     (TSJ):    0.071ns
    Discrete Jitter          (DJ):    0.183ns
    Phase Error              (PE):    0.000ns
  Clock Domain Crossing:  Inter clock paths are considered valid unless explicitly excluded by timing constraints such as set_clock_groups or set_false_path.

    Location             Delay type                Incr(ns)  Path(ns)    Netlist Resource(s)
  -------------------------------------------------------------------    -------------------
                         (clock clk_out1_clk_wiz_0_1 rise edge)
                                                      0.000     0.000 r  
    W5                                                0.000     0.000 r  clk_100mhz (IN)
                         net (fo=0)                   0.000     0.000    clk_gen/inst/clk_in1
    W5                   IBUF (Prop_ibuf_I_O)         1.458     1.458 r  clk_gen/inst/clkin1_ibufg/O
                         net (fo=1, routed)           1.233     2.691    clk_gen/inst/clk_in1_clk_wiz_0
    MMCME2_ADV_X1Y0      MMCME2_ADV (Prop_mmcme2_adv_CLKIN1_CLKOUT0)
                                                     -6.961    -4.269 r  clk_gen/inst/mmcm_adv_inst/CLKOUT0
                         net (fo=1, routed)           1.661    -2.608    clk_gen/inst/clk_out1_clk_wiz_0
    BUFGCTRL_X0Y1        BUFG (Prop_bufg_I_O)         0.096    -2.512 r  clk_gen/inst/clkout1_buf/O
                         net (fo=55, routed)          1.562    -0.950    u_vga/CLK
    SLICE_X39Y38         FDCE                                         r  u_vga/v_count_reg[1]/C
  -------------------------------------------------------------------    -------------------
    SLICE_X39Y38         FDCE (Prop_fdce_C_Q)         0.456    -0.494 r  u_vga/v_count_reg[1]/Q
                         net (fo=11, routed)          0.886     0.392    u_vga/v_count_reg_n_0_[1]
    SLICE_X36Y38         LUT2 (Prop_lut2_I1_O)        0.124     0.516 r  u_vga/ram_reg_0_2_i_12/O
                         net (fo=1, routed)           0.000     0.516    u_vga/ram_reg_0_2_i_12_n_0
    SLICE_X36Y38         CARRY4 (Prop_carry4_S[1]_O[2])
                                                      0.580     1.096 r  u_vga/ram_reg_0_2_i_6/O[2]
                         net (fo=1, routed)           0.600     1.696    u_vga/frame_rd_addr0[9]
    SLICE_X37Y38         CARRY4 (Prop_carry4_S[3]_CO[3])
                                                      0.703     2.399 r  u_vga/ram_reg_0_2_i_3/CO[3]
                         net (fo=1, routed)           0.000     2.399    u_vga/ram_reg_0_2_i_3_n_0
    SLICE_X37Y39         CARRY4 (Prop_carry4_CI_O[1])
                                                      0.334     2.733 r  u_vga/rd_addr_final__0_carry_i_2/O[1]
                         net (fo=3, routed)           1.005     3.737    u_ping_pong/frame_rd_addr__0[1]
    SLICE_X39Y39         LUT3 (Prop_lut3_I2_O)        0.303     4.040 r  u_ping_pong/rd_addr_final__0_carry_i_6/O
                         net (fo=1, routed)           0.000     4.040    u_ping_pong/rd_addr_final__0_carry_i_6_n_0
    SLICE_X39Y39         CARRY4 (Prop_carry4_S[1]_O[3])
                                                      0.640     4.680 r  u_ping_pong/rd_addr_final__0_carry/O[3]
                         net (fo=30, routed)          3.798     8.479    u_ping_pong/rd_addr_final[13]
    RAMB36_X2Y14         RAMB36E1                                     r  u_ping_pong/ram_reg_2_7__0/ADDRBWRADDR[13]
  -------------------------------------------------------------------    -------------------

                         (clock clk_out1_clk_wiz_0 rise edge)
                                                     39.722    39.722 r  
    W5                                                0.000    39.722 r  clk_100mhz (IN)
                         net (fo=0)                   0.000    39.722    clk_gen/inst/clk_in1
    W5                   IBUF (Prop_ibuf_I_O)         1.388    41.110 r  clk_gen/inst/clkin1_ibufg/O
                         net (fo=1, routed)           1.162    42.272    clk_gen/inst/clk_in1_clk_wiz_0
    MMCME2_ADV_X1Y0      MMCME2_ADV (Prop_mmcme2_adv_CLKIN1_CLKOUT0)
                                                     -7.217    35.055 r  clk_gen/inst/mmcm_adv_inst/CLKOUT0
                         net (fo=1, routed)           1.581    36.636    clk_gen/inst/clk_out1_clk_wiz_0
    BUFGCTRL_X0Y1        BUFG (Prop_bufg_I_O)         0.091    36.727 r  clk_gen/inst/clkout1_buf/O
                         net (fo=55, routed)          1.473    38.200    u_ping_pong/clk_out1
    RAMB36_X2Y14         RAMB36E1                                     r  u_ping_pong/ram_reg_2_7__0/CLKBWRCLK
                         clock pessimism              0.484    38.683    
                         clock uncertainty           -0.098    38.585    
    RAMB36_X2Y14         RAMB36E1 (Setup_ramb36e1_CLKBWRCLK_ADDRBWRADDR[13])
                                                     -0.748    37.837    u_ping_pong/ram_reg_2_7__0
  -------------------------------------------------------------------
                         required time                         37.837    
                         arrival time                          -8.479    
  -------------------------------------------------------------------
                         slack                                 29.359    





Min Delay Paths
--------------------------------------------------------------------------------------
Slack (MET) :             0.082ns  (arrival time - required time)
  Source:                 u_vga/h_count_reg[0]/C
                            (rising edge-triggered cell FDCE clocked by clk_out1_clk_wiz_0_1  {rise@0.000ns fall@19.861ns period=39.722ns})
  Destination:            u_vga/h_count_reg[3]/D
                            (rising edge-triggered cell FDCE clocked by clk_out1_clk_wiz_0  {rise@0.000ns fall@19.861ns period=39.722ns})
  Path Group:             clk_out1_clk_wiz_0
  Path Type:              Hold (Min at Fast Process Corner)
  Requirement:            0.000ns  (clk_out1_clk_wiz_0 rise@0.000ns - clk_out1_clk_wiz_0_1 rise@0.000ns)
  Data Path Delay:        0.300ns  (logic 0.190ns (63.351%)  route 0.110ns (36.650%))
  Logic Levels:           1  (LUT5=1)
  Clock Path Skew:        0.013ns (DCD - SCD - CPR)
    Destination Clock Delay (DCD):    -0.863ns
    Source Clock Delay      (SCD):    -0.622ns
    Clock Pessimism Removal (CPR):    -0.253ns
  Clock Uncertainty:      0.098ns  ((TSJ^2 + DJ^2)^1/2) / 2 + PE
    Total System Jitter     (TSJ):    0.071ns
    Discrete Jitter          (DJ):    0.183ns
    Phase Error              (PE):    0.000ns
  Clock Domain Crossing:  Inter clock paths are considered valid unless explicitly excluded by timing constraints such as set_clock_groups or set_false_path.

    Location             Delay type                Incr(ns)  Path(ns)    Netlist Resource(s)
  -------------------------------------------------------------------    -------------------
                         (clock clk_out1_clk_wiz_0_1 rise edge)
                                                      0.000     0.000 r  
    W5                                                0.000     0.000 r  clk_100mhz (IN)
                         net (fo=0)                   0.000     0.000    clk_gen/inst/clk_in1
    W5                   IBUF (Prop_ibuf_I_O)         0.226     0.226 r  clk_gen/inst/clkin1_ibufg/O
                         net (fo=1, routed)           0.440     0.667    clk_gen/inst/clk_in1_clk_wiz_0
    MMCME2_ADV_X1Y0      MMCME2_ADV (Prop_mmcme2_adv_CLKIN1_CLKOUT0)
                                                     -2.360    -1.693 r  clk_gen/inst/mmcm_adv_inst/CLKOUT0
                         net (fo=1, routed)           0.486    -1.207    clk_gen/inst/clk_out1_clk_wiz_0
    BUFGCTRL_X0Y1        BUFG (Prop_bufg_I_O)         0.026    -1.181 r  clk_gen/inst/clkout1_buf/O
                         net (fo=55, routed)          0.559    -0.622    u_vga/CLK
    SLICE_X36Y36         FDCE                                         r  u_vga/h_count_reg[0]/C
  -------------------------------------------------------------------    -------------------
    SLICE_X36Y36         FDCE (Prop_fdce_C_Q)         0.141    -0.481 r  u_vga/h_count_reg[0]/Q
                         net (fo=6, routed)           0.110    -0.371    u_vga/h_count_reg_n_0_[0]
    SLICE_X37Y36         LUT5 (Prop_lut5_I3_O)        0.049    -0.322 r  u_vga/h_count[3]_i_1/O
                         net (fo=1, routed)           0.000    -0.322    u_vga/h_count[3]
    SLICE_X37Y36         FDCE                                         r  u_vga/h_count_reg[3]/D
  -------------------------------------------------------------------    -------------------

                         (clock clk_out1_clk_wiz_0 rise edge)
                                                      0.000     0.000 r  
    W5                                                0.000     0.000 r  clk_100mhz (IN)
                         net (fo=0)                   0.000     0.000    clk_gen/inst/clk_in1
    W5                   IBUF (Prop_ibuf_I_O)         0.414     0.414 r  clk_gen/inst/clkin1_ibufg/O
                         net (fo=1, routed)           0.480     0.894    clk_gen/inst/clk_in1_clk_wiz_0
    MMCME2_ADV_X1Y0      MMCME2_ADV (Prop_mmcme2_adv_CLKIN1_CLKOUT0)
                                                     -3.142    -2.248 r  clk_gen/inst/mmcm_adv_inst/CLKOUT0
                         net (fo=1, routed)           0.530    -1.718    clk_gen/inst/clk_out1_clk_wiz_0
    BUFGCTRL_X0Y1        BUFG (Prop_bufg_I_O)         0.029    -1.689 r  clk_gen/inst/clkout1_buf/O
                         net (fo=55, routed)          0.827    -0.863    u_vga/CLK
    SLICE_X37Y36         FDCE                                         r  u_vga/h_count_reg[3]/C
                         clock pessimism              0.253    -0.609    
                         clock uncertainty            0.098    -0.511    
    SLICE_X37Y36         FDCE (Hold_fdce_C_D)         0.107    -0.404    u_vga/h_count_reg[3]
  -------------------------------------------------------------------
                         required time                          0.404    
                         arrival time                          -0.322    
  -------------------------------------------------------------------
                         slack                                  0.082    

Slack (MET) :             0.093ns  (arrival time - required time)
  Source:                 u_vga/h_count_reg[0]/C
                            (rising edge-triggered cell FDCE clocked by clk_out1_clk_wiz_0_1  {rise@0.000ns fall@19.861ns period=39.722ns})
  Destination:            u_vga/h_count_reg[2]/D
                            (rising edge-triggered cell FDCE clocked by clk_out1_clk_wiz_0  {rise@0.000ns fall@19.861ns period=39.722ns})
  Path Group:             clk_out1_clk_wiz_0
  Path Type:              Hold (Min at Fast Process Corner)
  Requirement:            0.000ns  (clk_out1_clk_wiz_0 rise@0.000ns - clk_out1_clk_wiz_0_1 rise@0.000ns)
  Data Path Delay:        0.296ns  (logic 0.186ns (62.855%)  route 0.110ns (37.145%))
  Logic Levels:           1  (LUT4=1)
  Clock Path Skew:        0.013ns (DCD - SCD - CPR)
    Destination Clock Delay (DCD):    -0.863ns
    Source Clock Delay      (SCD):    -0.622ns
    Clock Pessimism Removal (CPR):    -0.253ns
  Clock Uncertainty:      0.098ns  ((TSJ^2 + DJ^2)^1/2) / 2 + PE
    Total System Jitter     (TSJ):    0.071ns
    Discrete Jitter          (DJ):    0.183ns
    Phase Error              (PE):    0.000ns
  Clock Domain Crossing:  Inter clock paths are considered valid unless explicitly excluded by timing constraints such as set_clock_groups or set_false_path.

    Location             Delay type                Incr(ns)  Path(ns)    Netlist Resource(s)
  -------------------------------------------------------------------    -------------------
                         (clock clk_out1_clk_wiz_0_1 rise edge)
                                                      0.000     0.000 r  
    W5                                                0.000     0.000 r  clk_100mhz (IN)
                         net (fo=0)                   0.000     0.000    clk_gen/inst/clk_in1
    W5                   IBUF (Prop_ibuf_I_O)         0.226     0.226 r  clk_gen/inst/clkin1_ibufg/O
                         net (fo=1, routed)           0.440     0.667    clk_gen/inst/clk_in1_clk_wiz_0
    MMCME2_ADV_X1Y0      MMCME2_ADV (Prop_mmcme2_adv_CLKIN1_CLKOUT0)
                                                     -2.360    -1.693 r  clk_gen/inst/mmcm_adv_inst/CLKOUT0
                         net (fo=1, routed)           0.486    -1.207    clk_gen/inst/clk_out1_clk_wiz_0
    BUFGCTRL_X0Y1        BUFG (Prop_bufg_I_O)         0.026    -1.181 r  clk_gen/inst/clkout1_buf/O
                         net (fo=55, routed)          0.559    -0.622    u_vga/CLK
    SLICE_X36Y36         FDCE                                         r  u_vga/h_count_reg[0]/C
  -------------------------------------------------------------------    -------------------
    SLICE_X36Y36         FDCE (Prop_fdce_C_Q)         0.141    -0.481 r  u_vga/h_count_reg[0]/Q
                         net (fo=6, routed)           0.110    -0.371    u_vga/h_count_reg_n_0_[0]
    SLICE_X37Y36         LUT4 (Prop_lut4_I2_O)        0.045    -0.326 r  u_vga/h_count[2]_i_1/O
                         net (fo=1, routed)           0.000    -0.326    u_vga/h_count[2]
    SLICE_X37Y36         FDCE                                         r  u_vga/h_count_reg[2]/D
  -------------------------------------------------------------------    -------------------

                         (clock clk_out1_clk_wiz_0 rise edge)
                                                      0.000     0.000 r  
    W5                                                0.000     0.000 r  clk_100mhz (IN)
                         net (fo=0)                   0.000     0.000    clk_gen/inst/clk_in1
    W5                   IBUF (Prop_ibuf_I_O)         0.414     0.414 r  clk_gen/inst/clkin1_ibufg/O
                         net (fo=1, routed)           0.480     0.894    clk_gen/inst/clk_in1_clk_wiz_0
    MMCME2_ADV_X1Y0      MMCME2_ADV (Prop_mmcme2_adv_CLKIN1_CLKOUT0)
                                                     -3.142    -2.248 r  clk_gen/inst/mmcm_adv_inst/CLKOUT0
                         net (fo=1, routed)           0.530    -1.718    clk_gen/inst/clk_out1_clk_wiz_0
    BUFGCTRL_X0Y1        BUFG (Prop_bufg_I_O)         0.029    -1.689 r  clk_gen/inst/clkout1_buf/O
                         net (fo=55, routed)          0.827    -0.863    u_vga/CLK
    SLICE_X37Y36         FDCE                                         r  u_vga/h_count_reg[2]/C
                         clock pessimism              0.253    -0.609    
                         clock uncertainty            0.098    -0.511    
    SLICE_X37Y36         FDCE (Hold_fdce_C_D)         0.092    -0.419    u_vga/h_count_reg[2]
  -------------------------------------------------------------------
                         required time                          0.419    
                         arrival time                          -0.326    
  -------------------------------------------------------------------
                         slack                                  0.093    

Slack (MET) :             0.144ns  (arrival time - required time)
  Source:                 u_vga/v_count_reg[7]/C
                            (rising edge-triggered cell FDCE clocked by clk_out1_clk_wiz_0_1  {rise@0.000ns fall@19.861ns period=39.722ns})
  Destination:            u_vga/v_count_reg[0]/D
                            (rising edge-triggered cell FDCE clocked by clk_out1_clk_wiz_0  {rise@0.000ns fall@19.861ns period=39.722ns})
  Path Group:             clk_out1_clk_wiz_0
  Path Type:              Hold (Min at Fast Process Corner)
  Requirement:            0.000ns  (clk_out1_clk_wiz_0 rise@0.000ns - clk_out1_clk_wiz_0_1 rise@0.000ns)
  Data Path Delay:        0.363ns  (logic 0.247ns (68.021%)  route 0.116ns (31.979%))
  Logic Levels:           1  (LUT6=1)
  Clock Path Skew:        0.000ns (DCD - SCD - CPR)
    Destination Clock Delay (DCD):    -0.860ns
    Source Clock Delay      (SCD):    -0.620ns
    Clock Pessimism Removal (CPR):    -0.239ns
  Clock Uncertainty:      0.098ns  ((TSJ^2 + DJ^2)^1/2) / 2 + PE
    Total System Jitter     (TSJ):    0.071ns
    Discrete Jitter          (DJ):    0.183ns
    Phase Error              (PE):    0.000ns
  Clock Domain Crossing:  Inter clock paths are considered valid unless explicitly excluded by timing constraints such as set_clock_groups or set_false_path.

    Location             Delay type                Incr(ns)  Path(ns)    Netlist Resource(s)
  -------------------------------------------------------------------    -------------------
                         (clock clk_out1_clk_wiz_0_1 rise edge)
                                                      0.000     0.000 r  
    W5                                                0.000     0.000 r  clk_100mhz (IN)
                         net (fo=0)                   0.000     0.000    clk_gen/inst/clk_in1
    W5                   IBUF (Prop_ibuf_I_O)         0.226     0.226 r  clk_gen/inst/clkin1_ibufg/O
                         net (fo=1, routed)           0.440     0.667    clk_gen/inst/clk_in1_clk_wiz_0
    MMCME2_ADV_X1Y0      MMCME2_ADV (Prop_mmcme2_adv_CLKIN1_CLKOUT0)
                                                     -2.360    -1.693 r  clk_gen/inst/mmcm_adv_inst/CLKOUT0
                         net (fo=1, routed)           0.486    -1.207    clk_gen/inst/clk_out1_clk_wiz_0
    BUFGCTRL_X0Y1        BUFG (Prop_bufg_I_O)         0.026    -1.181 r  clk_gen/inst/clkout1_buf/O
                         net (fo=55, routed)          0.561    -0.620    u_vga/CLK
    SLICE_X38Y39         FDCE                                         r  u_vga/v_count_reg[7]/C
  -------------------------------------------------------------------    -------------------
    SLICE_X38Y39         FDCE (Prop_fdce_C_Q)         0.148    -0.472 r  u_vga/v_count_reg[7]/Q
                         net (fo=8, routed)           0.116    -0.356    u_vga/v_count_reg_n_0_[7]
    SLICE_X38Y39         LUT6 (Prop_lut6_I0_O)        0.099    -0.257 r  u_vga/v_count[0]_i_1/O
                         net (fo=1, routed)           0.000    -0.257    u_vga/v_count[0]_i_1_n_0
    SLICE_X38Y39         FDCE                                         r  u_vga/v_count_reg[0]/D
  -------------------------------------------------------------------    -------------------

                         (clock clk_out1_clk_wiz_0 rise edge)
                                                      0.000     0.000 r  
    W5                                                0.000     0.000 r  clk_100mhz (IN)
                         net (fo=0)                   0.000     0.000    clk_gen/inst/clk_in1
    W5                   IBUF (Prop_ibuf_I_O)         0.414     0.414 r  clk_gen/inst/clkin1_ibufg/O
                         net (fo=1, routed)           0.480     0.894    clk_gen/inst/clk_in1_clk_wiz_0
    MMCME2_ADV_X1Y0      MMCME2_ADV (Prop_mmcme2_adv_CLKIN1_CLKOUT0)
                                                     -3.142    -2.248 r  clk_gen/inst/mmcm_adv_inst/CLKOUT0
                         net (fo=1, routed)           0.530    -1.718    clk_gen/inst/clk_out1_clk_wiz_0
    BUFGCTRL_X0Y1        BUFG (Prop_bufg_I_O)         0.029    -1.689 r  clk_gen/inst/clkout1_buf/O
                         net (fo=55, routed)          0.830    -0.860    u_vga/CLK
    SLICE_X38Y39         FDCE                                         r  u_vga/v_count_reg[0]/C
                         clock pessimism              0.239    -0.620    
                         clock uncertainty            0.098    -0.522    
    SLICE_X38Y39         FDCE (Hold_fdce_C_D)         0.121    -0.401    u_vga/v_count_reg[0]
  -------------------------------------------------------------------
                         required time                          0.401    
                         arrival time                          -0.257    
  -------------------------------------------------------------------
                         slack                                  0.144    

Slack (MET) :             0.149ns  (arrival time - required time)
  Source:                 u_vga/v_count_reg[3]/C
                            (rising edge-triggered cell FDCE clocked by clk_out1_clk_wiz_0_1  {rise@0.000ns fall@19.861ns period=39.722ns})
  Destination:            u_vga/v_count_reg[4]/D
                            (rising edge-triggered cell FDCE clocked by clk_out1_clk_wiz_0  {rise@0.000ns fall@19.861ns period=39.722ns})
  Path Group:             clk_out1_clk_wiz_0
  Path Type:              Hold (Min at Fast Process Corner)
  Requirement:            0.000ns  (clk_out1_clk_wiz_0 rise@0.000ns - clk_out1_clk_wiz_0_1 rise@0.000ns)
  Data Path Delay:        0.339ns  (logic 0.227ns (66.991%)  route 0.112ns (33.009%))
  Logic Levels:           1  (LUT6=1)
  Clock Path Skew:        0.000ns (DCD - SCD - CPR)
    Destination Clock Delay (DCD):    -0.860ns
    Source Clock Delay      (SCD):    -0.620ns
    Clock Pessimism Removal (CPR):    -0.239ns
  Clock Uncertainty:      0.098ns  ((TSJ^2 + DJ^2)^1/2) / 2 + PE
    Total System Jitter     (TSJ):    0.071ns
    Discrete Jitter          (DJ):    0.183ns
    Phase Error              (PE):    0.000ns
  Clock Domain Crossing:  Inter clock paths are considered valid unless explicitly excluded by timing constraints such as set_clock_groups or set_false_path.

    Location             Delay type                Incr(ns)  Path(ns)    Netlist Resource(s)
  -------------------------------------------------------------------    -------------------
                         (clock clk_out1_clk_wiz_0_1 rise edge)
                                                      0.000     0.000 r  
    W5                                                0.000     0.000 r  clk_100mhz (IN)
                         net (fo=0)                   0.000     0.000    clk_gen/inst/clk_in1
    W5                   IBUF (Prop_ibuf_I_O)         0.226     0.226 r  clk_gen/inst/clkin1_ibufg/O
                         net (fo=1, routed)           0.440     0.667    clk_gen/inst/clk_in1_clk_wiz_0
    MMCME2_ADV_X1Y0      MMCME2_ADV (Prop_mmcme2_adv_CLKIN1_CLKOUT0)
                                                     -2.360    -1.693 r  clk_gen/inst/mmcm_adv_inst/CLKOUT0
                         net (fo=1, routed)           0.486    -1.207    clk_gen/inst/clk_out1_clk_wiz_0
    BUFGCTRL_X0Y1        BUFG (Prop_bufg_I_O)         0.026    -1.181 r  clk_gen/inst/clkout1_buf/O
                         net (fo=55, routed)          0.561    -0.620    u_vga/CLK
    SLICE_X39Y38         FDCE                                         r  u_vga/v_count_reg[3]/C
  -------------------------------------------------------------------    -------------------
    SLICE_X39Y38         FDCE (Prop_fdce_C_Q)         0.128    -0.492 r  u_vga/v_count_reg[3]/Q
                         net (fo=8, routed)           0.112    -0.381    u_vga/v_count_reg_n_0_[3]
    SLICE_X39Y38         LUT6 (Prop_lut6_I4_O)        0.099    -0.282 r  u_vga/v_count[4]_i_1/O
                         net (fo=1, routed)           0.000    -0.282    u_vga/v_count[4]_i_1_n_0
    SLICE_X39Y38         FDCE                                         r  u_vga/v_count_reg[4]/D
  -------------------------------------------------------------------    -------------------

                         (clock clk_out1_clk_wiz_0 rise edge)
                                                      0.000     0.000 r  
    W5                                                0.000     0.000 r  clk_100mhz (IN)
                         net (fo=0)                   0.000     0.000    clk_gen/inst/clk_in1
    W5                   IBUF (Prop_ibuf_I_O)         0.414     0.414 r  clk_gen/inst/clkin1_ibufg/O
                         net (fo=1, routed)           0.480     0.894    clk_gen/inst/clk_in1_clk_wiz_0
    MMCME2_ADV_X1Y0      MMCME2_ADV (Prop_mmcme2_adv_CLKIN1_CLKOUT0)
                                                     -3.142    -2.248 r  clk_gen/inst/mmcm_adv_inst/CLKOUT0
                         net (fo=1, routed)           0.530    -1.718    clk_gen/inst/clk_out1_clk_wiz_0
    BUFGCTRL_X0Y1        BUFG (Prop_bufg_I_O)         0.029    -1.689 r  clk_gen/inst/clkout1_buf/O
                         net (fo=55, routed)          0.830    -0.860    u_vga/CLK
    SLICE_X39Y38         FDCE                                         r  u_vga/v_count_reg[4]/C
                         clock pessimism              0.239    -0.620    
                         clock uncertainty            0.098    -0.522    
    SLICE_X39Y38         FDCE (Hold_fdce_C_D)         0.092    -0.430    u_vga/v_count_reg[4]
  -------------------------------------------------------------------
                         required time                          0.430    
                         arrival time                          -0.282    
  -------------------------------------------------------------------
                         slack                                  0.149    

Slack (MET) :             0.154ns  (arrival time - required time)
  Source:                 u_vga/h_count_reg[0]/C
                            (rising edge-triggered cell FDCE clocked by clk_out1_clk_wiz_0_1  {rise@0.000ns fall@19.861ns period=39.722ns})
  Destination:            u_vga/h_count_reg[1]/D
                            (rising edge-triggered cell FDCE clocked by clk_out1_clk_wiz_0  {rise@0.000ns fall@19.861ns period=39.722ns})
  Path Group:             clk_out1_clk_wiz_0
  Path Type:              Hold (Min at Fast Process Corner)
  Requirement:            0.000ns  (clk_out1_clk_wiz_0 rise@0.000ns - clk_out1_clk_wiz_0_1 rise@0.000ns)
  Data Path Delay:        0.357ns  (logic 0.186ns (52.102%)  route 0.171ns (47.898%))
  Logic Levels:           1  (LUT3=1)
  Clock Path Skew:        0.013ns (DCD - SCD - CPR)
    Destination Clock Delay (DCD):    -0.863ns
    Source Clock Delay      (SCD):    -0.622ns
    Clock Pessimism Removal (CPR):    -0.253ns
  Clock Uncertainty:      0.098ns  ((TSJ^2 + DJ^2)^1/2) / 2 + PE
    Total System Jitter     (TSJ):    0.071ns
    Discrete Jitter          (DJ):    0.183ns
    Phase Error              (PE):    0.000ns
  Clock Domain Crossing:  Inter clock paths are considered valid unless explicitly excluded by timing constraints such as set_clock_groups or set_false_path.

    Location             Delay type                Incr(ns)  Path(ns)    Netlist Resource(s)
  -------------------------------------------------------------------    -------------------
                         (clock clk_out1_clk_wiz_0_1 rise edge)
                                                      0.000     0.000 r  
    W5                                                0.000     0.000 r  clk_100mhz (IN)
                         net (fo=0)                   0.000     0.000    clk_gen/inst/clk_in1
    W5                   IBUF (Prop_ibuf_I_O)         0.226     0.226 r  clk_gen/inst/clkin1_ibufg/O
                         net (fo=1, routed)           0.440     0.667    clk_gen/inst/clk_in1_clk_wiz_0
    MMCME2_ADV_X1Y0      MMCME2_ADV (Prop_mmcme2_adv_CLKIN1_CLKOUT0)
                                                     -2.360    -1.693 r  clk_gen/inst/mmcm_adv_inst/CLKOUT0
                         net (fo=1, routed)           0.486    -1.207    clk_gen/inst/clk_out1_clk_wiz_0
    BUFGCTRL_X0Y1        BUFG (Prop_bufg_I_O)         0.026    -1.181 r  clk_gen/inst/clkout1_buf/O
                         net (fo=55, routed)          0.559    -0.622    u_vga/CLK
    SLICE_X36Y36         FDCE                                         r  u_vga/h_count_reg[0]/C
  -------------------------------------------------------------------    -------------------
    SLICE_X36Y36         FDCE (Prop_fdce_C_Q)         0.141    -0.481 r  u_vga/h_count_reg[0]/Q
                         net (fo=6, routed)           0.171    -0.310    u_vga/h_count_reg_n_0_[0]
    SLICE_X37Y36         LUT3 (Prop_lut3_I2_O)        0.045    -0.265 r  u_vga/h_count[1]_i_1/O
                         net (fo=1, routed)           0.000    -0.265    u_vga/h_count[1]
    SLICE_X37Y36         FDCE                                         r  u_vga/h_count_reg[1]/D
  -------------------------------------------------------------------    -------------------

                         (clock clk_out1_clk_wiz_0 rise edge)
                                                      0.000     0.000 r  
    W5                                                0.000     0.000 r  clk_100mhz (IN)
                         net (fo=0)                   0.000     0.000    clk_gen/inst/clk_in1
    W5                   IBUF (Prop_ibuf_I_O)         0.414     0.414 r  clk_gen/inst/clkin1_ibufg/O
                         net (fo=1, routed)           0.480     0.894    clk_gen/inst/clk_in1_clk_wiz_0
    MMCME2_ADV_X1Y0      MMCME2_ADV (Prop_mmcme2_adv_CLKIN1_CLKOUT0)
                                                     -3.142    -2.248 r  clk_gen/inst/mmcm_adv_inst/CLKOUT0
                         net (fo=1, routed)           0.530    -1.718    clk_gen/inst/clk_out1_clk_wiz_0
    BUFGCTRL_X0Y1        BUFG (Prop_bufg_I_O)         0.029    -1.689 r  clk_gen/inst/clkout1_buf/O
                         net (fo=55, routed)          0.827    -0.863    u_vga/CLK
    SLICE_X37Y36         FDCE                                         r  u_vga/h_count_reg[1]/C
                         clock pessimism              0.253    -0.609    
                         clock uncertainty            0.098    -0.511    
    SLICE_X37Y36         FDCE (Hold_fdce_C_D)         0.092    -0.419    u_vga/h_count_reg[1]
  -------------------------------------------------------------------
                         required time                          0.419    
                         arrival time                          -0.265    
  -------------------------------------------------------------------
                         slack                                  0.154    

Slack (MET) :             0.164ns  (arrival time - required time)
  Source:                 u_vga/h_count_reg[2]/C
                            (rising edge-triggered cell FDCE clocked by clk_out1_clk_wiz_0_1  {rise@0.000ns fall@19.861ns period=39.722ns})
  Destination:            u_ping_pong/ram_reg_3_4/ADDRBWRADDR[1]
                            (rising edge-triggered cell RAMB36E1 clocked by clk_out1_clk_wiz_0  {rise@0.000ns fall@19.861ns period=39.722ns})
  Path Group:             clk_out1_clk_wiz_0
  Path Type:              Hold (Min at Fast Process Corner)
  Requirement:            0.000ns  (clk_out1_clk_wiz_0 rise@0.000ns - clk_out1_clk_wiz_0_1 rise@0.000ns)
  Data Path Delay:        0.525ns  (logic 0.141ns (26.838%)  route 0.384ns (73.162%))
  Logic Levels:           0  
  Clock Path Skew:        0.080ns (DCD - SCD - CPR)
    Destination Clock Delay (DCD):    -0.816ns
    Source Clock Delay      (SCD):    -0.622ns
    Clock Pessimism Removal (CPR):    -0.274ns
  Clock Uncertainty:      0.098ns  ((TSJ^2 + DJ^2)^1/2) / 2 + PE
    Total System Jitter     (TSJ):    0.071ns
    Discrete Jitter          (DJ):    0.183ns
    Phase Error              (PE):    0.000ns
  Clock Domain Crossing:  Inter clock paths are considered valid unless explicitly excluded by timing constraints such as set_clock_groups or set_false_path.

    Location             Delay type                Incr(ns)  Path(ns)    Netlist Resource(s)
  -------------------------------------------------------------------    -------------------
                         (clock clk_out1_clk_wiz_0_1 rise edge)
                                                      0.000     0.000 r  
    W5                                                0.000     0.000 r  clk_100mhz (IN)
                         net (fo=0)                   0.000     0.000    clk_gen/inst/clk_in1
    W5                   IBUF (Prop_ibuf_I_O)         0.226     0.226 r  clk_gen/inst/clkin1_ibufg/O
                         net (fo=1, routed)           0.440     0.667    clk_gen/inst/clk_in1_clk_wiz_0
    MMCME2_ADV_X1Y0      MMCME2_ADV (Prop_mmcme2_adv_CLKIN1_CLKOUT0)
                                                     -2.360    -1.693 r  clk_gen/inst/mmcm_adv_inst/CLKOUT0
                         net (fo=1, routed)           0.486    -1.207    clk_gen/inst/clk_out1_clk_wiz_0
    BUFGCTRL_X0Y1        BUFG (Prop_bufg_I_O)         0.026    -1.181 r  clk_gen/inst/clkout1_buf/O
                         net (fo=55, routed)          0.559    -0.622    u_vga/CLK
    SLICE_X37Y36         FDCE                                         r  u_vga/h_count_reg[2]/C
  -------------------------------------------------------------------    -------------------
    SLICE_X37Y36         FDCE (Prop_fdce_C_Q)         0.141    -0.481 r  u_vga/h_count_reg[2]/Q
                         net (fo=34, routed)          0.384    -0.097    u_ping_pong/ADDRBWRADDR[1]
    RAMB36_X1Y7          RAMB36E1                                     r  u_ping_pong/ram_reg_3_4/ADDRBWRADDR[1]
  -------------------------------------------------------------------    -------------------

                         (clock clk_out1_clk_wiz_0 rise edge)
                                                      0.000     0.000 r  
    W5                                                0.000     0.000 r  clk_100mhz (IN)
                         net (fo=0)                   0.000     0.000    clk_gen/inst/clk_in1
    W5                   IBUF (Prop_ibuf_I_O)         0.414     0.414 r  clk_gen/inst/clkin1_ibufg/O
                         net (fo=1, routed)           0.480     0.894    clk_gen/inst/clk_in1_clk_wiz_0
    MMCME2_ADV_X1Y0      MMCME2_ADV (Prop_mmcme2_adv_CLKIN1_CLKOUT0)
                                                     -3.142    -2.248 r  clk_gen/inst/mmcm_adv_inst/CLKOUT0
                         net (fo=1, routed)           0.530    -1.718    clk_gen/inst/clk_out1_clk_wiz_0
    BUFGCTRL_X0Y1        BUFG (Prop_bufg_I_O)         0.029    -1.689 r  clk_gen/inst/clkout1_buf/O
                         net (fo=55, routed)          0.873    -0.816    u_ping_pong/clk_out1
    RAMB36_X1Y7          RAMB36E1                                     r  u_ping_pong/ram_reg_3_4/CLKBWRCLK
                         clock pessimism              0.274    -0.542    
                         clock uncertainty            0.098    -0.444    
    RAMB36_X1Y7          RAMB36E1 (Hold_ramb36e1_CLKBWRCLK_ADDRBWRADDR[1])
                                                      0.183    -0.261    u_ping_pong/ram_reg_3_4
  -------------------------------------------------------------------
                         required time                          0.261    
                         arrival time                          -0.097    
  -------------------------------------------------------------------
                         slack                                  0.164    

Slack (MET) :             0.166ns  (arrival time - required time)
  Source:                 u_vga/h_count_reg[6]/C
                            (rising edge-triggered cell FDCE clocked by clk_out1_clk_wiz_0_1  {rise@0.000ns fall@19.861ns period=39.722ns})
  Destination:            u_vga/h_count_reg[5]/D
                            (rising edge-triggered cell FDCE clocked by clk_out1_clk_wiz_0  {rise@0.000ns fall@19.861ns period=39.722ns})
  Path Group:             clk_out1_clk_wiz_0
  Path Type:              Hold (Min at Fast Process Corner)
  Requirement:            0.000ns  (clk_out1_clk_wiz_0 rise@0.000ns - clk_out1_clk_wiz_0_1 rise@0.000ns)
  Data Path Delay:        0.384ns  (logic 0.209ns (54.467%)  route 0.175ns (45.533%))
  Logic Levels:           1  (LUT6=1)
  Clock Path Skew:        0.000ns (DCD - SCD - CPR)
    Destination Clock Delay (DCD):    -0.862ns
    Source Clock Delay      (SCD):    -0.621ns
    Clock Pessimism Removal (CPR):    -0.240ns
  Clock Uncertainty:      0.098ns  ((TSJ^2 + DJ^2)^1/2) / 2 + PE
    Total System Jitter     (TSJ):    0.071ns
    Discrete Jitter          (DJ):    0.183ns
    Phase Error              (PE):    0.000ns
  Clock Domain Crossing:  Inter clock paths are considered valid unless explicitly excluded by timing constraints such as set_clock_groups or set_false_path.

    Location             Delay type                Incr(ns)  Path(ns)    Netlist Resource(s)
  -------------------------------------------------------------------    -------------------
                         (clock clk_out1_clk_wiz_0_1 rise edge)
                                                      0.000     0.000 r  
    W5                                                0.000     0.000 r  clk_100mhz (IN)
                         net (fo=0)                   0.000     0.000    clk_gen/inst/clk_in1
    W5                   IBUF (Prop_ibuf_I_O)         0.226     0.226 r  clk_gen/inst/clkin1_ibufg/O
                         net (fo=1, routed)           0.440     0.667    clk_gen/inst/clk_in1_clk_wiz_0
    MMCME2_ADV_X1Y0      MMCME2_ADV (Prop_mmcme2_adv_CLKIN1_CLKOUT0)
                                                     -2.360    -1.693 r  clk_gen/inst/mmcm_adv_inst/CLKOUT0
                         net (fo=1, routed)           0.486    -1.207    clk_gen/inst/clk_out1_clk_wiz_0
    BUFGCTRL_X0Y1        BUFG (Prop_bufg_I_O)         0.026    -1.181 r  clk_gen/inst/clkout1_buf/O
                         net (fo=55, routed)          0.560    -0.621    u_vga/CLK
    SLICE_X38Y37         FDCE                                         r  u_vga/h_count_reg[6]/C
  -------------------------------------------------------------------    -------------------
    SLICE_X38Y37         FDCE (Prop_fdce_C_Q)         0.164    -0.457 r  u_vga/h_count_reg[6]/Q
                         net (fo=37, routed)          0.175    -0.283    u_vga/ADDRBWRADDR[5]
    SLICE_X38Y37         LUT6 (Prop_lut6_I3_O)        0.045    -0.238 r  u_vga/h_count[5]_i_1/O
                         net (fo=1, routed)           0.000    -0.238    u_vga/h_count[5]
    SLICE_X38Y37         FDCE                                         r  u_vga/h_count_reg[5]/D
  -------------------------------------------------------------------    -------------------

                         (clock clk_out1_clk_wiz_0 rise edge)
                                                      0.000     0.000 r  
    W5                                                0.000     0.000 r  clk_100mhz (IN)
                         net (fo=0)                   0.000     0.000    clk_gen/inst/clk_in1
    W5                   IBUF (Prop_ibuf_I_O)         0.414     0.414 r  clk_gen/inst/clkin1_ibufg/O
                         net (fo=1, routed)           0.480     0.894    clk_gen/inst/clk_in1_clk_wiz_0
    MMCME2_ADV_X1Y0      MMCME2_ADV (Prop_mmcme2_adv_CLKIN1_CLKOUT0)
                                                     -3.142    -2.248 r  clk_gen/inst/mmcm_adv_inst/CLKOUT0
                         net (fo=1, routed)           0.530    -1.718    clk_gen/inst/clk_out1_clk_wiz_0
    BUFGCTRL_X0Y1        BUFG (Prop_bufg_I_O)         0.029    -1.689 r  clk_gen/inst/clkout1_buf/O
                         net (fo=55, routed)          0.828    -0.862    u_vga/CLK
    SLICE_X38Y37         FDCE                                         r  u_vga/h_count_reg[5]/C
                         clock pessimism              0.240    -0.621    
                         clock uncertainty            0.098    -0.523    
    SLICE_X38Y37         FDCE (Hold_fdce_C_D)         0.120    -0.403    u_vga/h_count_reg[5]
  -------------------------------------------------------------------
                         required time                          0.403    
                         arrival time                          -0.238    
  -------------------------------------------------------------------
                         slack                                  0.166    

Slack (MET) :             0.170ns  (arrival time - required time)
  Source:                 u_vga/h_count_reg[1]/C
                            (rising edge-triggered cell FDCE clocked by clk_out1_clk_wiz_0_1  {rise@0.000ns fall@19.861ns period=39.722ns})
  Destination:            u_vga/h_count_reg[4]/D
                            (rising edge-triggered cell FDCE clocked by clk_out1_clk_wiz_0  {rise@0.000ns fall@19.861ns period=39.722ns})
  Path Group:             clk_out1_clk_wiz_0
  Path Type:              Hold (Min at Fast Process Corner)
  Requirement:            0.000ns  (clk_out1_clk_wiz_0 rise@0.000ns - clk_out1_clk_wiz_0_1 rise@0.000ns)
  Data Path Delay:        0.360ns  (logic 0.186ns (51.681%)  route 0.174ns (48.319%))
  Logic Levels:           1  (LUT6=1)
  Clock Path Skew:        0.000ns (DCD - SCD - CPR)
    Destination Clock Delay (DCD):    -0.863ns
    Source Clock Delay      (SCD):    -0.622ns
    Clock Pessimism Removal (CPR):    -0.240ns
  Clock Uncertainty:      0.098ns  ((TSJ^2 + DJ^2)^1/2) / 2 + PE
    Total System Jitter     (TSJ):    0.071ns
    Discrete Jitter          (DJ):    0.183ns
    Phase Error              (PE):    0.000ns
  Clock Domain Crossing:  Inter clock paths are considered valid unless explicitly excluded by timing constraints such as set_clock_groups or set_false_path.

    Location             Delay type                Incr(ns)  Path(ns)    Netlist Resource(s)
  -------------------------------------------------------------------    -------------------
                         (clock clk_out1_clk_wiz_0_1 rise edge)
                                                      0.000     0.000 r  
    W5                                                0.000     0.000 r  clk_100mhz (IN)
                         net (fo=0)                   0.000     0.000    clk_gen/inst/clk_in1
    W5                   IBUF (Prop_ibuf_I_O)         0.226     0.226 r  clk_gen/inst/clkin1_ibufg/O
                         net (fo=1, routed)           0.440     0.667    clk_gen/inst/clk_in1_clk_wiz_0
    MMCME2_ADV_X1Y0      MMCME2_ADV (Prop_mmcme2_adv_CLKIN1_CLKOUT0)
                                                     -2.360    -1.693 r  clk_gen/inst/mmcm_adv_inst/CLKOUT0
                         net (fo=1, routed)           0.486    -1.207    clk_gen/inst/clk_out1_clk_wiz_0
    BUFGCTRL_X0Y1        BUFG (Prop_bufg_I_O)         0.026    -1.181 r  clk_gen/inst/clkout1_buf/O
                         net (fo=55, routed)          0.559    -0.622    u_vga/CLK
    SLICE_X37Y36         FDCE                                         r  u_vga/h_count_reg[1]/C
  -------------------------------------------------------------------    -------------------
    SLICE_X37Y36         FDCE (Prop_fdce_C_Q)         0.141    -0.481 r  u_vga/h_count_reg[1]/Q
                         net (fo=35, routed)          0.174    -0.307    u_vga/ADDRBWRADDR[0]
    SLICE_X37Y36         LUT6 (Prop_lut6_I4_O)        0.045    -0.262 r  u_vga/h_count[4]_i_1/O
                         net (fo=1, routed)           0.000    -0.262    u_vga/h_count[4]
    SLICE_X37Y36         FDCE                                         r  u_vga/h_count_reg[4]/D
  -------------------------------------------------------------------    -------------------

                         (clock clk_out1_clk_wiz_0 rise edge)
                                                      0.000     0.000 r  
    W5                                                0.000     0.000 r  clk_100mhz (IN)
                         net (fo=0)                   0.000     0.000    clk_gen/inst/clk_in1
    W5                   IBUF (Prop_ibuf_I_O)         0.414     0.414 r  clk_gen/inst/clkin1_ibufg/O
                         net (fo=1, routed)           0.480     0.894    clk_gen/inst/clk_in1_clk_wiz_0
    MMCME2_ADV_X1Y0      MMCME2_ADV (Prop_mmcme2_adv_CLKIN1_CLKOUT0)
                                                     -3.142    -2.248 r  clk_gen/inst/mmcm_adv_inst/CLKOUT0
                         net (fo=1, routed)           0.530    -1.718    clk_gen/inst/clk_out1_clk_wiz_0
    BUFGCTRL_X0Y1        BUFG (Prop_bufg_I_O)         0.029    -1.689 r  clk_gen/inst/clkout1_buf/O
                         net (fo=55, routed)          0.827    -0.863    u_vga/CLK
    SLICE_X37Y36         FDCE                                         r  u_vga/h_count_reg[4]/C
                         clock pessimism              0.240    -0.622    
                         clock uncertainty            0.098    -0.524    
    SLICE_X37Y36         FDCE (Hold_fdce_C_D)         0.092    -0.432    u_vga/h_count_reg[4]
  -------------------------------------------------------------------
                         required time                          0.432    
                         arrival time                          -0.262    
  -------------------------------------------------------------------
                         slack                                  0.170    

Slack (MET) :             0.175ns  (arrival time - required time)
  Source:                 u_vga/h_count_reg[5]/C
                            (rising edge-triggered cell FDCE clocked by clk_out1_clk_wiz_0_1  {rise@0.000ns fall@19.861ns period=39.722ns})
  Destination:            u_vga/h_count_reg[9]/D
                            (rising edge-triggered cell FDCE clocked by clk_out1_clk_wiz_0  {rise@0.000ns fall@19.861ns period=39.722ns})
  Path Group:             clk_out1_clk_wiz_0
  Path Type:              Hold (Min at Fast Process Corner)
  Requirement:            0.000ns  (clk_out1_clk_wiz_0 rise@0.000ns - clk_out1_clk_wiz_0_1 rise@0.000ns)
  Data Path Delay:        0.394ns  (logic 0.209ns (53.008%)  route 0.185ns (46.992%))
  Logic Levels:           1  (LUT6=1)
  Clock Path Skew:        0.000ns (DCD - SCD - CPR)
    Destination Clock Delay (DCD):    -0.862ns
    Source Clock Delay      (SCD):    -0.621ns
    Clock Pessimism Removal (CPR):    -0.240ns
  Clock Uncertainty:      0.098ns  ((TSJ^2 + DJ^2)^1/2) / 2 + PE
    Total System Jitter     (TSJ):    0.071ns
    Discrete Jitter          (DJ):    0.183ns
    Phase Error              (PE):    0.000ns
  Clock Domain Crossing:  Inter clock paths are considered valid unless explicitly excluded by timing constraints such as set_clock_groups or set_false_path.

    Location             Delay type                Incr(ns)  Path(ns)    Netlist Resource(s)
  -------------------------------------------------------------------    -------------------
                         (clock clk_out1_clk_wiz_0_1 rise edge)
                                                      0.000     0.000 r  
    W5                                                0.000     0.000 r  clk_100mhz (IN)
                         net (fo=0)                   0.000     0.000    clk_gen/inst/clk_in1
    W5                   IBUF (Prop_ibuf_I_O)         0.226     0.226 r  clk_gen/inst/clkin1_ibufg/O
                         net (fo=1, routed)           0.440     0.667    clk_gen/inst/clk_in1_clk_wiz_0
    MMCME2_ADV_X1Y0      MMCME2_ADV (Prop_mmcme2_adv_CLKIN1_CLKOUT0)
                                                     -2.360    -1.693 r  clk_gen/inst/mmcm_adv_inst/CLKOUT0
                         net (fo=1, routed)           0.486    -1.207    clk_gen/inst/clk_out1_clk_wiz_0
    BUFGCTRL_X0Y1        BUFG (Prop_bufg_I_O)         0.026    -1.181 r  clk_gen/inst/clkout1_buf/O
                         net (fo=55, routed)          0.560    -0.621    u_vga/CLK
    SLICE_X38Y37         FDCE                                         r  u_vga/h_count_reg[5]/C
  -------------------------------------------------------------------    -------------------
    SLICE_X38Y37         FDCE (Prop_fdce_C_Q)         0.164    -0.457 r  u_vga/h_count_reg[5]/Q
                         net (fo=37, routed)          0.185    -0.272    u_vga/ADDRBWRADDR[4]
    SLICE_X38Y37         LUT6 (Prop_lut6_I2_O)        0.045    -0.227 r  u_vga/h_count[9]_i_1/O
                         net (fo=1, routed)           0.000    -0.227    u_vga/h_count[9]
    SLICE_X38Y37         FDCE                                         r  u_vga/h_count_reg[9]/D
  -------------------------------------------------------------------    -------------------

                         (clock clk_out1_clk_wiz_0 rise edge)
                                                      0.000     0.000 r  
    W5                                                0.000     0.000 r  clk_100mhz (IN)
                         net (fo=0)                   0.000     0.000    clk_gen/inst/clk_in1
    W5                   IBUF (Prop_ibuf_I_O)         0.414     0.414 r  clk_gen/inst/clkin1_ibufg/O
                         net (fo=1, routed)           0.480     0.894    clk_gen/inst/clk_in1_clk_wiz_0
    MMCME2_ADV_X1Y0      MMCME2_ADV (Prop_mmcme2_adv_CLKIN1_CLKOUT0)
                                                     -3.142    -2.248 r  clk_gen/inst/mmcm_adv_inst/CLKOUT0
                         net (fo=1, routed)           0.530    -1.718    clk_gen/inst/clk_out1_clk_wiz_0
    BUFGCTRL_X0Y1        BUFG (Prop_bufg_I_O)         0.029    -1.689 r  clk_gen/inst/clkout1_buf/O
                         net (fo=55, routed)          0.828    -0.862    u_vga/CLK
    SLICE_X38Y37         FDCE                                         r  u_vga/h_count_reg[9]/C
                         clock pessimism              0.240    -0.621    
                         clock uncertainty            0.098    -0.523    
    SLICE_X38Y37         FDCE (Hold_fdce_C_D)         0.121    -0.402    u_vga/h_count_reg[9]
  -------------------------------------------------------------------
                         required time                          0.402    
                         arrival time                          -0.227    
  -------------------------------------------------------------------
                         slack                                  0.175    

Slack (MET) :             0.177ns  (arrival time - required time)
  Source:                 u_vga/h_count_reg[5]/C
                            (rising edge-triggered cell FDCE clocked by clk_out1_clk_wiz_0_1  {rise@0.000ns fall@19.861ns period=39.722ns})
  Destination:            u_vga/h_count_reg[8]/D
                            (rising edge-triggered cell FDCE clocked by clk_out1_clk_wiz_0  {rise@0.000ns fall@19.861ns period=39.722ns})
  Path Group:             clk_out1_clk_wiz_0
  Path Type:              Hold (Min at Fast Process Corner)
  Requirement:            0.000ns  (clk_out1_clk_wiz_0 rise@0.000ns - clk_out1_clk_wiz_0_1 rise@0.000ns)
  Data Path Delay:        0.396ns  (logic 0.209ns (52.740%)  route 0.187ns (47.260%))
  Logic Levels:           1  (LUT6=1)
  Clock Path Skew:        0.000ns (DCD - SCD - CPR)
    Destination Clock Delay (DCD):    -0.862ns
    Source Clock Delay      (SCD):    -0.621ns
    Clock Pessimism Removal (CPR):    -0.240ns
  Clock Uncertainty:      0.098ns  ((TSJ^2 + DJ^2)^1/2) / 2 + PE
    Total System Jitter     (TSJ):    0.071ns
    Discrete Jitter          (DJ):    0.183ns
    Phase Error              (PE):    0.000ns
  Clock Domain Crossing:  Inter clock paths are considered valid unless explicitly excluded by timing constraints such as set_clock_groups or set_false_path.

    Location             Delay type                Incr(ns)  Path(ns)    Netlist Resource(s)
  -------------------------------------------------------------------    -------------------
                         (clock clk_out1_clk_wiz_0_1 rise edge)
                                                      0.000     0.000 r  
    W5                                                0.000     0.000 r  clk_100mhz (IN)
                         net (fo=0)                   0.000     0.000    clk_gen/inst/clk_in1
    W5                   IBUF (Prop_ibuf_I_O)         0.226     0.226 r  clk_gen/inst/clkin1_ibufg/O
                         net (fo=1, routed)           0.440     0.667    clk_gen/inst/clk_in1_clk_wiz_0
    MMCME2_ADV_X1Y0      MMCME2_ADV (Prop_mmcme2_adv_CLKIN1_CLKOUT0)
                                                     -2.360    -1.693 r  clk_gen/inst/mmcm_adv_inst/CLKOUT0
                         net (fo=1, routed)           0.486    -1.207    clk_gen/inst/clk_out1_clk_wiz_0
    BUFGCTRL_X0Y1        BUFG (Prop_bufg_I_O)         0.026    -1.181 r  clk_gen/inst/clkout1_buf/O
                         net (fo=55, routed)          0.560    -0.621    u_vga/CLK
    SLICE_X38Y37         FDCE                                         r  u_vga/h_count_reg[5]/C
  -------------------------------------------------------------------    -------------------
    SLICE_X38Y37         FDCE (Prop_fdce_C_Q)         0.164    -0.457 r  u_vga/h_count_reg[5]/Q
                         net (fo=37, routed)          0.187    -0.270    u_vga/ADDRBWRADDR[4]
    SLICE_X38Y37         LUT6 (Prop_lut6_I3_O)        0.045    -0.225 r  u_vga/h_count[8]_i_1/O
                         net (fo=1, routed)           0.000    -0.225    u_vga/h_count[8]
    SLICE_X38Y37         FDCE                                         r  u_vga/h_count_reg[8]/D
  -------------------------------------------------------------------    -------------------

                         (clock clk_out1_clk_wiz_0 rise edge)
                                                      0.000     0.000 r  
    W5                                                0.000     0.000 r  clk_100mhz (IN)
                         net (fo=0)                   0.000     0.000    clk_gen/inst/clk_in1
    W5                   IBUF (Prop_ibuf_I_O)         0.414     0.414 r  clk_gen/inst/clkin1_ibufg/O
                         net (fo=1, routed)           0.480     0.894    clk_gen/inst/clk_in1_clk_wiz_0
    MMCME2_ADV_X1Y0      MMCME2_ADV (Prop_mmcme2_adv_CLKIN1_CLKOUT0)
                                                     -3.142    -2.248 r  clk_gen/inst/mmcm_adv_inst/CLKOUT0
                         net (fo=1, routed)           0.530    -1.718    clk_gen/inst/clk_out1_clk_wiz_0
    BUFGCTRL_X0Y1        BUFG (Prop_bufg_I_O)         0.029    -1.689 r  clk_gen/inst/clkout1_buf/O
                         net (fo=55, routed)          0.828    -0.862    u_vga/CLK
    SLICE_X38Y37         FDCE                                         r  u_vga/h_count_reg[8]/C
                         clock pessimism              0.240    -0.621    
                         clock uncertainty            0.098    -0.523    
    SLICE_X38Y37         FDCE (Hold_fdce_C_D)         0.121    -0.402    u_vga/h_count_reg[8]
  -------------------------------------------------------------------
                         required time                          0.402    
                         arrival time                          -0.225    
  -------------------------------------------------------------------
                         slack                                  0.177    





---------------------------------------------------------------------------------------------------
From Clock:  clk_out2_clk_wiz_0_1
  To Clock:  clk_out1_clk_wiz_0

Setup :            1  Failing Endpoint ,  Worst Slack       -2.051ns,  Total Violation       -2.051ns
Hold  :            0  Failing Endpoints,  Worst Slack        0.208ns,  Total Violation        0.000ns
---------------------------------------------------------------------------------------------------


Max Delay Paths
--------------------------------------------------------------------------------------
Slack (VIOLATED) :        -2.051ns  (required time - arrival time)
  Source:                 u_ping_pong/buf_sel_wr_reg/C
                            (rising edge-triggered cell FDRE clocked by clk_out2_clk_wiz_0_1  {rise@0.000ns fall@5.000ns period=10.000ns})
  Destination:            u_ping_pong/buf_sel_rd_sync1_reg/D
                            (rising edge-triggered cell FDRE clocked by clk_out1_clk_wiz_0  {rise@0.000ns fall@19.861ns period=39.722ns})
  Path Group:             clk_out1_clk_wiz_0
  Path Type:              Setup (Max at Slow Process Corner)
  Requirement:            0.278ns  (clk_out1_clk_wiz_0 rise@1390.278ns - clk_out2_clk_wiz_0_1 rise@1390.000ns)
  Data Path Delay:        1.858ns  (logic 0.456ns (24.539%)  route 1.402ns (75.461%))
  Logic Levels:           0  
  Clock Path Skew:        -0.205ns (DCD - SCD + CPR)
    Destination Clock Delay (DCD):    -1.544ns = ( 1388.734 - 1390.278 ) 
    Source Clock Delay      (SCD):    -0.941ns = ( 1389.059 - 1390.000 ) 
    Clock Pessimism Removal (CPR):    0.398ns
  Clock Uncertainty:      0.218ns  ((TSJ^2 + DJ^2)^1/2) / 2 + PE
    Total System Jitter     (TSJ):    0.071ns
    Discrete Jitter          (DJ):    0.183ns
    Phase Error              (PE):    0.120ns
  Clock Domain Crossing:  Inter clock paths are considered valid unless explicitly excluded by timing constraints such as set_clock_groups or set_false_path.

    Location             Delay type                Incr(ns)  Path(ns)    Netlist Resource(s)
  -------------------------------------------------------------------    -------------------
                         (clock clk_out2_clk_wiz_0_1 rise edge)
                                                   1390.000  1390.000 r  
    W5                                                0.000  1390.000 r  clk_100mhz (IN)
                         net (fo=0)                   0.000  1390.000    clk_gen/inst/clk_in1
    W5                   IBUF (Prop_ibuf_I_O)         1.458  1391.458 r  clk_gen/inst/clkin1_ibufg/O
                         net (fo=1, routed)           1.233  1392.692    clk_gen/inst/clk_in1_clk_wiz_0
    MMCME2_ADV_X1Y0      MMCME2_ADV (Prop_mmcme2_adv_CLKIN1_CLKOUT1)
                                                     -6.961  1385.731 r  clk_gen/inst/mmcm_adv_inst/CLKOUT1
                         net (fo=1, routed)           1.661  1387.392    clk_gen/inst/clk_out2_clk_wiz_0
    BUFGCTRL_X0Y0        BUFG (Prop_bufg_I_O)         0.096  1387.488 r  clk_gen/inst/clkout2_buf/O
                         net (fo=137, routed)         1.571  1389.059    u_ping_pong/clk_out2
    SLICE_X51Y44         FDRE                                         r  u_ping_pong/buf_sel_wr_reg/C
  -------------------------------------------------------------------    -------------------
    SLICE_X51Y44         FDRE (Prop_fdre_C_Q)         0.456  1389.516 r  u_ping_pong/buf_sel_wr_reg/Q
                         net (fo=13, routed)          1.402  1390.918    u_ping_pong/buf_sel_wr
    SLICE_X48Y43         FDRE                                         r  u_ping_pong/buf_sel_rd_sync1_reg/D
  -------------------------------------------------------------------    -------------------

                         (clock clk_out1_clk_wiz_0 rise edge)
                                                   1390.278  1390.278 r  
    W5                                                0.000  1390.278 r  clk_100mhz (IN)
                         net (fo=0)                   0.000  1390.278    clk_gen/inst/clk_in1
    W5                   IBUF (Prop_ibuf_I_O)         1.388  1391.666 r  clk_gen/inst/clkin1_ibufg/O
                         net (fo=1, routed)           1.162  1392.828    clk_gen/inst/clk_in1_clk_wiz_0
    MMCME2_ADV_X1Y0      MMCME2_ADV (Prop_mmcme2_adv_CLKIN1_CLKOUT0)
                                                     -7.217  1385.610 r  clk_gen/inst/mmcm_adv_inst/CLKOUT0
                         net (fo=1, routed)           1.581  1387.191    clk_gen/inst/clk_out1_clk_wiz_0
    BUFGCTRL_X0Y1        BUFG (Prop_bufg_I_O)         0.091  1387.282 r  clk_gen/inst/clkout1_buf/O
                         net (fo=55, routed)          1.451  1388.734    u_ping_pong/clk_out1
    SLICE_X48Y43         FDRE                                         r  u_ping_pong/buf_sel_rd_sync1_reg/C
                         clock pessimism              0.398  1389.132    
                         clock uncertainty           -0.218  1388.914    
    SLICE_X48Y43         FDRE (Setup_fdre_C_D)       -0.047  1388.867    u_ping_pong/buf_sel_rd_sync1_reg
  -------------------------------------------------------------------
                         required time                       1388.867    
                         arrival time                       -1390.918    
  -------------------------------------------------------------------
                         slack                                 -2.051    





Min Delay Paths
--------------------------------------------------------------------------------------
Slack (MET) :             0.208ns  (arrival time - required time)
  Source:                 u_ping_pong/buf_sel_wr_reg/C
                            (rising edge-triggered cell FDRE clocked by clk_out2_clk_wiz_0_1  {rise@0.000ns fall@5.000ns period=10.000ns})
  Destination:            u_ping_pong/buf_sel_rd_sync1_reg/D
                            (rising edge-triggered cell FDRE clocked by clk_out1_clk_wiz_0  {rise@0.000ns fall@19.861ns period=39.722ns})
  Path Group:             clk_out1_clk_wiz_0
  Path Type:              Hold (Min at Fast Process Corner)
  Requirement:            0.000ns  (clk_out1_clk_wiz_0 rise@0.000ns - clk_out2_clk_wiz_0_1 rise@0.000ns)
  Data Path Delay:        0.818ns  (logic 0.141ns (17.232%)  route 0.677ns (82.768%))
  Logic Levels:           0  
  Clock Path Skew:        0.317ns (DCD - SCD - CPR)
    Destination Clock Delay (DCD):    -0.854ns
    Source Clock Delay      (SCD):    -0.615ns
    Clock Pessimism Removal (CPR):    -0.555ns
  Clock Uncertainty:      0.218ns  ((TSJ^2 + DJ^2)^1/2) / 2 + PE
    Total System Jitter     (TSJ):    0.071ns
    Discrete Jitter          (DJ):    0.183ns
    Phase Error              (PE):    0.120ns
  Clock Domain Crossing:  Inter clock paths are considered valid unless explicitly excluded by timing constraints such as set_clock_groups or set_false_path.

    Location             Delay type                Incr(ns)  Path(ns)    Netlist Resource(s)
  -------------------------------------------------------------------    -------------------
                         (clock clk_out2_clk_wiz_0_1 rise edge)
                                                      0.000     0.000 r  
    W5                                                0.000     0.000 r  clk_100mhz (IN)
                         net (fo=0)                   0.000     0.000    clk_gen/inst/clk_in1
    W5                   IBUF (Prop_ibuf_I_O)         0.226     0.226 r  clk_gen/inst/clkin1_ibufg/O
                         net (fo=1, routed)           0.440     0.667    clk_gen/inst/clk_in1_clk_wiz_0
    MMCME2_ADV_X1Y0      MMCME2_ADV (Prop_mmcme2_adv_CLKIN1_CLKOUT1)
                                                     -2.360    -1.693 r  clk_gen/inst/mmcm_adv_inst/CLKOUT1
                         net (fo=1, routed)           0.486    -1.207    clk_gen/inst/clk_out2_clk_wiz_0
    BUFGCTRL_X0Y0        BUFG (Prop_bufg_I_O)         0.026    -1.181 r  clk_gen/inst/clkout2_buf/O
                         net (fo=137, routed)         0.566    -0.615    u_ping_pong/clk_out2
    SLICE_X51Y44         FDRE                                         r  u_ping_pong/buf_sel_wr_reg/C
  -------------------------------------------------------------------    -------------------
    SLICE_X51Y44         FDRE (Prop_fdre_C_Q)         0.141    -0.474 r  u_ping_pong/buf_sel_wr_reg/Q
                         net (fo=13, routed)          0.677     0.203    u_ping_pong/buf_sel_wr
    SLICE_X48Y43         FDRE                                         r  u_ping_pong/buf_sel_rd_sync1_reg/D
  -------------------------------------------------------------------    -------------------

                         (clock clk_out1_clk_wiz_0 rise edge)
                                                      0.000     0.000 r  
    W5                                                0.000     0.000 r  clk_100mhz (IN)
                         net (fo=0)                   0.000     0.000    clk_gen/inst/clk_in1
    W5                   IBUF (Prop_ibuf_I_O)         0.414     0.414 r  clk_gen/inst/clkin1_ibufg/O
                         net (fo=1, routed)           0.480     0.894    clk_gen/inst/clk_in1_clk_wiz_0
    MMCME2_ADV_X1Y0      MMCME2_ADV (Prop_mmcme2_adv_CLKIN1_CLKOUT0)
                                                     -3.142    -2.248 r  clk_gen/inst/mmcm_adv_inst/CLKOUT0
                         net (fo=1, routed)           0.530    -1.718    clk_gen/inst/clk_out1_clk_wiz_0
    BUFGCTRL_X0Y1        BUFG (Prop_bufg_I_O)         0.029    -1.689 r  clk_gen/inst/clkout1_buf/O
                         net (fo=55, routed)          0.836    -0.854    u_ping_pong/clk_out1
    SLICE_X48Y43         FDRE                                         r  u_ping_pong/buf_sel_rd_sync1_reg/C
                         clock pessimism              0.555    -0.299    
                         clock uncertainty            0.218    -0.080    
    SLICE_X48Y43         FDRE (Hold_fdre_C_D)         0.075    -0.005    u_ping_pong/buf_sel_rd_sync1_reg
  -------------------------------------------------------------------
                         required time                          0.005    
                         arrival time                           0.203    
  -------------------------------------------------------------------
                         slack                                  0.208    





---------------------------------------------------------------------------------------------------
From Clock:  clk_out2_clk_wiz_0_1
  To Clock:  clk_out2_clk_wiz_0

Setup :            0  Failing Endpoints,  Worst Slack        3.261ns,  Total Violation        0.000ns
Hold  :            0  Failing Endpoints,  Worst Slack        0.095ns,  Total Violation        0.000ns
---------------------------------------------------------------------------------------------------


Max Delay Paths
--------------------------------------------------------------------------------------
Slack (MET) :             3.261ns  (required time - arrival time)
  Source:                 u_ping_pong/wr_ptr_reg[14]/C
                            (rising edge-triggered cell FDRE clocked by clk_out2_clk_wiz_0_1  {rise@0.000ns fall@5.000ns period=10.000ns})
  Destination:            u_ping_pong/ram_reg_3_5/ENARDEN
                            (rising edge-triggered cell RAMB36E1 clocked by clk_out2_clk_wiz_0  {rise@0.000ns fall@5.000ns period=10.000ns})
  Path Group:             clk_out2_clk_wiz_0
  Path Type:              Setup (Max at Slow Process Corner)
  Requirement:            10.000ns  (clk_out2_clk_wiz_0 rise@10.000ns - clk_out2_clk_wiz_0_1 rise@0.000ns)
  Data Path Delay:        6.127ns  (logic 1.788ns (29.181%)  route 4.339ns (70.819%))
  Logic Levels:           4  (CARRY4=1 LUT3=2 LUT5=1)
  Clock Path Skew:        -0.091ns (DCD - SCD + CPR)
    Destination Clock Delay (DCD):    -1.514ns = ( 8.486 - 10.000 ) 
    Source Clock Delay      (SCD):    -0.940ns
    Clock Pessimism Removal (CPR):    0.484ns
  Clock Uncertainty:      0.077ns  ((TSJ^2 + DJ^2)^1/2) / 2 + PE
    Total System Jitter     (TSJ):    0.071ns
    Discrete Jitter          (DJ):    0.138ns
    Phase Error              (PE):    0.000ns
  Clock Domain Crossing:  Inter clock paths are considered valid unless explicitly excluded by timing constraints such as set_clock_groups or set_false_path.

    Location             Delay type                Incr(ns)  Path(ns)    Netlist Resource(s)
  -------------------------------------------------------------------    -------------------
                         (clock clk_out2_clk_wiz_0_1 rise edge)
                                                      0.000     0.000 r  
    W5                                                0.000     0.000 r  clk_100mhz (IN)
                         net (fo=0)                   0.000     0.000    clk_gen/inst/clk_in1
    W5                   IBUF (Prop_ibuf_I_O)         1.458     1.458 r  clk_gen/inst/clkin1_ibufg/O
                         net (fo=1, routed)           1.233     2.691    clk_gen/inst/clk_in1_clk_wiz_0
    MMCME2_ADV_X1Y0      MMCME2_ADV (Prop_mmcme2_adv_CLKIN1_CLKOUT1)
                                                     -6.961    -4.269 r  clk_gen/inst/mmcm_adv_inst/CLKOUT1
                         net (fo=1, routed)           1.661    -2.608    clk_gen/inst/clk_out2_clk_wiz_0
    BUFGCTRL_X0Y0        BUFG (Prop_bufg_I_O)         0.096    -2.512 r  clk_gen/inst/clkout2_buf/O
                         net (fo=137, routed)         1.572    -0.940    u_ping_pong/clk_out2
    SLICE_X51Y47         FDRE                                         r  u_ping_pong/wr_ptr_reg[14]/C
  -------------------------------------------------------------------    -------------------
    SLICE_X51Y47         FDRE (Prop_fdre_C_Q)         0.419    -0.521 r  u_ping_pong/wr_ptr_reg[14]/Q
                         net (fo=5, routed)           0.837     0.316    u_ping_pong/wr_ptr[14]
    SLICE_X51Y45         LUT3 (Prop_lut3_I1_O)        0.299     0.615 r  u_ping_pong/wr_addr_final__0_carry__0_i_4/O
                         net (fo=25, routed)          0.000     0.615    u_ping_pong/wr_addr_final__0_carry__0_i_4_n_0
    SLICE_X51Y45         CARRY4 (Prop_carry4_S[1]_O[3])
                                                      0.640     1.255 f  u_ping_pong/wr_addr_final__0_carry__0/O[3]
                         net (fo=14, routed)          1.453     2.709    u_ping_pong/wr_addr_final[17]
    SLICE_X32Y43         LUT3 (Prop_lut3_I1_O)        0.306     3.015 r  u_ping_pong/ram_reg_2_2_i_1/O
                         net (fo=12, routed)          1.343     4.357    u_ping_pong/ram_reg_2_2_i_1_n_0
    SLICE_X14Y53         LUT5 (Prop_lut5_I4_O)        0.124     4.481 r  u_ping_pong/ram_reg_3_5_ENARDEN_cooolgate_en_gate_19/O
                         net (fo=1, routed)           0.706     5.188    u_ping_pong/ram_reg_3_5_ENARDEN_cooolgate_en_sig_10
    RAMB36_X0Y11         RAMB36E1                                     r  u_ping_pong/ram_reg_3_5/ENARDEN
  -------------------------------------------------------------------    -------------------

                         (clock clk_out2_clk_wiz_0 rise edge)
                                                     10.000    10.000 r  
    W5                                                0.000    10.000 r  clk_100mhz (IN)
                         net (fo=0)                   0.000    10.000    clk_gen/inst/clk_in1
    W5                   IBUF (Prop_ibuf_I_O)         1.388    11.388 r  clk_gen/inst/clkin1_ibufg/O
                         net (fo=1, routed)           1.162    12.550    clk_gen/inst/clk_in1_clk_wiz_0
    MMCME2_ADV_X1Y0      MMCME2_ADV (Prop_mmcme2_adv_CLKIN1_CLKOUT1)
                                                     -7.217     5.332 r  clk_gen/inst/mmcm_adv_inst/CLKOUT1
                         net (fo=1, routed)           1.581     6.914    clk_gen/inst/clk_out2_clk_wiz_0
    BUFGCTRL_X0Y0        BUFG (Prop_bufg_I_O)         0.091     7.005 r  clk_gen/inst/clkout2_buf/O
                         net (fo=137, routed)         1.481     8.486    u_ping_pong/clk_out2
    RAMB36_X0Y11         RAMB36E1                                     r  u_ping_pong/ram_reg_3_5/CLKARDCLK
                         clock pessimism              0.484     8.969    
                         clock uncertainty           -0.077     8.892    
    RAMB36_X0Y11         RAMB36E1 (Setup_ramb36e1_CLKARDCLK_ENARDEN)
                                                     -0.443     8.449    u_ping_pong/ram_reg_3_5
  -------------------------------------------------------------------
                         required time                          8.449    
                         arrival time                          -5.188    
  -------------------------------------------------------------------
                         slack                                  3.261    

Slack (MET) :             3.430ns  (required time - arrival time)
  Source:                 u_ping_pong/wr_ptr_reg[14]/C
                            (rising edge-triggered cell FDRE clocked by clk_out2_clk_wiz_0_1  {rise@0.000ns fall@5.000ns period=10.000ns})
  Destination:            u_ping_pong/ram_reg_2_5/ENARDEN
                            (rising edge-triggered cell RAMB36E1 clocked by clk_out2_clk_wiz_0  {rise@0.000ns fall@5.000ns period=10.000ns})
  Path Group:             clk_out2_clk_wiz_0
  Path Type:              Setup (Max at Slow Process Corner)
  Requirement:            10.000ns  (clk_out2_clk_wiz_0 rise@10.000ns - clk_out2_clk_wiz_0_1 rise@0.000ns)
  Data Path Delay:        5.960ns  (logic 1.788ns (30.001%)  route 4.172ns (69.999%))
  Logic Levels:           4  (CARRY4=1 LUT3=2 LUT5=1)
  Clock Path Skew:        -0.090ns (DCD - SCD + CPR)
    Destination Clock Delay (DCD):    -1.513ns = ( 8.487 - 10.000 ) 
    Source Clock Delay      (SCD):    -0.940ns
    Clock Pessimism Removal (CPR):    0.484ns
  Clock Uncertainty:      0.077ns  ((TSJ^2 + DJ^2)^1/2) / 2 + PE
    Total System Jitter     (TSJ):    0.071ns
    Discrete Jitter          (DJ):    0.138ns
    Phase Error              (PE):    0.000ns
  Clock Domain Crossing:  Inter clock paths are considered valid unless explicitly excluded by timing constraints such as set_clock_groups or set_false_path.

    Location             Delay type                Incr(ns)  Path(ns)    Netlist Resource(s)
  -------------------------------------------------------------------    -------------------
                         (clock clk_out2_clk_wiz_0_1 rise edge)
                                                      0.000     0.000 r  
    W5                                                0.000     0.000 r  clk_100mhz (IN)
                         net (fo=0)                   0.000     0.000    clk_gen/inst/clk_in1
    W5                   IBUF (Prop_ibuf_I_O)         1.458     1.458 r  clk_gen/inst/clkin1_ibufg/O
                         net (fo=1, routed)           1.233     2.691    clk_gen/inst/clk_in1_clk_wiz_0
    MMCME2_ADV_X1Y0      MMCME2_ADV (Prop_mmcme2_adv_CLKIN1_CLKOUT1)
                                                     -6.961    -4.269 r  clk_gen/inst/mmcm_adv_inst/CLKOUT1
                         net (fo=1, routed)           1.661    -2.608    clk_gen/inst/clk_out2_clk_wiz_0
    BUFGCTRL_X0Y0        BUFG (Prop_bufg_I_O)         0.096    -2.512 r  clk_gen/inst/clkout2_buf/O
                         net (fo=137, routed)         1.572    -0.940    u_ping_pong/clk_out2
    SLICE_X51Y47         FDRE                                         r  u_ping_pong/wr_ptr_reg[14]/C
  -------------------------------------------------------------------    -------------------
    SLICE_X51Y47         FDRE (Prop_fdre_C_Q)         0.419    -0.521 r  u_ping_pong/wr_ptr_reg[14]/Q
                         net (fo=5, routed)           0.837     0.316    u_ping_pong/wr_ptr[14]
    SLICE_X51Y45         LUT3 (Prop_lut3_I1_O)        0.299     0.615 r  u_ping_pong/wr_addr_final__0_carry__0_i_4/O
                         net (fo=25, routed)          0.000     0.615    u_ping_pong/wr_addr_final__0_carry__0_i_4_n_0
    SLICE_X51Y45         CARRY4 (Prop_carry4_S[1]_O[3])
                                                      0.640     1.255 f  u_ping_pong/wr_addr_final__0_carry__0/O[3]
                         net (fo=14, routed)          1.453     2.709    u_ping_pong/wr_addr_final[17]
    SLICE_X32Y43         LUT3 (Prop_lut3_I1_O)        0.306     3.015 r  u_ping_pong/ram_reg_2_2_i_1/O
                         net (fo=12, routed)          1.343     4.357    u_ping_pong/ram_reg_2_2_i_1_n_0
    SLICE_X14Y52         LUT5 (Prop_lut5_I4_O)        0.124     4.481 r  u_ping_pong/ram_reg_2_5_ENARDEN_cooolgate_en_gate_43/O
                         net (fo=1, routed)           0.539     5.020    u_ping_pong/ram_reg_2_5_ENARDEN_cooolgate_en_sig_22
    RAMB36_X0Y10         RAMB36E1                                     r  u_ping_pong/ram_reg_2_5/ENARDEN
  -------------------------------------------------------------------    -------------------

                         (clock clk_out2_clk_wiz_0 rise edge)
                                                     10.000    10.000 r  
    W5                                                0.000    10.000 r  clk_100mhz (IN)
                         net (fo=0)                   0.000    10.000    clk_gen/inst/clk_in1
    W5                   IBUF (Prop_ibuf_I_O)         1.388    11.388 r  clk_gen/inst/clkin1_ibufg/O
                         net (fo=1, routed)           1.162    12.550    clk_gen/inst/clk_in1_clk_wiz_0
    MMCME2_ADV_X1Y0      MMCME2_ADV (Prop_mmcme2_adv_CLKIN1_CLKOUT1)
                                                     -7.217     5.332 r  clk_gen/inst/mmcm_adv_inst/CLKOUT1
                         net (fo=1, routed)           1.581     6.914    clk_gen/inst/clk_out2_clk_wiz_0
    BUFGCTRL_X0Y0        BUFG (Prop_bufg_I_O)         0.091     7.005 r  clk_gen/inst/clkout2_buf/O
                         net (fo=137, routed)         1.482     8.487    u_ping_pong/clk_out2
    RAMB36_X0Y10         RAMB36E1                                     r  u_ping_pong/ram_reg_2_5/CLKARDCLK
                         clock pessimism              0.484     8.970    
                         clock uncertainty           -0.077     8.893    
    RAMB36_X0Y10         RAMB36E1 (Setup_ramb36e1_CLKARDCLK_ENARDEN)
                                                     -0.443     8.450    u_ping_pong/ram_reg_2_5
  -------------------------------------------------------------------
                         required time                          8.450    
                         arrival time                          -5.020    
  -------------------------------------------------------------------
                         slack                                  3.430    

Slack (MET) :             3.459ns  (required time - arrival time)
  Source:                 u_ping_pong/wr_ptr_reg[12]/C
                            (rising edge-triggered cell FDRE clocked by clk_out2_clk_wiz_0_1  {rise@0.000ns fall@5.000ns period=10.000ns})
  Destination:            u_ping_pong/ram_reg_3_5/ADDRARDADDR[15]
                            (rising edge-triggered cell RAMB36E1 clocked by clk_out2_clk_wiz_0  {rise@0.000ns fall@5.000ns period=10.000ns})
  Path Group:             clk_out2_clk_wiz_0
  Path Type:              Setup (Max at Slow Process Corner)
  Requirement:            10.000ns  (clk_out2_clk_wiz_0 rise@10.000ns - clk_out2_clk_wiz_0_1 rise@0.000ns)
  Data Path Delay:        5.679ns  (logic 1.315ns (23.156%)  route 4.364ns (76.844%))
  Logic Levels:           3  (CARRY4=2 LUT3=1)
  Clock Path Skew:        -0.091ns (DCD - SCD + CPR)
    Destination Clock Delay (DCD):    -1.514ns = ( 8.486 - 10.000 ) 
    Source Clock Delay      (SCD):    -0.940ns
    Clock Pessimism Removal (CPR):    0.484ns
  Clock Uncertainty:      0.077ns  ((TSJ^2 + DJ^2)^1/2) / 2 + PE
    Total System Jitter     (TSJ):    0.071ns
    Discrete Jitter          (DJ):    0.138ns
    Phase Error              (PE):    0.000ns
  Clock Domain Crossing:  Inter clock paths are considered valid unless explicitly excluded by timing constraints such as set_clock_groups or set_false_path.

    Location             Delay type                Incr(ns)  Path(ns)    Netlist Resource(s)
  -------------------------------------------------------------------    -------------------
                         (clock clk_out2_clk_wiz_0_1 rise edge)
                                                      0.000     0.000 r  
    W5                                                0.000     0.000 r  clk_100mhz (IN)
                         net (fo=0)                   0.000     0.000    clk_gen/inst/clk_in1
    W5                   IBUF (Prop_ibuf_I_O)         1.458     1.458 r  clk_gen/inst/clkin1_ibufg/O
                         net (fo=1, routed)           1.233     2.691    clk_gen/inst/clk_in1_clk_wiz_0
    MMCME2_ADV_X1Y0      MMCME2_ADV (Prop_mmcme2_adv_CLKIN1_CLKOUT1)
                                                     -6.961    -4.269 r  clk_gen/inst/mmcm_adv_inst/CLKOUT1
                         net (fo=1, routed)           1.661    -2.608    clk_gen/inst/clk_out2_clk_wiz_0
    BUFGCTRL_X0Y0        BUFG (Prop_bufg_I_O)         0.096    -2.512 r  clk_gen/inst/clkout2_buf/O
                         net (fo=137, routed)         1.572    -0.940    u_ping_pong/clk_out2
    SLICE_X51Y47         FDRE                                         r  u_ping_pong/wr_ptr_reg[12]/C
  -------------------------------------------------------------------    -------------------
    SLICE_X51Y47         FDRE (Prop_fdre_C_Q)         0.456    -0.484 r  u_ping_pong/wr_ptr_reg[12]/Q
                         net (fo=5, routed)           0.841     0.357    u_ping_pong/wr_ptr[12]
    SLICE_X51Y44         LUT3 (Prop_lut3_I1_O)        0.124     0.481 r  u_ping_pong/wr_addr_final__0_carry_i_3/O
                         net (fo=1, routed)           0.000     0.481    u_ping_pong/wr_addr_final__0_carry_i_3_n_0
    SLICE_X51Y44         CARRY4 (Prop_carry4_S[3]_CO[3])
                                                      0.401     0.882 r  u_ping_pong/wr_addr_final__0_carry/CO[3]
                         net (fo=1, routed)           0.000     0.882    u_ping_pong/wr_addr_final__0_carry_n_0
    SLICE_X51Y45         CARRY4 (Prop_carry4_CI_O[1])
                                                      0.334     1.216 r  u_ping_pong/wr_addr_final__0_carry__0/O[1]
                         net (fo=26, routed)          3.523     4.739    u_ping_pong/wr_addr_final[15]
    RAMB36_X0Y11         RAMB36E1                                     r  u_ping_pong/ram_reg_3_5/ADDRARDADDR[15]
  -------------------------------------------------------------------    -------------------

                         (clock clk_out2_clk_wiz_0 rise edge)
                                                     10.000    10.000 r  
    W5                                                0.000    10.000 r  clk_100mhz (IN)
                         net (fo=0)                   0.000    10.000    clk_gen/inst/clk_in1
    W5                   IBUF (Prop_ibuf_I_O)         1.388    11.388 r  clk_gen/inst/clkin1_ibufg/O
                         net (fo=1, routed)           1.162    12.550    clk_gen/inst/clk_in1_clk_wiz_0
    MMCME2_ADV_X1Y0      MMCME2_ADV (Prop_mmcme2_adv_CLKIN1_CLKOUT1)
                                                     -7.217     5.332 r  clk_gen/inst/mmcm_adv_inst/CLKOUT1
                         net (fo=1, routed)           1.581     6.914    clk_gen/inst/clk_out2_clk_wiz_0
    BUFGCTRL_X0Y0        BUFG (Prop_bufg_I_O)         0.091     7.005 r  clk_gen/inst/clkout2_buf/O
                         net (fo=137, routed)         1.481     8.486    u_ping_pong/clk_out2
    RAMB36_X0Y11         RAMB36E1                                     r  u_ping_pong/ram_reg_3_5/CLKARDCLK
                         clock pessimism              0.484     8.969    
                         clock uncertainty           -0.077     8.892    
    RAMB36_X0Y11         RAMB36E1 (Setup_ramb36e1_CLKARDCLK_ADDRARDADDR[15])
                                                     -0.694     8.198    u_ping_pong/ram_reg_3_5
  -------------------------------------------------------------------
                         required time                          8.198    
                         arrival time                          -4.739    
  -------------------------------------------------------------------
                         slack                                  3.459    

Slack (MET) :             3.459ns  (required time - arrival time)
  Source:                 u_ping_pong/wr_ptr_reg[14]/C
                            (rising edge-triggered cell FDRE clocked by clk_out2_clk_wiz_0_1  {rise@0.000ns fall@5.000ns period=10.000ns})
  Destination:            u_ping_pong/ram_reg_2_3/ENARDEN
                            (rising edge-triggered cell RAMB36E1 clocked by clk_out2_clk_wiz_0  {rise@0.000ns fall@5.000ns period=10.000ns})
  Path Group:             clk_out2_clk_wiz_0
  Path Type:              Setup (Max at Slow Process Corner)
  Requirement:            10.000ns  (clk_out2_clk_wiz_0 rise@10.000ns - clk_out2_clk_wiz_0_1 rise@0.000ns)
  Data Path Delay:        5.942ns  (logic 1.788ns (30.090%)  route 4.154ns (69.910%))
  Logic Levels:           4  (CARRY4=1 LUT3=2 LUT5=1)
  Clock Path Skew:        -0.079ns (DCD - SCD + CPR)
    Destination Clock Delay (DCD):    -1.510ns = ( 8.490 - 10.000 ) 
    Source Clock Delay      (SCD):    -0.940ns
    Clock Pessimism Removal (CPR):    0.492ns
  Clock Uncertainty:      0.077ns  ((TSJ^2 + DJ^2)^1/2) / 2 + PE
    Total System Jitter     (TSJ):    0.071ns
    Discrete Jitter          (DJ):    0.138ns
    Phase Error              (PE):    0.000ns
  Clock Domain Crossing:  Inter clock paths are considered valid unless explicitly excluded by timing constraints such as set_clock_groups or set_false_path.

    Location             Delay type                Incr(ns)  Path(ns)    Netlist Resource(s)
  -------------------------------------------------------------------    -------------------
                         (clock clk_out2_clk_wiz_0_1 rise edge)
                                                      0.000     0.000 r  
    W5                                                0.000     0.000 r  clk_100mhz (IN)
                         net (fo=0)                   0.000     0.000    clk_gen/inst/clk_in1
    W5                   IBUF (Prop_ibuf_I_O)         1.458     1.458 r  clk_gen/inst/clkin1_ibufg/O
                         net (fo=1, routed)           1.233     2.691    clk_gen/inst/clk_in1_clk_wiz_0
    MMCME2_ADV_X1Y0      MMCME2_ADV (Prop_mmcme2_adv_CLKIN1_CLKOUT1)
                                                     -6.961    -4.269 r  clk_gen/inst/mmcm_adv_inst/CLKOUT1
                         net (fo=1, routed)           1.661    -2.608    clk_gen/inst/clk_out2_clk_wiz_0
    BUFGCTRL_X0Y0        BUFG (Prop_bufg_I_O)         0.096    -2.512 r  clk_gen/inst/clkout2_buf/O
                         net (fo=137, routed)         1.572    -0.940    u_ping_pong/clk_out2
    SLICE_X51Y47         FDRE                                         r  u_ping_pong/wr_ptr_reg[14]/C
  -------------------------------------------------------------------    -------------------
    SLICE_X51Y47         FDRE (Prop_fdre_C_Q)         0.419    -0.521 r  u_ping_pong/wr_ptr_reg[14]/Q
                         net (fo=5, routed)           0.837     0.316    u_ping_pong/wr_ptr[14]
    SLICE_X51Y45         LUT3 (Prop_lut3_I1_O)        0.299     0.615 r  u_ping_pong/wr_addr_final__0_carry__0_i_4/O
                         net (fo=25, routed)          0.000     0.615    u_ping_pong/wr_addr_final__0_carry__0_i_4_n_0
    SLICE_X51Y45         CARRY4 (Prop_carry4_S[1]_O[3])
                                                      0.640     1.255 f  u_ping_pong/wr_addr_final__0_carry__0/O[3]
                         net (fo=14, routed)          1.453     2.709    u_ping_pong/wr_addr_final[17]
    SLICE_X32Y43         LUT3 (Prop_lut3_I1_O)        0.306     3.015 r  u_ping_pong/ram_reg_2_2_i_1/O
                         net (fo=12, routed)          0.995     4.010    u_ping_pong/ram_reg_2_2_i_1_n_0
    SLICE_X14Y38         LUT5 (Prop_lut5_I4_O)        0.124     4.134 r  u_ping_pong/ram_reg_2_3_ENARDEN_cooolgate_en_gate_39/O
                         net (fo=1, routed)           0.869     5.003    u_ping_pong/ram_reg_2_3_ENARDEN_cooolgate_en_sig_20
    RAMB36_X0Y6          RAMB36E1                                     r  u_ping_pong/ram_reg_2_3/ENARDEN
  -------------------------------------------------------------------    -------------------

                         (clock clk_out2_clk_wiz_0 rise edge)
                                                     10.000    10.000 r  
    W5                                                0.000    10.000 r  clk_100mhz (IN)
                         net (fo=0)                   0.000    10.000    clk_gen/inst/clk_in1
    W5                   IBUF (Prop_ibuf_I_O)         1.388    11.388 r  clk_gen/inst/clkin1_ibufg/O
                         net (fo=1, routed)           1.162    12.550    clk_gen/inst/clk_in1_clk_wiz_0
    MMCME2_ADV_X1Y0      MMCME2_ADV (Prop_mmcme2_adv_CLKIN1_CLKOUT1)
                                                     -7.217     5.332 r  clk_gen/inst/mmcm_adv_inst/CLKOUT1
                         net (fo=1, routed)           1.581     6.914    clk_gen/inst/clk_out2_clk_wiz_0
    BUFGCTRL_X0Y0        BUFG (Prop_bufg_I_O)         0.091     7.005 r  clk_gen/inst/clkout2_buf/O
                         net (fo=137, routed)         1.486     8.490    u_ping_pong/clk_out2
    RAMB36_X0Y6          RAMB36E1                                     r  u_ping_pong/ram_reg_2_3/CLKARDCLK
                         clock pessimism              0.492     8.982    
                         clock uncertainty           -0.077     8.905    
    RAMB36_X0Y6          RAMB36E1 (Setup_ramb36e1_CLKARDCLK_ENARDEN)
                                                     -0.443     8.462    u_ping_pong/ram_reg_2_3
  -------------------------------------------------------------------
                         required time                          8.462    
                         arrival time                          -5.003    
  -------------------------------------------------------------------
                         slack                                  3.459    

Slack (MET) :             3.517ns  (required time - arrival time)
  Source:                 u_ping_pong/wr_ptr_reg[12]/C
                            (rising edge-triggered cell FDRE clocked by clk_out2_clk_wiz_0_1  {rise@0.000ns fall@5.000ns period=10.000ns})
  Destination:            u_ping_pong/ram_reg_2_5/ADDRARDADDR[15]
                            (rising edge-triggered cell RAMB36E1 clocked by clk_out2_clk_wiz_0  {rise@0.000ns fall@5.000ns period=10.000ns})
  Path Group:             clk_out2_clk_wiz_0
  Path Type:              Setup (Max at Slow Process Corner)
  Requirement:            10.000ns  (clk_out2_clk_wiz_0 rise@10.000ns - clk_out2_clk_wiz_0_1 rise@0.000ns)
  Data Path Delay:        5.621ns  (logic 1.315ns (23.394%)  route 4.306ns (76.606%))
  Logic Levels:           3  (CARRY4=2 LUT3=1)
  Clock Path Skew:        -0.090ns (DCD - SCD + CPR)
    Destination Clock Delay (DCD):    -1.513ns = ( 8.487 - 10.000 ) 
    Source Clock Delay      (SCD):    -0.940ns
    Clock Pessimism Removal (CPR):    0.484ns
  Clock Uncertainty:      0.077ns  ((TSJ^2 + DJ^2)^1/2) / 2 + PE
    Total System Jitter     (TSJ):    0.071ns
    Discrete Jitter          (DJ):    0.138ns
    Phase Error              (PE):    0.000ns
  Clock Domain Crossing:  Inter clock paths are considered valid unless explicitly excluded by timing constraints such as set_clock_groups or set_false_path.

    Location             Delay type                Incr(ns)  Path(ns)    Netlist Resource(s)
  -------------------------------------------------------------------    -------------------
                         (clock clk_out2_clk_wiz_0_1 rise edge)
                                                      0.000     0.000 r  
    W5                                                0.000     0.000 r  clk_100mhz (IN)
                         net (fo=0)                   0.000     0.000    clk_gen/inst/clk_in1
    W5                   IBUF (Prop_ibuf_I_O)         1.458     1.458 r  clk_gen/inst/clkin1_ibufg/O
                         net (fo=1, routed)           1.233     2.691    clk_gen/inst/clk_in1_clk_wiz_0
    MMCME2_ADV_X1Y0      MMCME2_ADV (Prop_mmcme2_adv_CLKIN1_CLKOUT1)
                                                     -6.961    -4.269 r  clk_gen/inst/mmcm_adv_inst/CLKOUT1
                         net (fo=1, routed)           1.661    -2.608    clk_gen/inst/clk_out2_clk_wiz_0
    BUFGCTRL_X0Y0        BUFG (Prop_bufg_I_O)         0.096    -2.512 r  clk_gen/inst/clkout2_buf/O
                         net (fo=137, routed)         1.572    -0.940    u_ping_pong/clk_out2
    SLICE_X51Y47         FDRE                                         r  u_ping_pong/wr_ptr_reg[12]/C
  -------------------------------------------------------------------    -------------------
    SLICE_X51Y47         FDRE (Prop_fdre_C_Q)         0.456    -0.484 r  u_ping_pong/wr_ptr_reg[12]/Q
                         net (fo=5, routed)           0.841     0.357    u_ping_pong/wr_ptr[12]
    SLICE_X51Y44         LUT3 (Prop_lut3_I1_O)        0.124     0.481 r  u_ping_pong/wr_addr_final__0_carry_i_3/O
                         net (fo=1, routed)           0.000     0.481    u_ping_pong/wr_addr_final__0_carry_i_3_n_0
    SLICE_X51Y44         CARRY4 (Prop_carry4_S[3]_CO[3])
                                                      0.401     0.882 r  u_ping_pong/wr_addr_final__0_carry/CO[3]
                         net (fo=1, routed)           0.000     0.882    u_ping_pong/wr_addr_final__0_carry_n_0
    SLICE_X51Y45         CARRY4 (Prop_carry4_CI_O[1])
                                                      0.334     1.216 r  u_ping_pong/wr_addr_final__0_carry__0/O[1]
                         net (fo=26, routed)          3.465     4.682    u_ping_pong/wr_addr_final[15]
    RAMB36_X0Y10         RAMB36E1                                     r  u_ping_pong/ram_reg_2_5/ADDRARDADDR[15]
  -------------------------------------------------------------------    -------------------

                         (clock clk_out2_clk_wiz_0 rise edge)
                                                     10.000    10.000 r  
    W5                                                0.000    10.000 r  clk_100mhz (IN)
                         net (fo=0)                   0.000    10.000    clk_gen/inst/clk_in1
    W5                   IBUF (Prop_ibuf_I_O)         1.388    11.388 r  clk_gen/inst/clkin1_ibufg/O
                         net (fo=1, routed)           1.162    12.550    clk_gen/inst/clk_in1_clk_wiz_0
    MMCME2_ADV_X1Y0      MMCME2_ADV (Prop_mmcme2_adv_CLKIN1_CLKOUT1)
                                                     -7.217     5.332 r  clk_gen/inst/mmcm_adv_inst/CLKOUT1
                         net (fo=1, routed)           1.581     6.914    clk_gen/inst/clk_out2_clk_wiz_0
    BUFGCTRL_X0Y0        BUFG (Prop_bufg_I_O)         0.091     7.005 r  clk_gen/inst/clkout2_buf/O
                         net (fo=137, routed)         1.482     8.487    u_ping_pong/clk_out2
    RAMB36_X0Y10         RAMB36E1                                     r  u_ping_pong/ram_reg_2_5/CLKARDCLK
                         clock pessimism              0.484     8.970    
                         clock uncertainty           -0.077     8.893    
    RAMB36_X0Y10         RAMB36E1 (Setup_ramb36e1_CLKARDCLK_ADDRARDADDR[15])
                                                     -0.694     8.199    u_ping_pong/ram_reg_2_5
  -------------------------------------------------------------------
                         required time                          8.199    
                         arrival time                          -4.682    
  -------------------------------------------------------------------
                         slack                                  3.517    

Slack (MET) :             3.540ns  (required time - arrival time)
  Source:                 u_ping_pong/wr_ptr_reg[12]/C
                            (rising edge-triggered cell FDRE clocked by clk_out2_clk_wiz_0_1  {rise@0.000ns fall@5.000ns period=10.000ns})
  Destination:            u_ping_pong/ram_reg_2_3/ADDRARDADDR[15]
                            (rising edge-triggered cell RAMB36E1 clocked by clk_out2_clk_wiz_0  {rise@0.000ns fall@5.000ns period=10.000ns})
  Path Group:             clk_out2_clk_wiz_0
  Path Type:              Setup (Max at Slow Process Corner)
  Requirement:            10.000ns  (clk_out2_clk_wiz_0 rise@10.000ns - clk_out2_clk_wiz_0_1 rise@0.000ns)
  Data Path Delay:        5.610ns  (logic 1.315ns (23.440%)  route 4.295ns (76.560%))
  Logic Levels:           3  (CARRY4=2 LUT3=1)
  Clock Path Skew:        -0.079ns (DCD - SCD + CPR)
    Destination Clock Delay (DCD):    -1.510ns = ( 8.490 - 10.000 ) 
    Source Clock Delay      (SCD):    -0.940ns
    Clock Pessimism Removal (CPR):    0.492ns
  Clock Uncertainty:      0.077ns  ((TSJ^2 + DJ^2)^1/2) / 2 + PE
    Total System Jitter     (TSJ):    0.071ns
    Discrete Jitter          (DJ):    0.138ns
    Phase Error              (PE):    0.000ns
  Clock Domain Crossing:  Inter clock paths are considered valid unless explicitly excluded by timing constraints such as set_clock_groups or set_false_path.

    Location             Delay type                Incr(ns)  Path(ns)    Netlist Resource(s)
  -------------------------------------------------------------------    -------------------
                         (clock clk_out2_clk_wiz_0_1 rise edge)
                                                      0.000     0.000 r  
    W5                                                0.000     0.000 r  clk_100mhz (IN)
                         net (fo=0)                   0.000     0.000    clk_gen/inst/clk_in1
    W5                   IBUF (Prop_ibuf_I_O)         1.458     1.458 r  clk_gen/inst/clkin1_ibufg/O
                         net (fo=1, routed)           1.233     2.691    clk_gen/inst/clk_in1_clk_wiz_0
    MMCME2_ADV_X1Y0      MMCME2_ADV (Prop_mmcme2_adv_CLKIN1_CLKOUT1)
                                                     -6.961    -4.269 r  clk_gen/inst/mmcm_adv_inst/CLKOUT1
                         net (fo=1, routed)           1.661    -2.608    clk_gen/inst/clk_out2_clk_wiz_0
    BUFGCTRL_X0Y0        BUFG (Prop_bufg_I_O)         0.096    -2.512 r  clk_gen/inst/clkout2_buf/O
                         net (fo=137, routed)         1.572    -0.940    u_ping_pong/clk_out2
    SLICE_X51Y47         FDRE                                         r  u_ping_pong/wr_ptr_reg[12]/C
  -------------------------------------------------------------------    -------------------
    SLICE_X51Y47         FDRE (Prop_fdre_C_Q)         0.456    -0.484 r  u_ping_pong/wr_ptr_reg[12]/Q
                         net (fo=5, routed)           0.841     0.357    u_ping_pong/wr_ptr[12]
    SLICE_X51Y44         LUT3 (Prop_lut3_I1_O)        0.124     0.481 r  u_ping_pong/wr_addr_final__0_carry_i_3/O
                         net (fo=1, routed)           0.000     0.481    u_ping_pong/wr_addr_final__0_carry_i_3_n_0
    SLICE_X51Y44         CARRY4 (Prop_carry4_S[3]_CO[3])
                                                      0.401     0.882 r  u_ping_pong/wr_addr_final__0_carry/CO[3]
                         net (fo=1, routed)           0.000     0.882    u_ping_pong/wr_addr_final__0_carry_n_0
    SLICE_X51Y45         CARRY4 (Prop_carry4_CI_O[1])
                                                      0.334     1.216 r  u_ping_pong/wr_addr_final__0_carry__0/O[1]
                         net (fo=26, routed)          3.454     4.670    u_ping_pong/wr_addr_final[15]
    RAMB36_X0Y6          RAMB36E1                                     r  u_ping_pong/ram_reg_2_3/ADDRARDADDR[15]
  -------------------------------------------------------------------    -------------------

                         (clock clk_out2_clk_wiz_0 rise edge)
                                                     10.000    10.000 r  
    W5                                                0.000    10.000 r  clk_100mhz (IN)
                         net (fo=0)                   0.000    10.000    clk_gen/inst/clk_in1
    W5                   IBUF (Prop_ibuf_I_O)         1.388    11.388 r  clk_gen/inst/clkin1_ibufg/O
                         net (fo=1, routed)           1.162    12.550    clk_gen/inst/clk_in1_clk_wiz_0
    MMCME2_ADV_X1Y0      MMCME2_ADV (Prop_mmcme2_adv_CLKIN1_CLKOUT1)
                                                     -7.217     5.332 r  clk_gen/inst/mmcm_adv_inst/CLKOUT1
                         net (fo=1, routed)           1.581     6.914    clk_gen/inst/clk_out2_clk_wiz_0
    BUFGCTRL_X0Y0        BUFG (Prop_bufg_I_O)         0.091     7.005 r  clk_gen/inst/clkout2_buf/O
                         net (fo=137, routed)         1.486     8.490    u_ping_pong/clk_out2
    RAMB36_X0Y6          RAMB36E1                                     r  u_ping_pong/ram_reg_2_3/CLKARDCLK
                         clock pessimism              0.492     8.982    
                         clock uncertainty           -0.077     8.905    
    RAMB36_X0Y6          RAMB36E1 (Setup_ramb36e1_CLKARDCLK_ADDRARDADDR[15])
                                                     -0.694     8.211    u_ping_pong/ram_reg_2_3
  -------------------------------------------------------------------
                         required time                          8.211    
                         arrival time                          -4.670    
  -------------------------------------------------------------------
                         slack                                  3.540    

Slack (MET) :             3.601ns  (required time - arrival time)
  Source:                 u_ping_pong/wr_ptr_reg[14]/C
                            (rising edge-triggered cell FDRE clocked by clk_out2_clk_wiz_0_1  {rise@0.000ns fall@5.000ns period=10.000ns})
  Destination:            u_ping_pong/ram_reg_3_7/ENARDEN
                            (rising edge-triggered cell RAMB36E1 clocked by clk_out2_clk_wiz_0  {rise@0.000ns fall@5.000ns period=10.000ns})
  Path Group:             clk_out2_clk_wiz_0
  Path Type:              Setup (Max at Slow Process Corner)
  Requirement:            10.000ns  (clk_out2_clk_wiz_0 rise@10.000ns - clk_out2_clk_wiz_0_1 rise@0.000ns)
  Data Path Delay:        5.789ns  (logic 1.788ns (30.888%)  route 4.001ns (69.112%))
  Logic Levels:           4  (CARRY4=1 LUT3=2 LUT5=1)
  Clock Path Skew:        -0.090ns (DCD - SCD + CPR)
    Destination Clock Delay (DCD):    -1.513ns = ( 8.487 - 10.000 ) 
    Source Clock Delay      (SCD):    -0.940ns
    Clock Pessimism Removal (CPR):    0.484ns
  Clock Uncertainty:      0.077ns  ((TSJ^2 + DJ^2)^1/2) / 2 + PE
    Total System Jitter     (TSJ):    0.071ns
    Discrete Jitter          (DJ):    0.138ns
    Phase Error              (PE):    0.000ns
  Clock Domain Crossing:  Inter clock paths are considered valid unless explicitly excluded by timing constraints such as set_clock_groups or set_false_path.

    Location             Delay type                Incr(ns)  Path(ns)    Netlist Resource(s)
  -------------------------------------------------------------------    -------------------
                         (clock clk_out2_clk_wiz_0_1 rise edge)
                                                      0.000     0.000 r  
    W5                                                0.000     0.000 r  clk_100mhz (IN)
                         net (fo=0)                   0.000     0.000    clk_gen/inst/clk_in1
    W5                   IBUF (Prop_ibuf_I_O)         1.458     1.458 r  clk_gen/inst/clkin1_ibufg/O
                         net (fo=1, routed)           1.233     2.691    clk_gen/inst/clk_in1_clk_wiz_0
    MMCME2_ADV_X1Y0      MMCME2_ADV (Prop_mmcme2_adv_CLKIN1_CLKOUT1)
                                                     -6.961    -4.269 r  clk_gen/inst/mmcm_adv_inst/CLKOUT1
                         net (fo=1, routed)           1.661    -2.608    clk_gen/inst/clk_out2_clk_wiz_0
    BUFGCTRL_X0Y0        BUFG (Prop_bufg_I_O)         0.096    -2.512 r  clk_gen/inst/clkout2_buf/O
                         net (fo=137, routed)         1.572    -0.940    u_ping_pong/clk_out2
    SLICE_X51Y47         FDRE                                         r  u_ping_pong/wr_ptr_reg[14]/C
  -------------------------------------------------------------------    -------------------
    SLICE_X51Y47         FDRE (Prop_fdre_C_Q)         0.419    -0.521 r  u_ping_pong/wr_ptr_reg[14]/Q
                         net (fo=5, routed)           0.837     0.316    u_ping_pong/wr_ptr[14]
    SLICE_X51Y45         LUT3 (Prop_lut3_I1_O)        0.299     0.615 r  u_ping_pong/wr_addr_final__0_carry__0_i_4/O
                         net (fo=25, routed)          0.000     0.615    u_ping_pong/wr_addr_final__0_carry__0_i_4_n_0
    SLICE_X51Y45         CARRY4 (Prop_carry4_S[1]_O[3])
                                                      0.640     1.255 f  u_ping_pong/wr_addr_final__0_carry__0/O[3]
                         net (fo=14, routed)          1.453     2.709    u_ping_pong/wr_addr_final[17]
    SLICE_X32Y43         LUT3 (Prop_lut3_I1_O)        0.306     3.015 r  u_ping_pong/ram_reg_2_2_i_1/O
                         net (fo=12, routed)          0.934     3.948    u_ping_pong/ram_reg_2_2_i_1_n_0
    SLICE_X44Y53         LUT5 (Prop_lut5_I4_O)        0.124     4.072 r  u_ping_pong/ram_reg_3_7_ENARDEN_cooolgate_en_gate_23/O
                         net (fo=1, routed)           0.777     4.849    u_ping_pong/ram_reg_3_7_ENARDEN_cooolgate_en_sig_12
    RAMB36_X1Y11         RAMB36E1                                     r  u_ping_pong/ram_reg_3_7/ENARDEN
  -------------------------------------------------------------------    -------------------

                         (clock clk_out2_clk_wiz_0 rise edge)
                                                     10.000    10.000 r  
    W5                                                0.000    10.000 r  clk_100mhz (IN)
                         net (fo=0)                   0.000    10.000    clk_gen/inst/clk_in1
    W5                   IBUF (Prop_ibuf_I_O)         1.388    11.388 r  clk_gen/inst/clkin1_ibufg/O
                         net (fo=1, routed)           1.162    12.550    clk_gen/inst/clk_in1_clk_wiz_0
    MMCME2_ADV_X1Y0      MMCME2_ADV (Prop_mmcme2_adv_CLKIN1_CLKOUT1)
                                                     -7.217     5.332 r  clk_gen/inst/mmcm_adv_inst/CLKOUT1
                         net (fo=1, routed)           1.581     6.914    clk_gen/inst/clk_out2_clk_wiz_0
    BUFGCTRL_X0Y0        BUFG (Prop_bufg_I_O)         0.091     7.005 r  clk_gen/inst/clkout2_buf/O
                         net (fo=137, routed)         1.482     8.487    u_ping_pong/clk_out2
    RAMB36_X1Y11         RAMB36E1                                     r  u_ping_pong/ram_reg_3_7/CLKARDCLK
                         clock pessimism              0.484     8.970    
                         clock uncertainty           -0.077     8.893    
    RAMB36_X1Y11         RAMB36E1 (Setup_ramb36e1_CLKARDCLK_ENARDEN)
                                                     -0.443     8.450    u_ping_pong/ram_reg_3_7
  -------------------------------------------------------------------
                         required time                          8.450    
                         arrival time                          -4.849    
  -------------------------------------------------------------------
                         slack                                  3.601    

Slack (MET) :             3.708ns  (required time - arrival time)
  Source:                 u_ping_pong/wr_ptr_reg[12]/C
                            (rising edge-triggered cell FDRE clocked by clk_out2_clk_wiz_0_1  {rise@0.000ns fall@5.000ns period=10.000ns})
  Destination:            u_ping_pong/ram_reg_2_3/ADDRARDADDR[14]
                            (rising edge-triggered cell RAMB36E1 clocked by clk_out2_clk_wiz_0  {rise@0.000ns fall@5.000ns period=10.000ns})
  Path Group:             clk_out2_clk_wiz_0
  Path Type:              Setup (Max at Slow Process Corner)
  Requirement:            10.000ns  (clk_out2_clk_wiz_0 rise@10.000ns - clk_out2_clk_wiz_0_1 rise@0.000ns)
  Data Path Delay:        5.395ns  (logic 1.203ns (22.298%)  route 4.192ns (77.702%))
  Logic Levels:           3  (CARRY4=2 LUT3=1)
  Clock Path Skew:        -0.079ns (DCD - SCD + CPR)
    Destination Clock Delay (DCD):    -1.510ns = ( 8.490 - 10.000 ) 
    Source Clock Delay      (SCD):    -0.940ns
    Clock Pessimism Removal (CPR):    0.492ns
  Clock Uncertainty:      0.077ns  ((TSJ^2 + DJ^2)^1/2) / 2 + PE
    Total System Jitter     (TSJ):    0.071ns
    Discrete Jitter          (DJ):    0.138ns
    Phase Error              (PE):    0.000ns
  Clock Domain Crossing:  Inter clock paths are considered valid unless explicitly excluded by timing constraints such as set_clock_groups or set_false_path.

    Location             Delay type                Incr(ns)  Path(ns)    Netlist Resource(s)
  -------------------------------------------------------------------    -------------------
                         (clock clk_out2_clk_wiz_0_1 rise edge)
                                                      0.000     0.000 r  
    W5                                                0.000     0.000 r  clk_100mhz (IN)
                         net (fo=0)                   0.000     0.000    clk_gen/inst/clk_in1
    W5                   IBUF (Prop_ibuf_I_O)         1.458     1.458 r  clk_gen/inst/clkin1_ibufg/O
                         net (fo=1, routed)           1.233     2.691    clk_gen/inst/clk_in1_clk_wiz_0
    MMCME2_ADV_X1Y0      MMCME2_ADV (Prop_mmcme2_adv_CLKIN1_CLKOUT1)
                                                     -6.961    -4.269 r  clk_gen/inst/mmcm_adv_inst/CLKOUT1
                         net (fo=1, routed)           1.661    -2.608    clk_gen/inst/clk_out2_clk_wiz_0
    BUFGCTRL_X0Y0        BUFG (Prop_bufg_I_O)         0.096    -2.512 r  clk_gen/inst/clkout2_buf/O
                         net (fo=137, routed)         1.572    -0.940    u_ping_pong/clk_out2
    SLICE_X51Y47         FDRE                                         r  u_ping_pong/wr_ptr_reg[12]/C
  -------------------------------------------------------------------    -------------------
    SLICE_X51Y47         FDRE (Prop_fdre_C_Q)         0.456    -0.484 r  u_ping_pong/wr_ptr_reg[12]/Q
                         net (fo=5, routed)           0.841     0.357    u_ping_pong/wr_ptr[12]
    SLICE_X51Y44         LUT3 (Prop_lut3_I1_O)        0.124     0.481 r  u_ping_pong/wr_addr_final__0_carry_i_3/O
                         net (fo=1, routed)           0.000     0.481    u_ping_pong/wr_addr_final__0_carry_i_3_n_0
    SLICE_X51Y44         CARRY4 (Prop_carry4_S[3]_CO[3])
                                                      0.401     0.882 r  u_ping_pong/wr_addr_final__0_carry/CO[3]
                         net (fo=1, routed)           0.000     0.882    u_ping_pong/wr_addr_final__0_carry_n_0
    SLICE_X51Y45         CARRY4 (Prop_carry4_CI_O[0])
                                                      0.222     1.104 r  u_ping_pong/wr_addr_final__0_carry__0/O[0]
                         net (fo=30, routed)          3.351     4.455    u_ping_pong/wr_addr_final[14]
    RAMB36_X0Y6          RAMB36E1                                     r  u_ping_pong/ram_reg_2_3/ADDRARDADDR[14]
  -------------------------------------------------------------------    -------------------

                         (clock clk_out2_clk_wiz_0 rise edge)
                                                     10.000    10.000 r  
    W5                                                0.000    10.000 r  clk_100mhz (IN)
                         net (fo=0)                   0.000    10.000    clk_gen/inst/clk_in1
    W5                   IBUF (Prop_ibuf_I_O)         1.388    11.388 r  clk_gen/inst/clkin1_ibufg/O
                         net (fo=1, routed)           1.162    12.550    clk_gen/inst/clk_in1_clk_wiz_0
    MMCME2_ADV_X1Y0      MMCME2_ADV (Prop_mmcme2_adv_CLKIN1_CLKOUT1)
                                                     -7.217     5.332 r  clk_gen/inst/mmcm_adv_inst/CLKOUT1
                         net (fo=1, routed)           1.581     6.914    clk_gen/inst/clk_out2_clk_wiz_0
    BUFGCTRL_X0Y0        BUFG (Prop_bufg_I_O)         0.091     7.005 r  clk_gen/inst/clkout2_buf/O
                         net (fo=137, routed)         1.486     8.490    u_ping_pong/clk_out2
    RAMB36_X0Y6          RAMB36E1                                     r  u_ping_pong/ram_reg_2_3/CLKARDCLK
                         clock pessimism              0.492     8.982    
                         clock uncertainty           -0.077     8.905    
    RAMB36_X0Y6          RAMB36E1 (Setup_ramb36e1_CLKARDCLK_ADDRARDADDR[14])
                                                     -0.741     8.164    u_ping_pong/ram_reg_2_3
  -------------------------------------------------------------------
                         required time                          8.164    
                         arrival time                          -4.455    
  -------------------------------------------------------------------
                         slack                                  3.708    

Slack (MET) :             3.719ns  (required time - arrival time)
  Source:                 u_ping_pong/wr_ptr_reg[14]/C
                            (rising edge-triggered cell FDRE clocked by clk_out2_clk_wiz_0_1  {rise@0.000ns fall@5.000ns period=10.000ns})
  Destination:            u_ping_pong/ram_reg_2_7/ENARDEN
                            (rising edge-triggered cell RAMB36E1 clocked by clk_out2_clk_wiz_0  {rise@0.000ns fall@5.000ns period=10.000ns})
  Path Group:             clk_out2_clk_wiz_0
  Path Type:              Setup (Max at Slow Process Corner)
  Requirement:            10.000ns  (clk_out2_clk_wiz_0 rise@10.000ns - clk_out2_clk_wiz_0_1 rise@0.000ns)
  Data Path Delay:        5.671ns  (logic 1.788ns (31.529%)  route 3.883ns (68.471%))
  Logic Levels:           4  (CARRY4=1 LUT3=2 LUT5=1)
  Clock Path Skew:        -0.089ns (DCD - SCD + CPR)
    Destination Clock Delay (DCD):    -1.512ns = ( 8.488 - 10.000 ) 
    Source Clock Delay      (SCD):    -0.940ns
    Clock Pessimism Removal (CPR):    0.484ns
  Clock Uncertainty:      0.077ns  ((TSJ^2 + DJ^2)^1/2) / 2 + PE
    Total System Jitter     (TSJ):    0.071ns
    Discrete Jitter          (DJ):    0.138ns
    Phase Error              (PE):    0.000ns
  Clock Domain Crossing:  Inter clock paths are considered valid unless explicitly excluded by timing constraints such as set_clock_groups or set_false_path.

    Location             Delay type                Incr(ns)  Path(ns)    Netlist Resource(s)
  -------------------------------------------------------------------    -------------------
                         (clock clk_out2_clk_wiz_0_1 rise edge)
                                                      0.000     0.000 r  
    W5                                                0.000     0.000 r  clk_100mhz (IN)
                         net (fo=0)                   0.000     0.000    clk_gen/inst/clk_in1
    W5                   IBUF (Prop_ibuf_I_O)         1.458     1.458 r  clk_gen/inst/clkin1_ibufg/O
                         net (fo=1, routed)           1.233     2.691    clk_gen/inst/clk_in1_clk_wiz_0
    MMCME2_ADV_X1Y0      MMCME2_ADV (Prop_mmcme2_adv_CLKIN1_CLKOUT1)
                                                     -6.961    -4.269 r  clk_gen/inst/mmcm_adv_inst/CLKOUT1
                         net (fo=1, routed)           1.661    -2.608    clk_gen/inst/clk_out2_clk_wiz_0
    BUFGCTRL_X0Y0        BUFG (Prop_bufg_I_O)         0.096    -2.512 r  clk_gen/inst/clkout2_buf/O
                         net (fo=137, routed)         1.572    -0.940    u_ping_pong/clk_out2
    SLICE_X51Y47         FDRE                                         r  u_ping_pong/wr_ptr_reg[14]/C
  -------------------------------------------------------------------    -------------------
    SLICE_X51Y47         FDRE (Prop_fdre_C_Q)         0.419    -0.521 r  u_ping_pong/wr_ptr_reg[14]/Q
                         net (fo=5, routed)           0.837     0.316    u_ping_pong/wr_ptr[14]
    SLICE_X51Y45         LUT3 (Prop_lut3_I1_O)        0.299     0.615 r  u_ping_pong/wr_addr_final__0_carry__0_i_4/O
                         net (fo=25, routed)          0.000     0.615    u_ping_pong/wr_addr_final__0_carry__0_i_4_n_0
    SLICE_X51Y45         CARRY4 (Prop_carry4_S[1]_O[3])
                                                      0.640     1.255 f  u_ping_pong/wr_addr_final__0_carry__0/O[3]
                         net (fo=14, routed)          1.453     2.709    u_ping_pong/wr_addr_final[17]
    SLICE_X32Y43         LUT3 (Prop_lut3_I1_O)        0.306     3.015 r  u_ping_pong/ram_reg_2_2_i_1/O
                         net (fo=12, routed)          1.021     4.036    u_ping_pong/ram_reg_2_2_i_1_n_0
    SLICE_X44Y52         LUT5 (Prop_lut5_I4_O)        0.124     4.160 r  u_ping_pong/ram_reg_2_7_ENARDEN_cooolgate_en_gate_47/O
                         net (fo=1, routed)           0.572     4.731    u_ping_pong/ram_reg_2_7_ENARDEN_cooolgate_en_sig_24
    RAMB36_X1Y10         RAMB36E1                                     r  u_ping_pong/ram_reg_2_7/ENARDEN
  -------------------------------------------------------------------    -------------------

                         (clock clk_out2_clk_wiz_0 rise edge)
                                                     10.000    10.000 r  
    W5                                                0.000    10.000 r  clk_100mhz (IN)
                         net (fo=0)                   0.000    10.000    clk_gen/inst/clk_in1
    W5                   IBUF (Prop_ibuf_I_O)         1.388    11.388 r  clk_gen/inst/clkin1_ibufg/O
                         net (fo=1, routed)           1.162    12.550    clk_gen/inst/clk_in1_clk_wiz_0
    MMCME2_ADV_X1Y0      MMCME2_ADV (Prop_mmcme2_adv_CLKIN1_CLKOUT1)
                                                     -7.217     5.332 r  clk_gen/inst/mmcm_adv_inst/CLKOUT1
                         net (fo=1, routed)           1.581     6.914    clk_gen/inst/clk_out2_clk_wiz_0
    BUFGCTRL_X0Y0        BUFG (Prop_bufg_I_O)         0.091     7.005 r  clk_gen/inst/clkout2_buf/O
                         net (fo=137, routed)         1.483     8.488    u_ping_pong/clk_out2
    RAMB36_X1Y10         RAMB36E1                                     r  u_ping_pong/ram_reg_2_7/CLKARDCLK
                         clock pessimism              0.484     8.971    
                         clock uncertainty           -0.077     8.894    
    RAMB36_X1Y10         RAMB36E1 (Setup_ramb36e1_CLKARDCLK_ENARDEN)
                                                     -0.443     8.451    u_ping_pong/ram_reg_2_7
  -------------------------------------------------------------------
                         required time                          8.451    
                         arrival time                          -4.731    
  -------------------------------------------------------------------
                         slack                                  3.719    

Slack (MET) :             3.783ns  (required time - arrival time)
  Source:                 u_ping_pong/wr_ptr_reg[14]/C
                            (rising edge-triggered cell FDRE clocked by clk_out2_clk_wiz_0_1  {rise@0.000ns fall@5.000ns period=10.000ns})
  Destination:            u_ping_pong/ram_reg_3_3/ENARDEN
                            (rising edge-triggered cell RAMB36E1 clocked by clk_out2_clk_wiz_0  {rise@0.000ns fall@5.000ns period=10.000ns})
  Path Group:             clk_out2_clk_wiz_0
  Path Type:              Setup (Max at Slow Process Corner)
  Requirement:            10.000ns  (clk_out2_clk_wiz_0 rise@10.000ns - clk_out2_clk_wiz_0_1 rise@0.000ns)
  Data Path Delay:        5.622ns  (logic 1.788ns (31.804%)  route 3.834ns (68.196%))
  Logic Levels:           4  (CARRY4=1 LUT3=2 LUT5=1)
  Clock Path Skew:        -0.075ns (DCD - SCD + CPR)
    Destination Clock Delay (DCD):    -1.506ns = ( 8.494 - 10.000 ) 
    Source Clock Delay      (SCD):    -0.940ns
    Clock Pessimism Removal (CPR):    0.492ns
  Clock Uncertainty:      0.077ns  ((TSJ^2 + DJ^2)^1/2) / 2 + PE
    Total System Jitter     (TSJ):    0.071ns
    Discrete Jitter          (DJ):    0.138ns
    Phase Error              (PE):    0.000ns
  Clock Domain Crossing:  Inter clock paths are considered valid unless explicitly excluded by timing constraints such as set_clock_groups or set_false_path.

    Location             Delay type                Incr(ns)  Path(ns)    Netlist Resource(s)
  -------------------------------------------------------------------    -------------------
                         (clock clk_out2_clk_wiz_0_1 rise edge)
                                                      0.000     0.000 r  
    W5                                                0.000     0.000 r  clk_100mhz (IN)
                         net (fo=0)                   0.000     0.000    clk_gen/inst/clk_in1
    W5                   IBUF (Prop_ibuf_I_O)         1.458     1.458 r  clk_gen/inst/clkin1_ibufg/O
                         net (fo=1, routed)           1.233     2.691    clk_gen/inst/clk_in1_clk_wiz_0
    MMCME2_ADV_X1Y0      MMCME2_ADV (Prop_mmcme2_adv_CLKIN1_CLKOUT1)
                                                     -6.961    -4.269 r  clk_gen/inst/mmcm_adv_inst/CLKOUT1
                         net (fo=1, routed)           1.661    -2.608    clk_gen/inst/clk_out2_clk_wiz_0
    BUFGCTRL_X0Y0        BUFG (Prop_bufg_I_O)         0.096    -2.512 r  clk_gen/inst/clkout2_buf/O
                         net (fo=137, routed)         1.572    -0.940    u_ping_pong/clk_out2
    SLICE_X51Y47         FDRE                                         r  u_ping_pong/wr_ptr_reg[14]/C
  -------------------------------------------------------------------    -------------------
    SLICE_X51Y47         FDRE (Prop_fdre_C_Q)         0.419    -0.521 r  u_ping_pong/wr_ptr_reg[14]/Q
                         net (fo=5, routed)           0.837     0.316    u_ping_pong/wr_ptr[14]
    SLICE_X51Y45         LUT3 (Prop_lut3_I1_O)        0.299     0.615 r  u_ping_pong/wr_addr_final__0_carry__0_i_4/O
                         net (fo=25, routed)          0.000     0.615    u_ping_pong/wr_addr_final__0_carry__0_i_4_n_0
    SLICE_X51Y45         CARRY4 (Prop_carry4_S[1]_O[3])
                                                      0.640     1.255 f  u_ping_pong/wr_addr_final__0_carry__0/O[3]
                         net (fo=14, routed)          1.453     2.709    u_ping_pong/wr_addr_final[17]
    SLICE_X32Y43         LUT3 (Prop_lut3_I1_O)        0.306     3.015 r  u_ping_pong/ram_reg_2_2_i_1/O
                         net (fo=12, routed)          0.992     4.007    u_ping_pong/ram_reg_2_2_i_1_n_0
    SLICE_X14Y38         LUT5 (Prop_lut5_I4_O)        0.124     4.131 r  u_ping_pong/ram_reg_3_3_ENARDEN_cooolgate_en_gate_15/O
                         net (fo=1, routed)           0.552     4.682    u_ping_pong/ram_reg_3_3_ENARDEN_cooolgate_en_sig_8
    RAMB36_X0Y7          RAMB36E1                                     r  u_ping_pong/ram_reg_3_3/ENARDEN
  -------------------------------------------------------------------    -------------------

                         (clock clk_out2_clk_wiz_0 rise edge)
                                                     10.000    10.000 r  
    W5                                                0.000    10.000 r  clk_100mhz (IN)
                         net (fo=0)                   0.000    10.000    clk_gen/inst/clk_in1
    W5                   IBUF (Prop_ibuf_I_O)         1.388    11.388 r  clk_gen/inst/clkin1_ibufg/O
                         net (fo=1, routed)           1.162    12.550    clk_gen/inst/clk_in1_clk_wiz_0
    MMCME2_ADV_X1Y0      MMCME2_ADV (Prop_mmcme2_adv_CLKIN1_CLKOUT1)
                                                     -7.217     5.332 r  clk_gen/inst/mmcm_adv_inst/CLKOUT1
                         net (fo=1, routed)           1.581     6.914    clk_gen/inst/clk_out2_clk_wiz_0
    BUFGCTRL_X0Y0        BUFG (Prop_bufg_I_O)         0.091     7.005 r  clk_gen/inst/clkout2_buf/O
                         net (fo=137, routed)         1.490     8.494    u_ping_pong/clk_out2
    RAMB36_X0Y7          RAMB36E1                                     r  u_ping_pong/ram_reg_3_3/CLKARDCLK
                         clock pessimism              0.492     8.986    
                         clock uncertainty           -0.077     8.909    
    RAMB36_X0Y7          RAMB36E1 (Setup_ramb36e1_CLKARDCLK_ENARDEN)
                                                     -0.443     8.466    u_ping_pong/ram_reg_3_3
  -------------------------------------------------------------------
                         required time                          8.466    
                         arrival time                          -4.682    
  -------------------------------------------------------------------
                         slack                                  3.783    





Min Delay Paths
--------------------------------------------------------------------------------------
Slack (MET) :             0.095ns  (arrival time - required time)
  Source:                 u_ping_pong/wr_ptr_reg[1]/C
                            (rising edge-triggered cell FDRE clocked by clk_out2_clk_wiz_0_1  {rise@0.000ns fall@5.000ns period=10.000ns})
  Destination:            u_ping_pong/ram_reg_3_6/ADDRARDADDR[1]
                            (rising edge-triggered cell RAMB36E1 clocked by clk_out2_clk_wiz_0  {rise@0.000ns fall@5.000ns period=10.000ns})
  Path Group:             clk_out2_clk_wiz_0
  Path Type:              Hold (Min at Fast Process Corner)
  Requirement:            0.000ns  (clk_out2_clk_wiz_0 rise@0.000ns - clk_out2_clk_wiz_0_1 rise@0.000ns)
  Data Path Delay:        0.435ns  (logic 0.164ns (37.735%)  route 0.271ns (62.265%))
  Logic Levels:           0  
  Clock Path Skew:        0.079ns (DCD - SCD - CPR)
    Destination Clock Delay (DCD):    -0.810ns
    Source Clock Delay      (SCD):    -0.615ns
    Clock Pessimism Removal (CPR):    -0.274ns
  Clock Uncertainty:      0.077ns  ((TSJ^2 + DJ^2)^1/2) / 2 + PE
    Total System Jitter     (TSJ):    0.071ns
    Discrete Jitter          (DJ):    0.138ns
    Phase Error              (PE):    0.000ns
  Clock Domain Crossing:  Inter clock paths are considered valid unless explicitly excluded by timing constraints such as set_clock_groups or set_false_path.

    Location             Delay type                Incr(ns)  Path(ns)    Netlist Resource(s)
  -------------------------------------------------------------------    -------------------
                         (clock clk_out2_clk_wiz_0_1 rise edge)
                                                      0.000     0.000 r  
    W5                                                0.000     0.000 r  clk_100mhz (IN)
                         net (fo=0)                   0.000     0.000    clk_gen/inst/clk_in1
    W5                   IBUF (Prop_ibuf_I_O)         0.226     0.226 r  clk_gen/inst/clkin1_ibufg/O
                         net (fo=1, routed)           0.440     0.667    clk_gen/inst/clk_in1_clk_wiz_0
    MMCME2_ADV_X1Y0      MMCME2_ADV (Prop_mmcme2_adv_CLKIN1_CLKOUT1)
                                                     -2.360    -1.693 r  clk_gen/inst/mmcm_adv_inst/CLKOUT1
                         net (fo=1, routed)           0.486    -1.207    clk_gen/inst/clk_out2_clk_wiz_0
    BUFGCTRL_X0Y0        BUFG (Prop_bufg_I_O)         0.026    -1.181 r  clk_gen/inst/clkout2_buf/O
                         net (fo=137, routed)         0.566    -0.615    u_ping_pong/clk_out2
    SLICE_X52Y46         FDRE                                         r  u_ping_pong/wr_ptr_reg[1]/C
  -------------------------------------------------------------------    -------------------
    SLICE_X52Y46         FDRE (Prop_fdre_C_Q)         0.164    -0.451 r  u_ping_pong/wr_ptr_reg[1]/Q
                         net (fo=32, routed)          0.271    -0.181    u_ping_pong/wr_ptr[1]
    RAMB36_X1Y9          RAMB36E1                                     r  u_ping_pong/ram_reg_3_6/ADDRARDADDR[1]
  -------------------------------------------------------------------    -------------------

                         (clock clk_out2_clk_wiz_0 rise edge)
                                                      0.000     0.000 r  
    W5                                                0.000     0.000 r  clk_100mhz (IN)
                         net (fo=0)                   0.000     0.000    clk_gen/inst/clk_in1
    W5                   IBUF (Prop_ibuf_I_O)         0.414     0.414 r  clk_gen/inst/clkin1_ibufg/O
                         net (fo=1, routed)           0.480     0.894    clk_gen/inst/clk_in1_clk_wiz_0
    MMCME2_ADV_X1Y0      MMCME2_ADV (Prop_mmcme2_adv_CLKIN1_CLKOUT1)
                                                     -3.142    -2.248 r  clk_gen/inst/mmcm_adv_inst/CLKOUT1
                         net (fo=1, routed)           0.530    -1.718    clk_gen/inst/clk_out2_clk_wiz_0
    BUFGCTRL_X0Y0        BUFG (Prop_bufg_I_O)         0.029    -1.689 r  clk_gen/inst/clkout2_buf/O
                         net (fo=137, routed)         0.879    -0.810    u_ping_pong/clk_out2
    RAMB36_X1Y9          RAMB36E1                                     r  u_ping_pong/ram_reg_3_6/CLKARDCLK
                         clock pessimism              0.274    -0.536    
                         clock uncertainty            0.077    -0.459    
    RAMB36_X1Y9          RAMB36E1 (Hold_ramb36e1_CLKARDCLK_ADDRARDADDR[1])
                                                      0.183    -0.276    u_ping_pong/ram_reg_3_6
  -------------------------------------------------------------------
                         required time                          0.276    
                         arrival time                          -0.181    
  -------------------------------------------------------------------
                         slack                                  0.095    

Slack (MET) :             0.102ns  (arrival time - required time)
  Source:                 u_ping_pong/wr_ptr_reg[2]/C
                            (rising edge-triggered cell FDRE clocked by clk_out2_clk_wiz_0_1  {rise@0.000ns fall@5.000ns period=10.000ns})
  Destination:            u_ping_pong/ram_reg_0_6/ADDRARDADDR[2]
                            (rising edge-triggered cell RAMB36E1 clocked by clk_out2_clk_wiz_0  {rise@0.000ns fall@5.000ns period=10.000ns})
  Path Group:             clk_out2_clk_wiz_0
  Path Type:              Hold (Min at Fast Process Corner)
  Requirement:            0.000ns  (clk_out2_clk_wiz_0 rise@0.000ns - clk_out2_clk_wiz_0_1 rise@0.000ns)
  Data Path Delay:        0.442ns  (logic 0.164ns (37.071%)  route 0.278ns (62.929%))
  Logic Levels:           0  
  Clock Path Skew:        0.080ns (DCD - SCD - CPR)
    Destination Clock Delay (DCD):    -0.809ns
    Source Clock Delay      (SCD):    -0.615ns
    Clock Pessimism Removal (CPR):    -0.274ns
  Clock Uncertainty:      0.077ns  ((TSJ^2 + DJ^2)^1/2) / 2 + PE
    Total System Jitter     (TSJ):    0.071ns
    Discrete Jitter          (DJ):    0.138ns
    Phase Error              (PE):    0.000ns
  Clock Domain Crossing:  Inter clock paths are considered valid unless explicitly excluded by timing constraints such as set_clock_groups or set_false_path.

    Location             Delay type                Incr(ns)  Path(ns)    Netlist Resource(s)
  -------------------------------------------------------------------    -------------------
                         (clock clk_out2_clk_wiz_0_1 rise edge)
                                                      0.000     0.000 r  
    W5                                                0.000     0.000 r  clk_100mhz (IN)
                         net (fo=0)                   0.000     0.000    clk_gen/inst/clk_in1
    W5                   IBUF (Prop_ibuf_I_O)         0.226     0.226 r  clk_gen/inst/clkin1_ibufg/O
                         net (fo=1, routed)           0.440     0.667    clk_gen/inst/clk_in1_clk_wiz_0
    MMCME2_ADV_X1Y0      MMCME2_ADV (Prop_mmcme2_adv_CLKIN1_CLKOUT1)
                                                     -2.360    -1.693 r  clk_gen/inst/mmcm_adv_inst/CLKOUT1
                         net (fo=1, routed)           0.486    -1.207    clk_gen/inst/clk_out2_clk_wiz_0
    BUFGCTRL_X0Y0        BUFG (Prop_bufg_I_O)         0.026    -1.181 r  clk_gen/inst/clkout2_buf/O
                         net (fo=137, routed)         0.566    -0.615    u_ping_pong/clk_out2
    SLICE_X52Y45         FDRE                                         r  u_ping_pong/wr_ptr_reg[2]/C
  -------------------------------------------------------------------    -------------------
    SLICE_X52Y45         FDRE (Prop_fdre_C_Q)         0.164    -0.451 r  u_ping_pong/wr_ptr_reg[2]/Q
                         net (fo=32, routed)          0.278    -0.173    u_ping_pong/wr_ptr[2]
    RAMB36_X2Y9          RAMB36E1                                     r  u_ping_pong/ram_reg_0_6/ADDRARDADDR[2]
  -------------------------------------------------------------------    -------------------

                         (clock clk_out2_clk_wiz_0 rise edge)
                                                      0.000     0.000 r  
    W5                                                0.000     0.000 r  clk_100mhz (IN)
                         net (fo=0)                   0.000     0.000    clk_gen/inst/clk_in1
    W5                   IBUF (Prop_ibuf_I_O)         0.414     0.414 r  clk_gen/inst/clkin1_ibufg/O
                         net (fo=1, routed)           0.480     0.894    clk_gen/inst/clk_in1_clk_wiz_0
    MMCME2_ADV_X1Y0      MMCME2_ADV (Prop_mmcme2_adv_CLKIN1_CLKOUT1)
                                                     -3.142    -2.248 r  clk_gen/inst/mmcm_adv_inst/CLKOUT1
                         net (fo=1, routed)           0.530    -1.718    clk_gen/inst/clk_out2_clk_wiz_0
    BUFGCTRL_X0Y0        BUFG (Prop_bufg_I_O)         0.029    -1.689 r  clk_gen/inst/clkout2_buf/O
                         net (fo=137, routed)         0.880    -0.809    u_ping_pong/clk_out2
    RAMB36_X2Y9          RAMB36E1                                     r  u_ping_pong/ram_reg_0_6/CLKARDCLK
                         clock pessimism              0.274    -0.535    
                         clock uncertainty            0.077    -0.458    
    RAMB36_X2Y9          RAMB36E1 (Hold_ramb36e1_CLKARDCLK_ADDRARDADDR[2])
                                                      0.183    -0.275    u_ping_pong/ram_reg_0_6
  -------------------------------------------------------------------
                         required time                          0.275    
                         arrival time                          -0.173    
  -------------------------------------------------------------------
                         slack                                  0.102    

Slack (MET) :             0.103ns  (arrival time - required time)
  Source:                 u_frame_sync/magic_buffer_reg[14]/C
                            (rising edge-triggered cell FDRE clocked by clk_out2_clk_wiz_0_1  {rise@0.000ns fall@5.000ns period=10.000ns})
  Destination:            u_frame_sync/magic_buffer_reg[22]/D
                            (rising edge-triggered cell FDRE clocked by clk_out2_clk_wiz_0  {rise@0.000ns fall@5.000ns period=10.000ns})
  Path Group:             clk_out2_clk_wiz_0
  Path Type:              Hold (Min at Fast Process Corner)
  Requirement:            0.000ns  (clk_out2_clk_wiz_0 rise@0.000ns - clk_out2_clk_wiz_0_1 rise@0.000ns)
  Data Path Delay:        0.263ns  (logic 0.141ns (53.584%)  route 0.122ns (46.416%))
  Logic Levels:           0  
  Clock Path Skew:        0.013ns (DCD - SCD - CPR)
    Destination Clock Delay (DCD):    -0.858ns
    Source Clock Delay      (SCD):    -0.619ns
    Clock Pessimism Removal (CPR):    -0.252ns
  Clock Uncertainty:      0.077ns  ((TSJ^2 + DJ^2)^1/2) / 2 + PE
    Total System Jitter     (TSJ):    0.071ns
    Discrete Jitter          (DJ):    0.138ns
    Phase Error              (PE):    0.000ns
  Clock Domain Crossing:  Inter clock paths are considered valid unless explicitly excluded by timing constraints such as set_clock_groups or set_false_path.

    Location             Delay type                Incr(ns)  Path(ns)    Netlist Resource(s)
  -------------------------------------------------------------------    -------------------
                         (clock clk_out2_clk_wiz_0_1 rise edge)
                                                      0.000     0.000 r  
    W5                                                0.000     0.000 r  clk_100mhz (IN)
                         net (fo=0)                   0.000     0.000    clk_gen/inst/clk_in1
    W5                   IBUF (Prop_ibuf_I_O)         0.226     0.226 r  clk_gen/inst/clkin1_ibufg/O
                         net (fo=1, routed)           0.440     0.667    clk_gen/inst/clk_in1_clk_wiz_0
    MMCME2_ADV_X1Y0      MMCME2_ADV (Prop_mmcme2_adv_CLKIN1_CLKOUT1)
                                                     -2.360    -1.693 r  clk_gen/inst/mmcm_adv_inst/CLKOUT1
                         net (fo=1, routed)           0.486    -1.207    clk_gen/inst/clk_out2_clk_wiz_0
    BUFGCTRL_X0Y0        BUFG (Prop_bufg_I_O)         0.026    -1.181 r  clk_gen/inst/clkout2_buf/O
                         net (fo=137, routed)         0.562    -0.619    u_frame_sync/clk_out2
    SLICE_X41Y51         FDRE                                         r  u_frame_sync/magic_buffer_reg[14]/C
  -------------------------------------------------------------------    -------------------
    SLICE_X41Y51         FDRE (Prop_fdre_C_Q)         0.141    -0.478 r  u_frame_sync/magic_buffer_reg[14]/Q
                         net (fo=2, routed)           0.122    -0.356    u_frame_sync/sel0[22]
    SLICE_X40Y51         FDRE                                         r  u_frame_sync/magic_buffer_reg[22]/D
  -------------------------------------------------------------------    -------------------

                         (clock clk_out2_clk_wiz_0 rise edge)
                                                      0.000     0.000 r  
    W5                                                0.000     0.000 r  clk_100mhz (IN)
                         net (fo=0)                   0.000     0.000    clk_gen/inst/clk_in1
    W5                   IBUF (Prop_ibuf_I_O)         0.414     0.414 r  clk_gen/inst/clkin1_ibufg/O
                         net (fo=1, routed)           0.480     0.894    clk_gen/inst/clk_in1_clk_wiz_0
    MMCME2_ADV_X1Y0      MMCME2_ADV (Prop_mmcme2_adv_CLKIN1_CLKOUT1)
                                                     -3.142    -2.248 r  clk_gen/inst/mmcm_adv_inst/CLKOUT1
                         net (fo=1, routed)           0.530    -1.718    clk_gen/inst/clk_out2_clk_wiz_0
    BUFGCTRL_X0Y0        BUFG (Prop_bufg_I_O)         0.029    -1.689 r  clk_gen/inst/clkout2_buf/O
                         net (fo=137, routed)         0.832    -0.858    u_frame_sync/clk_out2
    SLICE_X40Y51         FDRE                                         r  u_frame_sync/magic_buffer_reg[22]/C
                         clock pessimism              0.252    -0.606    
                         clock uncertainty            0.077    -0.529    
    SLICE_X40Y51         FDRE (Hold_fdre_C_D)         0.070    -0.459    u_frame_sync/magic_buffer_reg[22]
  -------------------------------------------------------------------
                         required time                          0.459    
                         arrival time                          -0.356    
  -------------------------------------------------------------------
                         slack                                  0.103    

Slack (MET) :             0.103ns  (arrival time - required time)
  Source:                 u_uart_rx/rx_sync_stage1_reg/C
                            (rising edge-triggered cell FDRE clocked by clk_out2_clk_wiz_0_1  {rise@0.000ns fall@5.000ns period=10.000ns})
  Destination:            u_uart_rx/rx_sync_reg/D
                            (rising edge-triggered cell FDRE clocked by clk_out2_clk_wiz_0  {rise@0.000ns fall@5.000ns period=10.000ns})
  Path Group:             clk_out2_clk_wiz_0
  Path Type:              Hold (Min at Fast Process Corner)
  Requirement:            0.000ns  (clk_out2_clk_wiz_0 rise@0.000ns - clk_out2_clk_wiz_0_1 rise@0.000ns)
  Data Path Delay:        0.267ns  (logic 0.141ns (52.873%)  route 0.126ns (47.127%))
  Logic Levels:           0  
  Clock Path Skew:        0.016ns (DCD - SCD - CPR)
    Destination Clock Delay (DCD):    -0.859ns
    Source Clock Delay      (SCD):    -0.620ns
    Clock Pessimism Removal (CPR):    -0.255ns
  Clock Uncertainty:      0.077ns  ((TSJ^2 + DJ^2)^1/2) / 2 + PE
    Total System Jitter     (TSJ):    0.071ns
    Discrete Jitter          (DJ):    0.138ns
    Phase Error              (PE):    0.000ns
  Clock Domain Crossing:  Inter clock paths are considered valid unless explicitly excluded by timing constraints such as set_clock_groups or set_false_path.

    Location             Delay type                Incr(ns)  Path(ns)    Netlist Resource(s)
  -------------------------------------------------------------------    -------------------
                         (clock clk_out2_clk_wiz_0_1 rise edge)
                                                      0.000     0.000 r  
    W5                                                0.000     0.000 r  clk_100mhz (IN)
                         net (fo=0)                   0.000     0.000    clk_gen/inst/clk_in1
    W5                   IBUF (Prop_ibuf_I_O)         0.226     0.226 r  clk_gen/inst/clkin1_ibufg/O
                         net (fo=1, routed)           0.440     0.667    clk_gen/inst/clk_in1_clk_wiz_0
    MMCME2_ADV_X1Y0      MMCME2_ADV (Prop_mmcme2_adv_CLKIN1_CLKOUT1)
                                                     -2.360    -1.693 r  clk_gen/inst/mmcm_adv_inst/CLKOUT1
                         net (fo=1, routed)           0.486    -1.207    clk_gen/inst/clk_out2_clk_wiz_0
    BUFGCTRL_X0Y0        BUFG (Prop_bufg_I_O)         0.026    -1.181 r  clk_gen/inst/clkout2_buf/O
                         net (fo=137, routed)         0.561    -0.620    u_uart_rx/CLK
    SLICE_X28Y55         FDRE                                         r  u_uart_rx/rx_sync_stage1_reg/C
  -------------------------------------------------------------------    -------------------
    SLICE_X28Y55         FDRE (Prop_fdre_C_Q)         0.141    -0.479 r  u_uart_rx/rx_sync_stage1_reg/Q
                         net (fo=1, routed)           0.126    -0.354    u_uart_rx/rx_sync_stage1
    SLICE_X28Y53         FDRE                                         r  u_uart_rx/rx_sync_reg/D
  -------------------------------------------------------------------    -------------------

                         (clock clk_out2_clk_wiz_0 rise edge)
                                                      0.000     0.000 r  
    W5                                                0.000     0.000 r  clk_100mhz (IN)
                         net (fo=0)                   0.000     0.000    clk_gen/inst/clk_in1
    W5                   IBUF (Prop_ibuf_I_O)         0.414     0.414 r  clk_gen/inst/clkin1_ibufg/O
                         net (fo=1, routed)           0.480     0.894    clk_gen/inst/clk_in1_clk_wiz_0
    MMCME2_ADV_X1Y0      MMCME2_ADV (Prop_mmcme2_adv_CLKIN1_CLKOUT1)
                                                     -3.142    -2.248 r  clk_gen/inst/mmcm_adv_inst/CLKOUT1
                         net (fo=1, routed)           0.530    -1.718    clk_gen/inst/clk_out2_clk_wiz_0
    BUFGCTRL_X0Y0        BUFG (Prop_bufg_I_O)         0.029    -1.689 r  clk_gen/inst/clkout2_buf/O
                         net (fo=137, routed)         0.831    -0.859    u_uart_rx/CLK
    SLICE_X28Y53         FDRE                                         r  u_uart_rx/rx_sync_reg/C
                         clock pessimism              0.255    -0.604    
                         clock uncertainty            0.077    -0.527    
    SLICE_X28Y53         FDRE (Hold_fdre_C_D)         0.070    -0.457    u_uart_rx/rx_sync_reg
  -------------------------------------------------------------------
                         required time                          0.457    
                         arrival time                          -0.354    
  -------------------------------------------------------------------
                         slack                                  0.103    

Slack (MET) :             0.107ns  (arrival time - required time)
  Source:                 u_uart_rx/dout_reg[2]/C
                            (rising edge-triggered cell FDRE clocked by clk_out2_clk_wiz_0_1  {rise@0.000ns fall@5.000ns period=10.000ns})
  Destination:            u_frame_sync/magic_buffer_reg[2]/D
                            (rising edge-triggered cell FDRE clocked by clk_out2_clk_wiz_0  {rise@0.000ns fall@5.000ns period=10.000ns})
  Path Group:             clk_out2_clk_wiz_0
  Path Type:              Hold (Min at Fast Process Corner)
  Requirement:            0.000ns  (clk_out2_clk_wiz_0 rise@0.000ns - clk_out2_clk_wiz_0_1 rise@0.000ns)
  Data Path Delay:        0.291ns  (logic 0.164ns (56.321%)  route 0.127ns (43.679%))
  Logic Levels:           0  
  Clock Path Skew:        0.036ns (DCD - SCD - CPR)
    Destination Clock Delay (DCD):    -0.858ns
    Source Clock Delay      (SCD):    -0.619ns
    Clock Pessimism Removal (CPR):    -0.275ns
  Clock Uncertainty:      0.077ns  ((TSJ^2 + DJ^2)^1/2) / 2 + PE
    Total System Jitter     (TSJ):    0.071ns
    Discrete Jitter          (DJ):    0.138ns
    Phase Error              (PE):    0.000ns
  Clock Domain Crossing:  Inter clock paths are considered valid unless explicitly excluded by timing constraints such as set_clock_groups or set_false_path.

    Location             Delay type                Incr(ns)  Path(ns)    Netlist Resource(s)
  -------------------------------------------------------------------    -------------------
                         (clock clk_out2_clk_wiz_0_1 rise edge)
                                                      0.000     0.000 r  
    W5                                                0.000     0.000 r  clk_100mhz (IN)
                         net (fo=0)                   0.000     0.000    clk_gen/inst/clk_in1
    W5                   IBUF (Prop_ibuf_I_O)         0.226     0.226 r  clk_gen/inst/clkin1_ibufg/O
                         net (fo=1, routed)           0.440     0.667    clk_gen/inst/clk_in1_clk_wiz_0
    MMCME2_ADV_X1Y0      MMCME2_ADV (Prop_mmcme2_adv_CLKIN1_CLKOUT1)
                                                     -2.360    -1.693 r  clk_gen/inst/mmcm_adv_inst/CLKOUT1
                         net (fo=1, routed)           0.486    -1.207    clk_gen/inst/clk_out2_clk_wiz_0
    BUFGCTRL_X0Y0        BUFG (Prop_bufg_I_O)         0.026    -1.181 r  clk_gen/inst/clkout2_buf/O
                         net (fo=137, routed)         0.562    -0.619    u_uart_rx/CLK
    SLICE_X38Y50         FDRE                                         r  u_uart_rx/dout_reg[2]/C
  -------------------------------------------------------------------    -------------------
    SLICE_X38Y50         FDRE (Prop_fdre_C_Q)         0.164    -0.455 r  u_uart_rx/dout_reg[2]/Q
                         net (fo=3, routed)           0.127    -0.328    u_frame_sync/Q[2]
    SLICE_X40Y50         FDRE                                         r  u_frame_sync/magic_buffer_reg[2]/D
  -------------------------------------------------------------------    -------------------

                         (clock clk_out2_clk_wiz_0 rise edge)
                                                      0.000     0.000 r  
    W5                                                0.000     0.000 r  clk_100mhz (IN)
                         net (fo=0)                   0.000     0.000    clk_gen/inst/clk_in1
    W5                   IBUF (Prop_ibuf_I_O)         0.414     0.414 r  clk_gen/inst/clkin1_ibufg/O
                         net (fo=1, routed)           0.480     0.894    clk_gen/inst/clk_in1_clk_wiz_0
    MMCME2_ADV_X1Y0      MMCME2_ADV (Prop_mmcme2_adv_CLKIN1_CLKOUT1)
                                                     -3.142    -2.248 r  clk_gen/inst/mmcm_adv_inst/CLKOUT1
                         net (fo=1, routed)           0.530    -1.718    clk_gen/inst/clk_out2_clk_wiz_0
    BUFGCTRL_X0Y0        BUFG (Prop_bufg_I_O)         0.029    -1.689 r  clk_gen/inst/clkout2_buf/O
                         net (fo=137, routed)         0.832    -0.858    u_frame_sync/clk_out2
    SLICE_X40Y50         FDRE                                         r  u_frame_sync/magic_buffer_reg[2]/C
                         clock pessimism              0.275    -0.583    
                         clock uncertainty            0.077    -0.506    
    SLICE_X40Y50         FDRE (Hold_fdre_C_D)         0.071    -0.435    u_frame_sync/magic_buffer_reg[2]
  -------------------------------------------------------------------
                         required time                          0.435    
                         arrival time                          -0.328    
  -------------------------------------------------------------------
                         slack                                  0.107    

Slack (MET) :             0.112ns  (arrival time - required time)
  Source:                 u_uart_rx/rx_data_reg[3]/C
                            (rising edge-triggered cell FDRE clocked by clk_out2_clk_wiz_0_1  {rise@0.000ns fall@5.000ns period=10.000ns})
  Destination:            u_uart_rx/dout_reg[3]/D
                            (rising edge-triggered cell FDRE clocked by clk_out2_clk_wiz_0  {rise@0.000ns fall@5.000ns period=10.000ns})
  Path Group:             clk_out2_clk_wiz_0
  Path Type:              Hold (Min at Fast Process Corner)
  Requirement:            0.000ns  (clk_out2_clk_wiz_0 rise@0.000ns - clk_out2_clk_wiz_0_1 rise@0.000ns)
  Data Path Delay:        0.281ns  (logic 0.164ns (58.306%)  route 0.117ns (41.694%))
  Logic Levels:           0  
  Clock Path Skew:        0.016ns (DCD - SCD - CPR)
    Destination Clock Delay (DCD):    -0.859ns
    Source Clock Delay      (SCD):    -0.619ns
    Clock Pessimism Removal (CPR):    -0.256ns
  Clock Uncertainty:      0.077ns  ((TSJ^2 + DJ^2)^1/2) / 2 + PE
    Total System Jitter     (TSJ):    0.071ns
    Discrete Jitter          (DJ):    0.138ns
    Phase Error              (PE):    0.000ns
  Clock Domain Crossing:  Inter clock paths are considered valid unless explicitly excluded by timing constraints such as set_clock_groups or set_false_path.

    Location             Delay type                Incr(ns)  Path(ns)    Netlist Resource(s)
  -------------------------------------------------------------------    -------------------
                         (clock clk_out2_clk_wiz_0_1 rise edge)
                                                      0.000     0.000 r  
    W5                                                0.000     0.000 r  clk_100mhz (IN)
                         net (fo=0)                   0.000     0.000    clk_gen/inst/clk_in1
    W5                   IBUF (Prop_ibuf_I_O)         0.226     0.226 r  clk_gen/inst/clkin1_ibufg/O
                         net (fo=1, routed)           0.440     0.667    clk_gen/inst/clk_in1_clk_wiz_0
    MMCME2_ADV_X1Y0      MMCME2_ADV (Prop_mmcme2_adv_CLKIN1_CLKOUT1)
                                                     -2.360    -1.693 r  clk_gen/inst/mmcm_adv_inst/CLKOUT1
                         net (fo=1, routed)           0.486    -1.207    clk_gen/inst/clk_out2_clk_wiz_0
    BUFGCTRL_X0Y0        BUFG (Prop_bufg_I_O)         0.026    -1.181 r  clk_gen/inst/clkout2_buf/O
                         net (fo=137, routed)         0.562    -0.619    u_uart_rx/CLK
    SLICE_X38Y51         FDRE                                         r  u_uart_rx/rx_data_reg[3]/C
  -------------------------------------------------------------------    -------------------
    SLICE_X38Y51         FDRE (Prop_fdre_C_Q)         0.164    -0.455 r  u_uart_rx/rx_data_reg[3]/Q
                         net (fo=2, routed)           0.117    -0.338    u_uart_rx/rx_data[3]
    SLICE_X38Y50         FDRE                                         r  u_uart_rx/dout_reg[3]/D
  -------------------------------------------------------------------    -------------------

                         (clock clk_out2_clk_wiz_0 rise edge)
                                                      0.000     0.000 r  
    W5                                                0.000     0.000 r  clk_100mhz (IN)
                         net (fo=0)                   0.000     0.000    clk_gen/inst/clk_in1
    W5                   IBUF (Prop_ibuf_I_O)         0.414     0.414 r  clk_gen/inst/clkin1_ibufg/O
                         net (fo=1, routed)           0.480     0.894    clk_gen/inst/clk_in1_clk_wiz_0
    MMCME2_ADV_X1Y0      MMCME2_ADV (Prop_mmcme2_adv_CLKIN1_CLKOUT1)
                                                     -3.142    -2.248 r  clk_gen/inst/mmcm_adv_inst/CLKOUT1
                         net (fo=1, routed)           0.530    -1.718    clk_gen/inst/clk_out2_clk_wiz_0
    BUFGCTRL_X0Y0        BUFG (Prop_bufg_I_O)         0.029    -1.689 r  clk_gen/inst/clkout2_buf/O
                         net (fo=137, routed)         0.830    -0.859    u_uart_rx/CLK
    SLICE_X38Y50         FDRE                                         r  u_uart_rx/dout_reg[3]/C
                         clock pessimism              0.256    -0.603    
                         clock uncertainty            0.077    -0.526    
    SLICE_X38Y50         FDRE (Hold_fdre_C_D)         0.076    -0.450    u_uart_rx/dout_reg[3]
  -------------------------------------------------------------------
                         required time                          0.450    
                         arrival time                          -0.338    
  -------------------------------------------------------------------
                         slack                                  0.112    

Slack (MET) :             0.113ns  (arrival time - required time)
  Source:                 u_uart_rx/valid_reg/C
                            (rising edge-triggered cell FDRE clocked by clk_out2_clk_wiz_0_1  {rise@0.000ns fall@5.000ns period=10.000ns})
  Destination:            u_frame_sync/magic_buffer_reg[0]/CE
                            (rising edge-triggered cell FDRE clocked by clk_out2_clk_wiz_0  {rise@0.000ns fall@5.000ns period=10.000ns})
  Path Group:             clk_out2_clk_wiz_0
  Path Type:              Hold (Min at Fast Process Corner)
  Requirement:            0.000ns  (clk_out2_clk_wiz_0 rise@0.000ns - clk_out2_clk_wiz_0_1 rise@0.000ns)
  Data Path Delay:        0.420ns  (logic 0.141ns (33.599%)  route 0.279ns (66.401%))
  Logic Levels:           0  
  Clock Path Skew:        0.268ns (DCD - SCD - CPR)
    Destination Clock Delay (DCD):    -0.858ns
    Source Clock Delay      (SCD):    -0.617ns
    Clock Pessimism Removal (CPR):    -0.508ns
  Clock Uncertainty:      0.077ns  ((TSJ^2 + DJ^2)^1/2) / 2 + PE
    Total System Jitter     (TSJ):    0.071ns
    Discrete Jitter          (DJ):    0.138ns
    Phase Error              (PE):    0.000ns
  Clock Domain Crossing:  Inter clock paths are considered valid unless explicitly excluded by timing constraints such as set_clock_groups or set_false_path.

    Location             Delay type                Incr(ns)  Path(ns)    Netlist Resource(s)
  -------------------------------------------------------------------    -------------------
                         (clock clk_out2_clk_wiz_0_1 rise edge)
                                                      0.000     0.000 r  
    W5                                                0.000     0.000 r  clk_100mhz (IN)
                         net (fo=0)                   0.000     0.000    clk_gen/inst/clk_in1
    W5                   IBUF (Prop_ibuf_I_O)         0.226     0.226 r  clk_gen/inst/clkin1_ibufg/O
                         net (fo=1, routed)           0.440     0.667    clk_gen/inst/clk_in1_clk_wiz_0
    MMCME2_ADV_X1Y0      MMCME2_ADV (Prop_mmcme2_adv_CLKIN1_CLKOUT1)
                                                     -2.360    -1.693 r  clk_gen/inst/mmcm_adv_inst/CLKOUT1
                         net (fo=1, routed)           0.486    -1.207    clk_gen/inst/clk_out2_clk_wiz_0
    BUFGCTRL_X0Y0        BUFG (Prop_bufg_I_O)         0.026    -1.181 r  clk_gen/inst/clkout2_buf/O
                         net (fo=137, routed)         0.564    -0.617    u_uart_rx/CLK
    SLICE_X39Y49         FDRE                                         r  u_uart_rx/valid_reg/C
  -------------------------------------------------------------------    -------------------
    SLICE_X39Y49         FDRE (Prop_fdre_C_Q)         0.141    -0.476 r  u_uart_rx/valid_reg/Q
                         net (fo=29, routed)          0.279    -0.198    u_frame_sync/uart_valid
    SLICE_X40Y50         FDRE                                         r  u_frame_sync/magic_buffer_reg[0]/CE
  -------------------------------------------------------------------    -------------------

                         (clock clk_out2_clk_wiz_0 rise edge)
                                                      0.000     0.000 r  
    W5                                                0.000     0.000 r  clk_100mhz (IN)
                         net (fo=0)                   0.000     0.000    clk_gen/inst/clk_in1
    W5                   IBUF (Prop_ibuf_I_O)         0.414     0.414 r  clk_gen/inst/clkin1_ibufg/O
                         net (fo=1, routed)           0.480     0.894    clk_gen/inst/clk_in1_clk_wiz_0
    MMCME2_ADV_X1Y0      MMCME2_ADV (Prop_mmcme2_adv_CLKIN1_CLKOUT1)
                                                     -3.142    -2.248 r  clk_gen/inst/mmcm_adv_inst/CLKOUT1
                         net (fo=1, routed)           0.530    -1.718    clk_gen/inst/clk_out2_clk_wiz_0
    BUFGCTRL_X0Y0        BUFG (Prop_bufg_I_O)         0.029    -1.689 r  clk_gen/inst/clkout2_buf/O
                         net (fo=137, routed)         0.832    -0.858    u_frame_sync/clk_out2
    SLICE_X40Y50         FDRE                                         r  u_frame_sync/magic_buffer_reg[0]/C
                         clock pessimism              0.508    -0.349    
                         clock uncertainty            0.077    -0.272    
    SLICE_X40Y50         FDRE (Hold_fdre_C_CE)       -0.039    -0.311    u_frame_sync/magic_buffer_reg[0]
  -------------------------------------------------------------------
                         required time                          0.311    
                         arrival time                          -0.198    
  -------------------------------------------------------------------
                         slack                                  0.113    

Slack (MET) :             0.113ns  (arrival time - required time)
  Source:                 u_uart_rx/valid_reg/C
                            (rising edge-triggered cell FDRE clocked by clk_out2_clk_wiz_0_1  {rise@0.000ns fall@5.000ns period=10.000ns})
  Destination:            u_frame_sync/magic_buffer_reg[10]/CE
                            (rising edge-triggered cell FDRE clocked by clk_out2_clk_wiz_0  {rise@0.000ns fall@5.000ns period=10.000ns})
  Path Group:             clk_out2_clk_wiz_0
  Path Type:              Hold (Min at Fast Process Corner)
  Requirement:            0.000ns  (clk_out2_clk_wiz_0 rise@0.000ns - clk_out2_clk_wiz_0_1 rise@0.000ns)
  Data Path Delay:        0.420ns  (logic 0.141ns (33.599%)  route 0.279ns (66.401%))
  Logic Levels:           0  
  Clock Path Skew:        0.268ns (DCD - SCD - CPR)
    Destination Clock Delay (DCD):    -0.858ns
    Source Clock Delay      (SCD):    -0.617ns
    Clock Pessimism Removal (CPR):    -0.508ns
  Clock Uncertainty:      0.077ns  ((TSJ^2 + DJ^2)^1/2) / 2 + PE
    Total System Jitter     (TSJ):    0.071ns
    Discrete Jitter          (DJ):    0.138ns
    Phase Error              (PE):    0.000ns
  Clock Domain Crossing:  Inter clock paths are considered valid unless explicitly excluded by timing constraints such as set_clock_groups or set_false_path.

    Location             Delay type                Incr(ns)  Path(ns)    Netlist Resource(s)
  -------------------------------------------------------------------    -------------------
                         (clock clk_out2_clk_wiz_0_1 rise edge)
                                                      0.000     0.000 r  
    W5                                                0.000     0.000 r  clk_100mhz (IN)
                         net (fo=0)                   0.000     0.000    clk_gen/inst/clk_in1
    W5                   IBUF (Prop_ibuf_I_O)         0.226     0.226 r  clk_gen/inst/clkin1_ibufg/O
                         net (fo=1, routed)           0.440     0.667    clk_gen/inst/clk_in1_clk_wiz_0
    MMCME2_ADV_X1Y0      MMCME2_ADV (Prop_mmcme2_adv_CLKIN1_CLKOUT1)
                                                     -2.360    -1.693 r  clk_gen/inst/mmcm_adv_inst/CLKOUT1
                         net (fo=1, routed)           0.486    -1.207    clk_gen/inst/clk_out2_clk_wiz_0
    BUFGCTRL_X0Y0        BUFG (Prop_bufg_I_O)         0.026    -1.181 r  clk_gen/inst/clkout2_buf/O
                         net (fo=137, routed)         0.564    -0.617    u_uart_rx/CLK
    SLICE_X39Y49         FDRE                                         r  u_uart_rx/valid_reg/C
  -------------------------------------------------------------------    -------------------
    SLICE_X39Y49         FDRE (Prop_fdre_C_Q)         0.141    -0.476 r  u_uart_rx/valid_reg/Q
                         net (fo=29, routed)          0.279    -0.198    u_frame_sync/uart_valid
    SLICE_X40Y50         FDRE                                         r  u_frame_sync/magic_buffer_reg[10]/CE
  -------------------------------------------------------------------    -------------------

                         (clock clk_out2_clk_wiz_0 rise edge)
                                                      0.000     0.000 r  
    W5                                                0.000     0.000 r  clk_100mhz (IN)
                         net (fo=0)                   0.000     0.000    clk_gen/inst/clk_in1
    W5                   IBUF (Prop_ibuf_I_O)         0.414     0.414 r  clk_gen/inst/clkin1_ibufg/O
                         net (fo=1, routed)           0.480     0.894    clk_gen/inst/clk_in1_clk_wiz_0
    MMCME2_ADV_X1Y0      MMCME2_ADV (Prop_mmcme2_adv_CLKIN1_CLKOUT1)
                                                     -3.142    -2.248 r  clk_gen/inst/mmcm_adv_inst/CLKOUT1
                         net (fo=1, routed)           0.530    -1.718    clk_gen/inst/clk_out2_clk_wiz_0
    BUFGCTRL_X0Y0        BUFG (Prop_bufg_I_O)         0.029    -1.689 r  clk_gen/inst/clkout2_buf/O
                         net (fo=137, routed)         0.832    -0.858    u_frame_sync/clk_out2
    SLICE_X40Y50         FDRE                                         r  u_frame_sync/magic_buffer_reg[10]/C
                         clock pessimism              0.508    -0.349    
                         clock uncertainty            0.077    -0.272    
    SLICE_X40Y50         FDRE (Hold_fdre_C_CE)       -0.039    -0.311    u_frame_sync/magic_buffer_reg[10]
  -------------------------------------------------------------------
                         required time                          0.311    
                         arrival time                          -0.198    
  -------------------------------------------------------------------
                         slack                                  0.113    

Slack (MET) :             0.113ns  (arrival time - required time)
  Source:                 u_uart_rx/valid_reg/C
                            (rising edge-triggered cell FDRE clocked by clk_out2_clk_wiz_0_1  {rise@0.000ns fall@5.000ns period=10.000ns})
  Destination:            u_frame_sync/magic_buffer_reg[12]/CE
                            (rising edge-triggered cell FDRE clocked by clk_out2_clk_wiz_0  {rise@0.000ns fall@5.000ns period=10.000ns})
  Path Group:             clk_out2_clk_wiz_0
  Path Type:              Hold (Min at Fast Process Corner)
  Requirement:            0.000ns  (clk_out2_clk_wiz_0 rise@0.000ns - clk_out2_clk_wiz_0_1 rise@0.000ns)
  Data Path Delay:        0.420ns  (logic 0.141ns (33.599%)  route 0.279ns (66.401%))
  Logic Levels:           0  
  Clock Path Skew:        0.268ns (DCD - SCD - CPR)
    Destination Clock Delay (DCD):    -0.858ns
    Source Clock Delay      (SCD):    -0.617ns
    Clock Pessimism Removal (CPR):    -0.508ns
  Clock Uncertainty:      0.077ns  ((TSJ^2 + DJ^2)^1/2) / 2 + PE
    Total System Jitter     (TSJ):    0.071ns
    Discrete Jitter          (DJ):    0.138ns
    Phase Error              (PE):    0.000ns
  Clock Domain Crossing:  Inter clock paths are considered valid unless explicitly excluded by timing constraints such as set_clock_groups or set_false_path.

    Location             Delay type                Incr(ns)  Path(ns)    Netlist Resource(s)
  -------------------------------------------------------------------    -------------------
                         (clock clk_out2_clk_wiz_0_1 rise edge)
                                                      0.000     0.000 r  
    W5                                                0.000     0.000 r  clk_100mhz (IN)
                         net (fo=0)                   0.000     0.000    clk_gen/inst/clk_in1
    W5                   IBUF (Prop_ibuf_I_O)         0.226     0.226 r  clk_gen/inst/clkin1_ibufg/O
                         net (fo=1, routed)           0.440     0.667    clk_gen/inst/clk_in1_clk_wiz_0
    MMCME2_ADV_X1Y0      MMCME2_ADV (Prop_mmcme2_adv_CLKIN1_CLKOUT1)
                                                     -2.360    -1.693 r  clk_gen/inst/mmcm_adv_inst/CLKOUT1
                         net (fo=1, routed)           0.486    -1.207    clk_gen/inst/clk_out2_clk_wiz_0
    BUFGCTRL_X0Y0        BUFG (Prop_bufg_I_O)         0.026    -1.181 r  clk_gen/inst/clkout2_buf/O
                         net (fo=137, routed)         0.564    -0.617    u_uart_rx/CLK
    SLICE_X39Y49         FDRE                                         r  u_uart_rx/valid_reg/C
  -------------------------------------------------------------------    -------------------
    SLICE_X39Y49         FDRE (Prop_fdre_C_Q)         0.141    -0.476 r  u_uart_rx/valid_reg/Q
                         net (fo=29, routed)          0.279    -0.198    u_frame_sync/uart_valid
    SLICE_X40Y50         FDRE                                         r  u_frame_sync/magic_buffer_reg[12]/CE
  -------------------------------------------------------------------    -------------------

                         (clock clk_out2_clk_wiz_0 rise edge)
                                                      0.000     0.000 r  
    W5                                                0.000     0.000 r  clk_100mhz (IN)
                         net (fo=0)                   0.000     0.000    clk_gen/inst/clk_in1
    W5                   IBUF (Prop_ibuf_I_O)         0.414     0.414 r  clk_gen/inst/clkin1_ibufg/O
                         net (fo=1, routed)           0.480     0.894    clk_gen/inst/clk_in1_clk_wiz_0
    MMCME2_ADV_X1Y0      MMCME2_ADV (Prop_mmcme2_adv_CLKIN1_CLKOUT1)
                                                     -3.142    -2.248 r  clk_gen/inst/mmcm_adv_inst/CLKOUT1
                         net (fo=1, routed)           0.530    -1.718    clk_gen/inst/clk_out2_clk_wiz_0
    BUFGCTRL_X0Y0        BUFG (Prop_bufg_I_O)         0.029    -1.689 r  clk_gen/inst/clkout2_buf/O
                         net (fo=137, routed)         0.832    -0.858    u_frame_sync/clk_out2
    SLICE_X40Y50         FDRE                                         r  u_frame_sync/magic_buffer_reg[12]/C
                         clock pessimism              0.508    -0.349    
                         clock uncertainty            0.077    -0.272    
    SLICE_X40Y50         FDRE (Hold_fdre_C_CE)       -0.039    -0.311    u_frame_sync/magic_buffer_reg[12]
  -------------------------------------------------------------------
                         required time                          0.311    
                         arrival time                          -0.198    
  -------------------------------------------------------------------
                         slack                                  0.113    

Slack (MET) :             0.113ns  (arrival time - required time)
  Source:                 u_uart_rx/valid_reg/C
                            (rising edge-triggered cell FDRE clocked by clk_out2_clk_wiz_0_1  {rise@0.000ns fall@5.000ns period=10.000ns})
  Destination:            u_frame_sync/magic_buffer_reg[17]/CE
                            (rising edge-triggered cell FDRE clocked by clk_out2_clk_wiz_0  {rise@0.000ns fall@5.000ns period=10.000ns})
  Path Group:             clk_out2_clk_wiz_0
  Path Type:              Hold (Min at Fast Process Corner)
  Requirement:            0.000ns  (clk_out2_clk_wiz_0 rise@0.000ns - clk_out2_clk_wiz_0_1 rise@0.000ns)
  Data Path Delay:        0.420ns  (logic 0.141ns (33.599%)  route 0.279ns (66.401%))
  Logic Levels:           0  
  Clock Path Skew:        0.268ns (DCD - SCD - CPR)
    Destination Clock Delay (DCD):    -0.858ns
    Source Clock Delay      (SCD):    -0.617ns
    Clock Pessimism Removal (CPR):    -0.508ns
  Clock Uncertainty:      0.077ns  ((TSJ^2 + DJ^2)^1/2) / 2 + PE
    Total System Jitter     (TSJ):    0.071ns
    Discrete Jitter          (DJ):    0.138ns
    Phase Error              (PE):    0.000ns
  Clock Domain Crossing:  Inter clock paths are considered valid unless explicitly excluded by timing constraints such as set_clock_groups or set_false_path.

    Location             Delay type                Incr(ns)  Path(ns)    Netlist Resource(s)
  -------------------------------------------------------------------    -------------------
                         (clock clk_out2_clk_wiz_0_1 rise edge)
                                                      0.000     0.000 r  
    W5                                                0.000     0.000 r  clk_100mhz (IN)
                         net (fo=0)                   0.000     0.000    clk_gen/inst/clk_in1
    W5                   IBUF (Prop_ibuf_I_O)         0.226     0.226 r  clk_gen/inst/clkin1_ibufg/O
                         net (fo=1, routed)           0.440     0.667    clk_gen/inst/clk_in1_clk_wiz_0
    MMCME2_ADV_X1Y0      MMCME2_ADV (Prop_mmcme2_adv_CLKIN1_CLKOUT1)
                                                     -2.360    -1.693 r  clk_gen/inst/mmcm_adv_inst/CLKOUT1
                         net (fo=1, routed)           0.486    -1.207    clk_gen/inst/clk_out2_clk_wiz_0
    BUFGCTRL_X0Y0        BUFG (Prop_bufg_I_O)         0.026    -1.181 r  clk_gen/inst/clkout2_buf/O
                         net (fo=137, routed)         0.564    -0.617    u_uart_rx/CLK
    SLICE_X39Y49         FDRE                                         r  u_uart_rx/valid_reg/C
  -------------------------------------------------------------------    -------------------
    SLICE_X39Y49         FDRE (Prop_fdre_C_Q)         0.141    -0.476 r  u_uart_rx/valid_reg/Q
                         net (fo=29, routed)          0.279    -0.198    u_frame_sync/uart_valid
    SLICE_X40Y50         FDRE                                         r  u_frame_sync/magic_buffer_reg[17]/CE
  -------------------------------------------------------------------    -------------------

                         (clock clk_out2_clk_wiz_0 rise edge)
                                                      0.000     0.000 r  
    W5                                                0.000     0.000 r  clk_100mhz (IN)
                         net (fo=0)                   0.000     0.000    clk_gen/inst/clk_in1
    W5                   IBUF (Prop_ibuf_I_O)         0.414     0.414 r  clk_gen/inst/clkin1_ibufg/O
                         net (fo=1, routed)           0.480     0.894    clk_gen/inst/clk_in1_clk_wiz_0
    MMCME2_ADV_X1Y0      MMCME2_ADV (Prop_mmcme2_adv_CLKIN1_CLKOUT1)
                                                     -3.142    -2.248 r  clk_gen/inst/mmcm_adv_inst/CLKOUT1
                         net (fo=1, routed)           0.530    -1.718    clk_gen/inst/clk_out2_clk_wiz_0
    BUFGCTRL_X0Y0        BUFG (Prop_bufg_I_O)         0.029    -1.689 r  clk_gen/inst/clkout2_buf/O
                         net (fo=137, routed)         0.832    -0.858    u_frame_sync/clk_out2
    SLICE_X40Y50         FDRE                                         r  u_frame_sync/magic_buffer_reg[17]/C
                         clock pessimism              0.508    -0.349    
                         clock uncertainty            0.077    -0.272    
    SLICE_X40Y50         FDRE (Hold_fdre_C_CE)       -0.039    -0.311    u_frame_sync/magic_buffer_reg[17]
  -------------------------------------------------------------------
                         required time                          0.311    
                         arrival time                          -0.198    
  -------------------------------------------------------------------
                         slack                                  0.113    





---------------------------------------------------------------------------------------------------
From Clock:  clk_out1_clk_wiz_0
  To Clock:  clk_out1_clk_wiz_0_1

Setup :            0  Failing Endpoints,  Worst Slack       27.184ns,  Total Violation        0.000ns
Hold  :            0  Failing Endpoints,  Worst Slack        0.082ns,  Total Violation        0.000ns
---------------------------------------------------------------------------------------------------


Max Delay Paths
--------------------------------------------------------------------------------------
Slack (MET) :             27.184ns  (required time - arrival time)
  Source:                 u_vga/v_count_reg[1]/C
                            (rising edge-triggered cell FDCE clocked by clk_out1_clk_wiz_0  {rise@0.000ns fall@19.861ns period=39.722ns})
  Destination:            u_ping_pong/ram_reg_1_7/ENBWREN
                            (rising edge-triggered cell RAMB36E1 clocked by clk_out1_clk_wiz_0_1  {rise@0.000ns fall@19.861ns period=39.722ns})
  Path Group:             clk_out1_clk_wiz_0_1
  Path Type:              Setup (Max at Slow Process Corner)
  Requirement:            39.722ns  (clk_out1_clk_wiz_0_1 rise@39.722ns - clk_out1_clk_wiz_0 rise@0.000ns)
  Data Path Delay:        11.911ns  (logic 3.720ns (31.232%)  route 8.191ns (68.768%))
  Logic Levels:           8  (CARRY4=5 LUT2=2 LUT3=1)
  Clock Path Skew:        -0.086ns (DCD - SCD + CPR)
    Destination Clock Delay (DCD):    -1.519ns = ( 38.203 - 39.722 ) 
    Source Clock Delay      (SCD):    -0.950ns
    Clock Pessimism Removal (CPR):    0.484ns
  Clock Uncertainty:      0.098ns  ((TSJ^2 + DJ^2)^1/2) / 2 + PE
    Total System Jitter     (TSJ):    0.071ns
    Discrete Jitter          (DJ):    0.183ns
    Phase Error              (PE):    0.000ns
  Clock Domain Crossing:  Inter clock paths are considered valid unless explicitly excluded by timing constraints such as set_clock_groups or set_false_path.

    Location             Delay type                Incr(ns)  Path(ns)    Netlist Resource(s)
  -------------------------------------------------------------------    -------------------
                         (clock clk_out1_clk_wiz_0 rise edge)
                                                      0.000     0.000 r  
    W5                                                0.000     0.000 r  clk_100mhz (IN)
                         net (fo=0)                   0.000     0.000    clk_gen/inst/clk_in1
    W5                   IBUF (Prop_ibuf_I_O)         1.458     1.458 r  clk_gen/inst/clkin1_ibufg/O
                         net (fo=1, routed)           1.233     2.691    clk_gen/inst/clk_in1_clk_wiz_0
    MMCME2_ADV_X1Y0      MMCME2_ADV (Prop_mmcme2_adv_CLKIN1_CLKOUT0)
                                                     -6.961    -4.269 r  clk_gen/inst/mmcm_adv_inst/CLKOUT0
                         net (fo=1, routed)           1.661    -2.608    clk_gen/inst/clk_out1_clk_wiz_0
    BUFGCTRL_X0Y1        BUFG (Prop_bufg_I_O)         0.096    -2.512 r  clk_gen/inst/clkout1_buf/O
                         net (fo=55, routed)          1.562    -0.950    u_vga/CLK
    SLICE_X39Y38         FDCE                                         r  u_vga/v_count_reg[1]/C
  -------------------------------------------------------------------    -------------------
    SLICE_X39Y38         FDCE (Prop_fdce_C_Q)         0.456    -0.494 r  u_vga/v_count_reg[1]/Q
                         net (fo=11, routed)          0.886     0.392    u_vga/v_count_reg_n_0_[1]
    SLICE_X36Y38         LUT2 (Prop_lut2_I1_O)        0.124     0.516 r  u_vga/ram_reg_0_2_i_12/O
                         net (fo=1, routed)           0.000     0.516    u_vga/ram_reg_0_2_i_12_n_0
    SLICE_X36Y38         CARRY4 (Prop_carry4_S[1]_CO[3])
                                                      0.550     1.066 r  u_vga/ram_reg_0_2_i_6/CO[3]
                         net (fo=1, routed)           0.000     1.066    u_vga/ram_reg_0_2_i_6_n_0
    SLICE_X36Y39         CARRY4 (Prop_carry4_CI_O[0])
                                                      0.222     1.288 r  u_vga/rd_addr_final__0_carry_i_8/O[0]
                         net (fo=1, routed)           0.582     1.870    u_vga/frame_rd_addr0[11]
    SLICE_X37Y39         CARRY4 (Prop_carry4_S[1]_CO[3])
                                                      0.849     2.719 r  u_vga/rd_addr_final__0_carry_i_2/CO[3]
                         net (fo=1, routed)           0.000     2.719    u_vga/rd_addr_final__0_carry_i_2_n_0
    SLICE_X37Y40         CARRY4 (Prop_carry4_CI_O[1])
                                                      0.334     3.053 r  u_vga/rd_addr_final__0_carry__0_i_1/O[1]
                         net (fo=3, routed)           1.005     4.057    u_ping_pong/frame_rd_addr__0[5]
    SLICE_X39Y40         LUT3 (Prop_lut3_I2_O)        0.303     4.360 r  u_ping_pong/rd_addr_final__0_carry__0_i_5/O
                         net (fo=1, routed)           0.000     4.360    u_ping_pong/rd_addr_final__0_carry__0_i_5_n_0
    SLICE_X39Y40         CARRY4 (Prop_carry4_S[1]_O[2])
                                                      0.580     4.940 f  u_ping_pong/rd_addr_final__0_carry__0/O[2]
                         net (fo=4, routed)           0.829     5.770    u_ping_pong/rd_addr_final[16]
    SLICE_X41Y40         LUT2 (Prop_lut2_I1_O)        0.302     6.072 r  u_ping_pong/ram_reg_0_2_i_2/O
                         net (fo=12, routed)          4.889    10.961    u_ping_pong/ram_reg_0_2_i_2_n_0
    RAMB36_X1Y13         RAMB36E1                                     r  u_ping_pong/ram_reg_1_7/ENBWREN
  -------------------------------------------------------------------    -------------------

                         (clock clk_out1_clk_wiz_0_1 rise edge)
                                                     39.722    39.722 r  
    W5                                                0.000    39.722 r  clk_100mhz (IN)
                         net (fo=0)                   0.000    39.722    clk_gen/inst/clk_in1
    W5                   IBUF (Prop_ibuf_I_O)         1.388    41.110 r  clk_gen/inst/clkin1_ibufg/O
                         net (fo=1, routed)           1.162    42.272    clk_gen/inst/clk_in1_clk_wiz_0
    MMCME2_ADV_X1Y0      MMCME2_ADV (Prop_mmcme2_adv_CLKIN1_CLKOUT0)
                                                     -7.217    35.055 r  clk_gen/inst/mmcm_adv_inst/CLKOUT0
                         net (fo=1, routed)           1.581    36.636    clk_gen/inst/clk_out1_clk_wiz_0
    BUFGCTRL_X0Y1        BUFG (Prop_bufg_I_O)         0.091    36.727 r  clk_gen/inst/clkout1_buf/O
                         net (fo=55, routed)          1.476    38.203    u_ping_pong/clk_out1
    RAMB36_X1Y13         RAMB36E1                                     r  u_ping_pong/ram_reg_1_7/CLKBWRCLK
                         clock pessimism              0.484    38.686    
                         clock uncertainty           -0.098    38.588    
    RAMB36_X1Y13         RAMB36E1 (Setup_ramb36e1_CLKBWRCLK_ENBWREN)
                                                     -0.443    38.145    u_ping_pong/ram_reg_1_7
  -------------------------------------------------------------------
                         required time                         38.145    
                         arrival time                         -10.961    
  -------------------------------------------------------------------
                         slack                                 27.184    

Slack (MET) :             27.390ns  (required time - arrival time)
  Source:                 u_vga/v_count_reg[1]/C
                            (rising edge-triggered cell FDCE clocked by clk_out1_clk_wiz_0  {rise@0.000ns fall@19.861ns period=39.722ns})
  Destination:            u_ping_pong/ram_reg_0_7/ENBWREN
                            (rising edge-triggered cell RAMB36E1 clocked by clk_out1_clk_wiz_0_1  {rise@0.000ns fall@19.861ns period=39.722ns})
  Path Group:             clk_out1_clk_wiz_0_1
  Path Type:              Setup (Max at Slow Process Corner)
  Requirement:            39.722ns  (clk_out1_clk_wiz_0_1 rise@39.722ns - clk_out1_clk_wiz_0 rise@0.000ns)
  Data Path Delay:        11.709ns  (logic 3.720ns (31.772%)  route 7.989ns (68.228%))
  Logic Levels:           8  (CARRY4=5 LUT2=2 LUT3=1)
  Clock Path Skew:        -0.082ns (DCD - SCD + CPR)
    Destination Clock Delay (DCD):    -1.515ns = ( 38.207 - 39.722 ) 
    Source Clock Delay      (SCD):    -0.950ns
    Clock Pessimism Removal (CPR):    0.484ns
  Clock Uncertainty:      0.098ns  ((TSJ^2 + DJ^2)^1/2) / 2 + PE
    Total System Jitter     (TSJ):    0.071ns
    Discrete Jitter          (DJ):    0.183ns
    Phase Error              (PE):    0.000ns
  Clock Domain Crossing:  Inter clock paths are considered valid unless explicitly excluded by timing constraints such as set_clock_groups or set_false_path.

    Location             Delay type                Incr(ns)  Path(ns)    Netlist Resource(s)
  -------------------------------------------------------------------    -------------------
                         (clock clk_out1_clk_wiz_0 rise edge)
                                                      0.000     0.000 r  
    W5                                                0.000     0.000 r  clk_100mhz (IN)
                         net (fo=0)                   0.000     0.000    clk_gen/inst/clk_in1
    W5                   IBUF (Prop_ibuf_I_O)         1.458     1.458 r  clk_gen/inst/clkin1_ibufg/O
                         net (fo=1, routed)           1.233     2.691    clk_gen/inst/clk_in1_clk_wiz_0
    MMCME2_ADV_X1Y0      MMCME2_ADV (Prop_mmcme2_adv_CLKIN1_CLKOUT0)
                                                     -6.961    -4.269 r  clk_gen/inst/mmcm_adv_inst/CLKOUT0
                         net (fo=1, routed)           1.661    -2.608    clk_gen/inst/clk_out1_clk_wiz_0
    BUFGCTRL_X0Y1        BUFG (Prop_bufg_I_O)         0.096    -2.512 r  clk_gen/inst/clkout1_buf/O
                         net (fo=55, routed)          1.562    -0.950    u_vga/CLK
    SLICE_X39Y38         FDCE                                         r  u_vga/v_count_reg[1]/C
  -------------------------------------------------------------------    -------------------
    SLICE_X39Y38         FDCE (Prop_fdce_C_Q)         0.456    -0.494 r  u_vga/v_count_reg[1]/Q
                         net (fo=11, routed)          0.886     0.392    u_vga/v_count_reg_n_0_[1]
    SLICE_X36Y38         LUT2 (Prop_lut2_I1_O)        0.124     0.516 r  u_vga/ram_reg_0_2_i_12/O
                         net (fo=1, routed)           0.000     0.516    u_vga/ram_reg_0_2_i_12_n_0
    SLICE_X36Y38         CARRY4 (Prop_carry4_S[1]_CO[3])
                                                      0.550     1.066 r  u_vga/ram_reg_0_2_i_6/CO[3]
                         net (fo=1, routed)           0.000     1.066    u_vga/ram_reg_0_2_i_6_n_0
    SLICE_X36Y39         CARRY4 (Prop_carry4_CI_O[0])
                                                      0.222     1.288 r  u_vga/rd_addr_final__0_carry_i_8/O[0]
                         net (fo=1, routed)           0.582     1.870    u_vga/frame_rd_addr0[11]
    SLICE_X37Y39         CARRY4 (Prop_carry4_S[1]_CO[3])
                                                      0.849     2.719 r  u_vga/rd_addr_final__0_carry_i_2/CO[3]
                         net (fo=1, routed)           0.000     2.719    u_vga/rd_addr_final__0_carry_i_2_n_0
    SLICE_X37Y40         CARRY4 (Prop_carry4_CI_O[1])
                                                      0.334     3.053 r  u_vga/rd_addr_final__0_carry__0_i_1/O[1]
                         net (fo=3, routed)           1.005     4.057    u_ping_pong/frame_rd_addr__0[5]
    SLICE_X39Y40         LUT3 (Prop_lut3_I2_O)        0.303     4.360 r  u_ping_pong/rd_addr_final__0_carry__0_i_5/O
                         net (fo=1, routed)           0.000     4.360    u_ping_pong/rd_addr_final__0_carry__0_i_5_n_0
    SLICE_X39Y40         CARRY4 (Prop_carry4_S[1]_O[2])
                                                      0.580     4.940 f  u_ping_pong/rd_addr_final__0_carry__0/O[2]
                         net (fo=4, routed)           0.829     5.770    u_ping_pong/rd_addr_final[16]
    SLICE_X41Y40         LUT2 (Prop_lut2_I1_O)        0.302     6.072 r  u_ping_pong/ram_reg_0_2_i_2/O
                         net (fo=12, routed)          4.687    10.759    u_ping_pong/ram_reg_0_2_i_2_n_0
    RAMB36_X1Y12         RAMB36E1                                     r  u_ping_pong/ram_reg_0_7/ENBWREN
  -------------------------------------------------------------------    -------------------

                         (clock clk_out1_clk_wiz_0_1 rise edge)
                                                     39.722    39.722 r  
    W5                                                0.000    39.722 r  clk_100mhz (IN)
                         net (fo=0)                   0.000    39.722    clk_gen/inst/clk_in1
    W5                   IBUF (Prop_ibuf_I_O)         1.388    41.110 r  clk_gen/inst/clkin1_ibufg/O
                         net (fo=1, routed)           1.162    42.272    clk_gen/inst/clk_in1_clk_wiz_0
    MMCME2_ADV_X1Y0      MMCME2_ADV (Prop_mmcme2_adv_CLKIN1_CLKOUT0)
                                                     -7.217    35.055 r  clk_gen/inst/mmcm_adv_inst/CLKOUT0
                         net (fo=1, routed)           1.581    36.636    clk_gen/inst/clk_out1_clk_wiz_0
    BUFGCTRL_X0Y1        BUFG (Prop_bufg_I_O)         0.091    36.727 r  clk_gen/inst/clkout1_buf/O
                         net (fo=55, routed)          1.480    38.207    u_ping_pong/clk_out1
    RAMB36_X1Y12         RAMB36E1                                     r  u_ping_pong/ram_reg_0_7/CLKBWRCLK
                         clock pessimism              0.484    38.690    
                         clock uncertainty           -0.098    38.592    
    RAMB36_X1Y12         RAMB36E1 (Setup_ramb36e1_CLKBWRCLK_ENBWREN)
                                                     -0.443    38.149    u_ping_pong/ram_reg_0_7
  -------------------------------------------------------------------
                         required time                         38.149    
                         arrival time                         -10.759    
  -------------------------------------------------------------------
                         slack                                 27.390    

Slack (MET) :             27.880ns  (required time - arrival time)
  Source:                 u_vga/v_count_reg[1]/C
                            (rising edge-triggered cell FDCE clocked by clk_out1_clk_wiz_0  {rise@0.000ns fall@19.861ns period=39.722ns})
  Destination:            u_ping_pong/ram_reg_2_2__0/ENBWREN
                            (rising edge-triggered cell RAMB36E1 clocked by clk_out1_clk_wiz_0_1  {rise@0.000ns fall@19.861ns period=39.722ns})
  Path Group:             clk_out1_clk_wiz_0_1
  Path Type:              Setup (Max at Slow Process Corner)
  Requirement:            39.722ns  (clk_out1_clk_wiz_0_1 rise@39.722ns - clk_out1_clk_wiz_0 rise@0.000ns)
  Data Path Delay:        11.210ns  (logic 3.720ns (33.186%)  route 7.490ns (66.814%))
  Logic Levels:           8  (CARRY4=5 LUT2=1 LUT3=2)
  Clock Path Skew:        -0.091ns (DCD - SCD + CPR)
    Destination Clock Delay (DCD):    -1.524ns = ( 38.198 - 39.722 ) 
    Source Clock Delay      (SCD):    -0.950ns
    Clock Pessimism Removal (CPR):    0.484ns
  Clock Uncertainty:      0.098ns  ((TSJ^2 + DJ^2)^1/2) / 2 + PE
    Total System Jitter     (TSJ):    0.071ns
    Discrete Jitter          (DJ):    0.183ns
    Phase Error              (PE):    0.000ns
  Clock Domain Crossing:  Inter clock paths are considered valid unless explicitly excluded by timing constraints such as set_clock_groups or set_false_path.

    Location             Delay type                Incr(ns)  Path(ns)    Netlist Resource(s)
  -------------------------------------------------------------------    -------------------
                         (clock clk_out1_clk_wiz_0 rise edge)
                                                      0.000     0.000 r  
    W5                                                0.000     0.000 r  clk_100mhz (IN)
                         net (fo=0)                   0.000     0.000    clk_gen/inst/clk_in1
    W5                   IBUF (Prop_ibuf_I_O)         1.458     1.458 r  clk_gen/inst/clkin1_ibufg/O
                         net (fo=1, routed)           1.233     2.691    clk_gen/inst/clk_in1_clk_wiz_0
    MMCME2_ADV_X1Y0      MMCME2_ADV (Prop_mmcme2_adv_CLKIN1_CLKOUT0)
                                                     -6.961    -4.269 r  clk_gen/inst/mmcm_adv_inst/CLKOUT0
                         net (fo=1, routed)           1.661    -2.608    clk_gen/inst/clk_out1_clk_wiz_0
    BUFGCTRL_X0Y1        BUFG (Prop_bufg_I_O)         0.096    -2.512 r  clk_gen/inst/clkout1_buf/O
                         net (fo=55, routed)          1.562    -0.950    u_vga/CLK
    SLICE_X39Y38         FDCE                                         r  u_vga/v_count_reg[1]/C
  -------------------------------------------------------------------    -------------------
    SLICE_X39Y38         FDCE (Prop_fdce_C_Q)         0.456    -0.494 r  u_vga/v_count_reg[1]/Q
                         net (fo=11, routed)          0.886     0.392    u_vga/v_count_reg_n_0_[1]
    SLICE_X36Y38         LUT2 (Prop_lut2_I1_O)        0.124     0.516 r  u_vga/ram_reg_0_2_i_12/O
                         net (fo=1, routed)           0.000     0.516    u_vga/ram_reg_0_2_i_12_n_0
    SLICE_X36Y38         CARRY4 (Prop_carry4_S[1]_CO[3])
                                                      0.550     1.066 r  u_vga/ram_reg_0_2_i_6/CO[3]
                         net (fo=1, routed)           0.000     1.066    u_vga/ram_reg_0_2_i_6_n_0
    SLICE_X36Y39         CARRY4 (Prop_carry4_CI_O[0])
                                                      0.222     1.288 r  u_vga/rd_addr_final__0_carry_i_8/O[0]
                         net (fo=1, routed)           0.582     1.870    u_vga/frame_rd_addr0[11]
    SLICE_X37Y39         CARRY4 (Prop_carry4_S[1]_CO[3])
                                                      0.849     2.719 r  u_vga/rd_addr_final__0_carry_i_2/CO[3]
                         net (fo=1, routed)           0.000     2.719    u_vga/rd_addr_final__0_carry_i_2_n_0
    SLICE_X37Y40         CARRY4 (Prop_carry4_CI_O[1])
                                                      0.334     3.053 r  u_vga/rd_addr_final__0_carry__0_i_1/O[1]
                         net (fo=3, routed)           1.005     4.057    u_ping_pong/frame_rd_addr__0[5]
    SLICE_X39Y40         LUT3 (Prop_lut3_I2_O)        0.303     4.360 r  u_ping_pong/rd_addr_final__0_carry__0_i_5/O
                         net (fo=1, routed)           0.000     4.360    u_ping_pong/rd_addr_final__0_carry__0_i_5_n_0
    SLICE_X39Y40         CARRY4 (Prop_carry4_S[1]_O[2])
                                                      0.580     4.940 f  u_ping_pong/rd_addr_final__0_carry__0/O[2]
                         net (fo=4, routed)           0.830     5.771    u_ping_pong/rd_addr_final[16]
    SLICE_X41Y40         LUT3 (Prop_lut3_I2_O)        0.302     6.073 r  u_ping_pong/ram_reg_2_2__0_i_2/O
                         net (fo=6, routed)           4.187    10.260    u_ping_pong/ram_reg_2_2__0_i_2_n_0
    RAMB36_X1Y14         RAMB36E1                                     r  u_ping_pong/ram_reg_2_2__0/ENBWREN
  -------------------------------------------------------------------    -------------------

                         (clock clk_out1_clk_wiz_0_1 rise edge)
                                                     39.722    39.722 r  
    W5                                                0.000    39.722 r  clk_100mhz (IN)
                         net (fo=0)                   0.000    39.722    clk_gen/inst/clk_in1
    W5                   IBUF (Prop_ibuf_I_O)         1.388    41.110 r  clk_gen/inst/clkin1_ibufg/O
                         net (fo=1, routed)           1.162    42.272    clk_gen/inst/clk_in1_clk_wiz_0
    MMCME2_ADV_X1Y0      MMCME2_ADV (Prop_mmcme2_adv_CLKIN1_CLKOUT0)
                                                     -7.217    35.055 r  clk_gen/inst/mmcm_adv_inst/CLKOUT0
                         net (fo=1, routed)           1.581    36.636    clk_gen/inst/clk_out1_clk_wiz_0
    BUFGCTRL_X0Y1        BUFG (Prop_bufg_I_O)         0.091    36.727 r  clk_gen/inst/clkout1_buf/O
                         net (fo=55, routed)          1.471    38.198    u_ping_pong/clk_out1
    RAMB36_X1Y14         RAMB36E1                                     r  u_ping_pong/ram_reg_2_2__0/CLKBWRCLK
                         clock pessimism              0.484    38.681    
                         clock uncertainty           -0.098    38.583    
    RAMB36_X1Y14         RAMB36E1 (Setup_ramb36e1_CLKBWRCLK_ENBWREN)
                                                     -0.443    38.140    u_ping_pong/ram_reg_2_2__0
  -------------------------------------------------------------------
                         required time                         38.140    
                         arrival time                         -10.260    
  -------------------------------------------------------------------
                         slack                                 27.880    

Slack (MET) :             28.101ns  (required time - arrival time)
  Source:                 u_vga/v_count_reg[1]/C
                            (rising edge-triggered cell FDCE clocked by clk_out1_clk_wiz_0  {rise@0.000ns fall@19.861ns period=39.722ns})
  Destination:            u_ping_pong/ram_reg_1_5/ENBWREN
                            (rising edge-triggered cell RAMB36E1 clocked by clk_out1_clk_wiz_0_1  {rise@0.000ns fall@19.861ns period=39.722ns})
  Path Group:             clk_out1_clk_wiz_0_1
  Path Type:              Setup (Max at Slow Process Corner)
  Requirement:            39.722ns  (clk_out1_clk_wiz_0_1 rise@39.722ns - clk_out1_clk_wiz_0 rise@0.000ns)
  Data Path Delay:        11.000ns  (logic 3.720ns (33.818%)  route 7.280ns (66.182%))
  Logic Levels:           8  (CARRY4=5 LUT2=2 LUT3=1)
  Clock Path Skew:        -0.080ns (DCD - SCD + CPR)
    Destination Clock Delay (DCD):    -1.513ns = ( 38.209 - 39.722 ) 
    Source Clock Delay      (SCD):    -0.950ns
    Clock Pessimism Removal (CPR):    0.484ns
  Clock Uncertainty:      0.098ns  ((TSJ^2 + DJ^2)^1/2) / 2 + PE
    Total System Jitter     (TSJ):    0.071ns
    Discrete Jitter          (DJ):    0.183ns
    Phase Error              (PE):    0.000ns
  Clock Domain Crossing:  Inter clock paths are considered valid unless explicitly excluded by timing constraints such as set_clock_groups or set_false_path.

    Location             Delay type                Incr(ns)  Path(ns)    Netlist Resource(s)
  -------------------------------------------------------------------    -------------------
                         (clock clk_out1_clk_wiz_0 rise edge)
                                                      0.000     0.000 r  
    W5                                                0.000     0.000 r  clk_100mhz (IN)
                         net (fo=0)                   0.000     0.000    clk_gen/inst/clk_in1
    W5                   IBUF (Prop_ibuf_I_O)         1.458     1.458 r  clk_gen/inst/clkin1_ibufg/O
                         net (fo=1, routed)           1.233     2.691    clk_gen/inst/clk_in1_clk_wiz_0
    MMCME2_ADV_X1Y0      MMCME2_ADV (Prop_mmcme2_adv_CLKIN1_CLKOUT0)
                                                     -6.961    -4.269 r  clk_gen/inst/mmcm_adv_inst/CLKOUT0
                         net (fo=1, routed)           1.661    -2.608    clk_gen/inst/clk_out1_clk_wiz_0
    BUFGCTRL_X0Y1        BUFG (Prop_bufg_I_O)         0.096    -2.512 r  clk_gen/inst/clkout1_buf/O
                         net (fo=55, routed)          1.562    -0.950    u_vga/CLK
    SLICE_X39Y38         FDCE                                         r  u_vga/v_count_reg[1]/C
  -------------------------------------------------------------------    -------------------
    SLICE_X39Y38         FDCE (Prop_fdce_C_Q)         0.456    -0.494 r  u_vga/v_count_reg[1]/Q
                         net (fo=11, routed)          0.886     0.392    u_vga/v_count_reg_n_0_[1]
    SLICE_X36Y38         LUT2 (Prop_lut2_I1_O)        0.124     0.516 r  u_vga/ram_reg_0_2_i_12/O
                         net (fo=1, routed)           0.000     0.516    u_vga/ram_reg_0_2_i_12_n_0
    SLICE_X36Y38         CARRY4 (Prop_carry4_S[1]_CO[3])
                                                      0.550     1.066 r  u_vga/ram_reg_0_2_i_6/CO[3]
                         net (fo=1, routed)           0.000     1.066    u_vga/ram_reg_0_2_i_6_n_0
    SLICE_X36Y39         CARRY4 (Prop_carry4_CI_O[0])
                                                      0.222     1.288 r  u_vga/rd_addr_final__0_carry_i_8/O[0]
                         net (fo=1, routed)           0.582     1.870    u_vga/frame_rd_addr0[11]
    SLICE_X37Y39         CARRY4 (Prop_carry4_S[1]_CO[3])
                                                      0.849     2.719 r  u_vga/rd_addr_final__0_carry_i_2/CO[3]
                         net (fo=1, routed)           0.000     2.719    u_vga/rd_addr_final__0_carry_i_2_n_0
    SLICE_X37Y40         CARRY4 (Prop_carry4_CI_O[1])
                                                      0.334     3.053 r  u_vga/rd_addr_final__0_carry__0_i_1/O[1]
                         net (fo=3, routed)           1.005     4.057    u_ping_pong/frame_rd_addr__0[5]
    SLICE_X39Y40         LUT3 (Prop_lut3_I2_O)        0.303     4.360 r  u_ping_pong/rd_addr_final__0_carry__0_i_5/O
                         net (fo=1, routed)           0.000     4.360    u_ping_pong/rd_addr_final__0_carry__0_i_5_n_0
    SLICE_X39Y40         CARRY4 (Prop_carry4_S[1]_O[2])
                                                      0.580     4.940 f  u_ping_pong/rd_addr_final__0_carry__0/O[2]
                         net (fo=4, routed)           0.829     5.770    u_ping_pong/rd_addr_final[16]
    SLICE_X41Y40         LUT2 (Prop_lut2_I1_O)        0.302     6.072 r  u_ping_pong/ram_reg_0_2_i_2/O
                         net (fo=12, routed)          3.979    10.051    u_ping_pong/ram_reg_0_2_i_2_n_0
    RAMB36_X2Y12         RAMB36E1                                     r  u_ping_pong/ram_reg_1_5/ENBWREN
  -------------------------------------------------------------------    -------------------

                         (clock clk_out1_clk_wiz_0_1 rise edge)
                                                     39.722    39.722 r  
    W5                                                0.000    39.722 r  clk_100mhz (IN)
                         net (fo=0)                   0.000    39.722    clk_gen/inst/clk_in1
    W5                   IBUF (Prop_ibuf_I_O)         1.388    41.110 r  clk_gen/inst/clkin1_ibufg/O
                         net (fo=1, routed)           1.162    42.272    clk_gen/inst/clk_in1_clk_wiz_0
    MMCME2_ADV_X1Y0      MMCME2_ADV (Prop_mmcme2_adv_CLKIN1_CLKOUT0)
                                                     -7.217    35.055 r  clk_gen/inst/mmcm_adv_inst/CLKOUT0
                         net (fo=1, routed)           1.581    36.636    clk_gen/inst/clk_out1_clk_wiz_0
    BUFGCTRL_X0Y1        BUFG (Prop_bufg_I_O)         0.091    36.727 r  clk_gen/inst/clkout1_buf/O
                         net (fo=55, routed)          1.482    38.209    u_ping_pong/clk_out1
    RAMB36_X2Y12         RAMB36E1                                     r  u_ping_pong/ram_reg_1_5/CLKBWRCLK
                         clock pessimism              0.484    38.692    
                         clock uncertainty           -0.098    38.594    
    RAMB36_X2Y12         RAMB36E1 (Setup_ramb36e1_CLKBWRCLK_ENBWREN)
                                                     -0.443    38.151    u_ping_pong/ram_reg_1_5
  -------------------------------------------------------------------
                         required time                         38.151    
                         arrival time                         -10.051    
  -------------------------------------------------------------------
                         slack                                 28.101    

Slack (MET) :             28.167ns  (required time - arrival time)
  Source:                 u_vga/v_count_reg[1]/C
                            (rising edge-triggered cell FDCE clocked by clk_out1_clk_wiz_0  {rise@0.000ns fall@19.861ns period=39.722ns})
  Destination:            u_ping_pong/ram_reg_0_5/ENBWREN
                            (rising edge-triggered cell RAMB36E1 clocked by clk_out1_clk_wiz_0_1  {rise@0.000ns fall@19.861ns period=39.722ns})
  Path Group:             clk_out1_clk_wiz_0_1
  Path Type:              Setup (Max at Slow Process Corner)
  Requirement:            39.722ns  (clk_out1_clk_wiz_0_1 rise@39.722ns - clk_out1_clk_wiz_0 rise@0.000ns)
  Data Path Delay:        10.937ns  (logic 3.720ns (34.013%)  route 7.217ns (65.987%))
  Logic Levels:           8  (CARRY4=5 LUT2=2 LUT3=1)
  Clock Path Skew:        -0.077ns (DCD - SCD + CPR)
    Destination Clock Delay (DCD):    -1.510ns = ( 38.212 - 39.722 ) 
    Source Clock Delay      (SCD):    -0.950ns
    Clock Pessimism Removal (CPR):    0.484ns
  Clock Uncertainty:      0.098ns  ((TSJ^2 + DJ^2)^1/2) / 2 + PE
    Total System Jitter     (TSJ):    0.071ns
    Discrete Jitter          (DJ):    0.183ns
    Phase Error              (PE):    0.000ns
  Clock Domain Crossing:  Inter clock paths are considered valid unless explicitly excluded by timing constraints such as set_clock_groups or set_false_path.

    Location             Delay type                Incr(ns)  Path(ns)    Netlist Resource(s)
  -------------------------------------------------------------------    -------------------
                         (clock clk_out1_clk_wiz_0 rise edge)
                                                      0.000     0.000 r  
    W5                                                0.000     0.000 r  clk_100mhz (IN)
                         net (fo=0)                   0.000     0.000    clk_gen/inst/clk_in1
    W5                   IBUF (Prop_ibuf_I_O)         1.458     1.458 r  clk_gen/inst/clkin1_ibufg/O
                         net (fo=1, routed)           1.233     2.691    clk_gen/inst/clk_in1_clk_wiz_0
    MMCME2_ADV_X1Y0      MMCME2_ADV (Prop_mmcme2_adv_CLKIN1_CLKOUT0)
                                                     -6.961    -4.269 r  clk_gen/inst/mmcm_adv_inst/CLKOUT0
                         net (fo=1, routed)           1.661    -2.608    clk_gen/inst/clk_out1_clk_wiz_0
    BUFGCTRL_X0Y1        BUFG (Prop_bufg_I_O)         0.096    -2.512 r  clk_gen/inst/clkout1_buf/O
                         net (fo=55, routed)          1.562    -0.950    u_vga/CLK
    SLICE_X39Y38         FDCE                                         r  u_vga/v_count_reg[1]/C
  -------------------------------------------------------------------    -------------------
    SLICE_X39Y38         FDCE (Prop_fdce_C_Q)         0.456    -0.494 r  u_vga/v_count_reg[1]/Q
                         net (fo=11, routed)          0.886     0.392    u_vga/v_count_reg_n_0_[1]
    SLICE_X36Y38         LUT2 (Prop_lut2_I1_O)        0.124     0.516 r  u_vga/ram_reg_0_2_i_12/O
                         net (fo=1, routed)           0.000     0.516    u_vga/ram_reg_0_2_i_12_n_0
    SLICE_X36Y38         CARRY4 (Prop_carry4_S[1]_CO[3])
                                                      0.550     1.066 r  u_vga/ram_reg_0_2_i_6/CO[3]
                         net (fo=1, routed)           0.000     1.066    u_vga/ram_reg_0_2_i_6_n_0
    SLICE_X36Y39         CARRY4 (Prop_carry4_CI_O[0])
                                                      0.222     1.288 r  u_vga/rd_addr_final__0_carry_i_8/O[0]
                         net (fo=1, routed)           0.582     1.870    u_vga/frame_rd_addr0[11]
    SLICE_X37Y39         CARRY4 (Prop_carry4_S[1]_CO[3])
                                                      0.849     2.719 r  u_vga/rd_addr_final__0_carry_i_2/CO[3]
                         net (fo=1, routed)           0.000     2.719    u_vga/rd_addr_final__0_carry_i_2_n_0
    SLICE_X37Y40         CARRY4 (Prop_carry4_CI_O[1])
                                                      0.334     3.053 r  u_vga/rd_addr_final__0_carry__0_i_1/O[1]
                         net (fo=3, routed)           1.005     4.057    u_ping_pong/frame_rd_addr__0[5]
    SLICE_X39Y40         LUT3 (Prop_lut3_I2_O)        0.303     4.360 r  u_ping_pong/rd_addr_final__0_carry__0_i_5/O
                         net (fo=1, routed)           0.000     4.360    u_ping_pong/rd_addr_final__0_carry__0_i_5_n_0
    SLICE_X39Y40         CARRY4 (Prop_carry4_S[1]_O[2])
                                                      0.580     4.940 f  u_ping_pong/rd_addr_final__0_carry__0/O[2]
                         net (fo=4, routed)           0.829     5.770    u_ping_pong/rd_addr_final[16]
    SLICE_X41Y40         LUT2 (Prop_lut2_I1_O)        0.302     6.072 r  u_ping_pong/ram_reg_0_2_i_2/O
                         net (fo=12, routed)          3.916     9.988    u_ping_pong/ram_reg_0_2_i_2_n_0
    RAMB36_X2Y11         RAMB36E1                                     r  u_ping_pong/ram_reg_0_5/ENBWREN
  -------------------------------------------------------------------    -------------------

                         (clock clk_out1_clk_wiz_0_1 rise edge)
                                                     39.722    39.722 r  
    W5                                                0.000    39.722 r  clk_100mhz (IN)
                         net (fo=0)                   0.000    39.722    clk_gen/inst/clk_in1
    W5                   IBUF (Prop_ibuf_I_O)         1.388    41.110 r  clk_gen/inst/clkin1_ibufg/O
                         net (fo=1, routed)           1.162    42.272    clk_gen/inst/clk_in1_clk_wiz_0
    MMCME2_ADV_X1Y0      MMCME2_ADV (Prop_mmcme2_adv_CLKIN1_CLKOUT0)
                                                     -7.217    35.055 r  clk_gen/inst/mmcm_adv_inst/CLKOUT0
                         net (fo=1, routed)           1.581    36.636    clk_gen/inst/clk_out1_clk_wiz_0
    BUFGCTRL_X0Y1        BUFG (Prop_bufg_I_O)         0.091    36.727 r  clk_gen/inst/clkout1_buf/O
                         net (fo=55, routed)          1.485    38.212    u_ping_pong/clk_out1
    RAMB36_X2Y11         RAMB36E1                                     r  u_ping_pong/ram_reg_0_5/CLKBWRCLK
                         clock pessimism              0.484    38.695    
                         clock uncertainty           -0.098    38.597    
    RAMB36_X2Y11         RAMB36E1 (Setup_ramb36e1_CLKBWRCLK_ENBWREN)
                                                     -0.443    38.154    u_ping_pong/ram_reg_0_5
  -------------------------------------------------------------------
                         required time                         38.154    
                         arrival time                          -9.988    
  -------------------------------------------------------------------
                         slack                                 28.167    

Slack (MET) :             28.576ns  (required time - arrival time)
  Source:                 u_vga/v_count_reg[1]/C
                            (rising edge-triggered cell FDCE clocked by clk_out1_clk_wiz_0  {rise@0.000ns fall@19.861ns period=39.722ns})
  Destination:            u_ping_pong/ram_reg_2_7__0/ENBWREN
                            (rising edge-triggered cell RAMB36E1 clocked by clk_out1_clk_wiz_0_1  {rise@0.000ns fall@19.861ns period=39.722ns})
  Path Group:             clk_out1_clk_wiz_0_1
  Path Type:              Setup (Max at Slow Process Corner)
  Requirement:            39.722ns  (clk_out1_clk_wiz_0_1 rise@39.722ns - clk_out1_clk_wiz_0 rise@0.000ns)
  Data Path Delay:        10.516ns  (logic 3.720ns (35.376%)  route 6.796ns (64.624%))
  Logic Levels:           8  (CARRY4=5 LUT2=1 LUT3=2)
  Clock Path Skew:        -0.089ns (DCD - SCD + CPR)
    Destination Clock Delay (DCD):    -1.522ns = ( 38.200 - 39.722 ) 
    Source Clock Delay      (SCD):    -0.950ns
    Clock Pessimism Removal (CPR):    0.484ns
  Clock Uncertainty:      0.098ns  ((TSJ^2 + DJ^2)^1/2) / 2 + PE
    Total System Jitter     (TSJ):    0.071ns
    Discrete Jitter          (DJ):    0.183ns
    Phase Error              (PE):    0.000ns
  Clock Domain Crossing:  Inter clock paths are considered valid unless explicitly excluded by timing constraints such as set_clock_groups or set_false_path.

    Location             Delay type                Incr(ns)  Path(ns)    Netlist Resource(s)
  -------------------------------------------------------------------    -------------------
                         (clock clk_out1_clk_wiz_0 rise edge)
                                                      0.000     0.000 r  
    W5                                                0.000     0.000 r  clk_100mhz (IN)
                         net (fo=0)                   0.000     0.000    clk_gen/inst/clk_in1
    W5                   IBUF (Prop_ibuf_I_O)         1.458     1.458 r  clk_gen/inst/clkin1_ibufg/O
                         net (fo=1, routed)           1.233     2.691    clk_gen/inst/clk_in1_clk_wiz_0
    MMCME2_ADV_X1Y0      MMCME2_ADV (Prop_mmcme2_adv_CLKIN1_CLKOUT0)
                                                     -6.961    -4.269 r  clk_gen/inst/mmcm_adv_inst/CLKOUT0
                         net (fo=1, routed)           1.661    -2.608    clk_gen/inst/clk_out1_clk_wiz_0
    BUFGCTRL_X0Y1        BUFG (Prop_bufg_I_O)         0.096    -2.512 r  clk_gen/inst/clkout1_buf/O
                         net (fo=55, routed)          1.562    -0.950    u_vga/CLK
    SLICE_X39Y38         FDCE                                         r  u_vga/v_count_reg[1]/C
  -------------------------------------------------------------------    -------------------
    SLICE_X39Y38         FDCE (Prop_fdce_C_Q)         0.456    -0.494 r  u_vga/v_count_reg[1]/Q
                         net (fo=11, routed)          0.886     0.392    u_vga/v_count_reg_n_0_[1]
    SLICE_X36Y38         LUT2 (Prop_lut2_I1_O)        0.124     0.516 r  u_vga/ram_reg_0_2_i_12/O
                         net (fo=1, routed)           0.000     0.516    u_vga/ram_reg_0_2_i_12_n_0
    SLICE_X36Y38         CARRY4 (Prop_carry4_S[1]_CO[3])
                                                      0.550     1.066 r  u_vga/ram_reg_0_2_i_6/CO[3]
                         net (fo=1, routed)           0.000     1.066    u_vga/ram_reg_0_2_i_6_n_0
    SLICE_X36Y39         CARRY4 (Prop_carry4_CI_O[0])
                                                      0.222     1.288 r  u_vga/rd_addr_final__0_carry_i_8/O[0]
                         net (fo=1, routed)           0.582     1.870    u_vga/frame_rd_addr0[11]
    SLICE_X37Y39         CARRY4 (Prop_carry4_S[1]_CO[3])
                                                      0.849     2.719 r  u_vga/rd_addr_final__0_carry_i_2/CO[3]
                         net (fo=1, routed)           0.000     2.719    u_vga/rd_addr_final__0_carry_i_2_n_0
    SLICE_X37Y40         CARRY4 (Prop_carry4_CI_O[1])
                                                      0.334     3.053 r  u_vga/rd_addr_final__0_carry__0_i_1/O[1]
                         net (fo=3, routed)           1.005     4.057    u_ping_pong/frame_rd_addr__0[5]
    SLICE_X39Y40         LUT3 (Prop_lut3_I2_O)        0.303     4.360 r  u_ping_pong/rd_addr_final__0_carry__0_i_5/O
                         net (fo=1, routed)           0.000     4.360    u_ping_pong/rd_addr_final__0_carry__0_i_5_n_0
    SLICE_X39Y40         CARRY4 (Prop_carry4_S[1]_O[2])
                                                      0.580     4.940 f  u_ping_pong/rd_addr_final__0_carry__0/O[2]
                         net (fo=4, routed)           0.830     5.771    u_ping_pong/rd_addr_final[16]
    SLICE_X41Y40         LUT3 (Prop_lut3_I2_O)        0.302     6.073 r  u_ping_pong/ram_reg_2_2__0_i_2/O
                         net (fo=6, routed)           3.493     9.566    u_ping_pong/ram_reg_2_2__0_i_2_n_0
    RAMB36_X2Y14         RAMB36E1                                     r  u_ping_pong/ram_reg_2_7__0/ENBWREN
  -------------------------------------------------------------------    -------------------

                         (clock clk_out1_clk_wiz_0_1 rise edge)
                                                     39.722    39.722 r  
    W5                                                0.000    39.722 r  clk_100mhz (IN)
                         net (fo=0)                   0.000    39.722    clk_gen/inst/clk_in1
    W5                   IBUF (Prop_ibuf_I_O)         1.388    41.110 r  clk_gen/inst/clkin1_ibufg/O
                         net (fo=1, routed)           1.162    42.272    clk_gen/inst/clk_in1_clk_wiz_0
    MMCME2_ADV_X1Y0      MMCME2_ADV (Prop_mmcme2_adv_CLKIN1_CLKOUT0)
                                                     -7.217    35.055 r  clk_gen/inst/mmcm_adv_inst/CLKOUT0
                         net (fo=1, routed)           1.581    36.636    clk_gen/inst/clk_out1_clk_wiz_0
    BUFGCTRL_X0Y1        BUFG (Prop_bufg_I_O)         0.091    36.727 r  clk_gen/inst/clkout1_buf/O
                         net (fo=55, routed)          1.473    38.200    u_ping_pong/clk_out1
    RAMB36_X2Y14         RAMB36E1                                     r  u_ping_pong/ram_reg_2_7__0/CLKBWRCLK
                         clock pessimism              0.484    38.683    
                         clock uncertainty           -0.098    38.585    
    RAMB36_X2Y14         RAMB36E1 (Setup_ramb36e1_CLKBWRCLK_ENBWREN)
                                                     -0.443    38.142    u_ping_pong/ram_reg_2_7__0
  -------------------------------------------------------------------
                         required time                         38.142    
                         arrival time                          -9.566    
  -------------------------------------------------------------------
                         slack                                 28.576    

Slack (MET) :             28.614ns  (required time - arrival time)
  Source:                 u_vga/v_count_reg[1]/C
                            (rising edge-triggered cell FDCE clocked by clk_out1_clk_wiz_0  {rise@0.000ns fall@19.861ns period=39.722ns})
  Destination:            u_ping_pong/ram_reg_1_6/ENBWREN
                            (rising edge-triggered cell RAMB36E1 clocked by clk_out1_clk_wiz_0_1  {rise@0.000ns fall@19.861ns period=39.722ns})
  Path Group:             clk_out1_clk_wiz_0_1
  Path Type:              Setup (Max at Slow Process Corner)
  Requirement:            39.722ns  (clk_out1_clk_wiz_0_1 rise@39.722ns - clk_out1_clk_wiz_0 rise@0.000ns)
  Data Path Delay:        10.491ns  (logic 3.720ns (35.459%)  route 6.771ns (64.541%))
  Logic Levels:           8  (CARRY4=5 LUT2=2 LUT3=1)
  Clock Path Skew:        -0.076ns (DCD - SCD + CPR)
    Destination Clock Delay (DCD):    -1.509ns = ( 38.213 - 39.722 ) 
    Source Clock Delay      (SCD):    -0.950ns
    Clock Pessimism Removal (CPR):    0.484ns
  Clock Uncertainty:      0.098ns  ((TSJ^2 + DJ^2)^1/2) / 2 + PE
    Total System Jitter     (TSJ):    0.071ns
    Discrete Jitter          (DJ):    0.183ns
    Phase Error              (PE):    0.000ns
  Clock Domain Crossing:  Inter clock paths are considered valid unless explicitly excluded by timing constraints such as set_clock_groups or set_false_path.

    Location             Delay type                Incr(ns)  Path(ns)    Netlist Resource(s)
  -------------------------------------------------------------------    -------------------
                         (clock clk_out1_clk_wiz_0 rise edge)
                                                      0.000     0.000 r  
    W5                                                0.000     0.000 r  clk_100mhz (IN)
                         net (fo=0)                   0.000     0.000    clk_gen/inst/clk_in1
    W5                   IBUF (Prop_ibuf_I_O)         1.458     1.458 r  clk_gen/inst/clkin1_ibufg/O
                         net (fo=1, routed)           1.233     2.691    clk_gen/inst/clk_in1_clk_wiz_0
    MMCME2_ADV_X1Y0      MMCME2_ADV (Prop_mmcme2_adv_CLKIN1_CLKOUT0)
                                                     -6.961    -4.269 r  clk_gen/inst/mmcm_adv_inst/CLKOUT0
                         net (fo=1, routed)           1.661    -2.608    clk_gen/inst/clk_out1_clk_wiz_0
    BUFGCTRL_X0Y1        BUFG (Prop_bufg_I_O)         0.096    -2.512 r  clk_gen/inst/clkout1_buf/O
                         net (fo=55, routed)          1.562    -0.950    u_vga/CLK
    SLICE_X39Y38         FDCE                                         r  u_vga/v_count_reg[1]/C
  -------------------------------------------------------------------    -------------------
    SLICE_X39Y38         FDCE (Prop_fdce_C_Q)         0.456    -0.494 r  u_vga/v_count_reg[1]/Q
                         net (fo=11, routed)          0.886     0.392    u_vga/v_count_reg_n_0_[1]
    SLICE_X36Y38         LUT2 (Prop_lut2_I1_O)        0.124     0.516 r  u_vga/ram_reg_0_2_i_12/O
                         net (fo=1, routed)           0.000     0.516    u_vga/ram_reg_0_2_i_12_n_0
    SLICE_X36Y38         CARRY4 (Prop_carry4_S[1]_CO[3])
                                                      0.550     1.066 r  u_vga/ram_reg_0_2_i_6/CO[3]
                         net (fo=1, routed)           0.000     1.066    u_vga/ram_reg_0_2_i_6_n_0
    SLICE_X36Y39         CARRY4 (Prop_carry4_CI_O[0])
                                                      0.222     1.288 r  u_vga/rd_addr_final__0_carry_i_8/O[0]
                         net (fo=1, routed)           0.582     1.870    u_vga/frame_rd_addr0[11]
    SLICE_X37Y39         CARRY4 (Prop_carry4_S[1]_CO[3])
                                                      0.849     2.719 r  u_vga/rd_addr_final__0_carry_i_2/CO[3]
                         net (fo=1, routed)           0.000     2.719    u_vga/rd_addr_final__0_carry_i_2_n_0
    SLICE_X37Y40         CARRY4 (Prop_carry4_CI_O[1])
                                                      0.334     3.053 r  u_vga/rd_addr_final__0_carry__0_i_1/O[1]
                         net (fo=3, routed)           1.005     4.057    u_ping_pong/frame_rd_addr__0[5]
    SLICE_X39Y40         LUT3 (Prop_lut3_I2_O)        0.303     4.360 r  u_ping_pong/rd_addr_final__0_carry__0_i_5/O
                         net (fo=1, routed)           0.000     4.360    u_ping_pong/rd_addr_final__0_carry__0_i_5_n_0
    SLICE_X39Y40         CARRY4 (Prop_carry4_S[1]_O[2])
                                                      0.580     4.940 f  u_ping_pong/rd_addr_final__0_carry__0/O[2]
                         net (fo=4, routed)           0.829     5.770    u_ping_pong/rd_addr_final[16]
    SLICE_X41Y40         LUT2 (Prop_lut2_I1_O)        0.302     6.072 r  u_ping_pong/ram_reg_0_2_i_2/O
                         net (fo=12, routed)          3.469     9.541    u_ping_pong/ram_reg_0_2_i_2_n_0
    RAMB36_X2Y10         RAMB36E1                                     r  u_ping_pong/ram_reg_1_6/ENBWREN
  -------------------------------------------------------------------    -------------------

                         (clock clk_out1_clk_wiz_0_1 rise edge)
                                                     39.722    39.722 r  
    W5                                                0.000    39.722 r  clk_100mhz (IN)
                         net (fo=0)                   0.000    39.722    clk_gen/inst/clk_in1
    W5                   IBUF (Prop_ibuf_I_O)         1.388    41.110 r  clk_gen/inst/clkin1_ibufg/O
                         net (fo=1, routed)           1.162    42.272    clk_gen/inst/clk_in1_clk_wiz_0
    MMCME2_ADV_X1Y0      MMCME2_ADV (Prop_mmcme2_adv_CLKIN1_CLKOUT0)
                                                     -7.217    35.055 r  clk_gen/inst/mmcm_adv_inst/CLKOUT0
                         net (fo=1, routed)           1.581    36.636    clk_gen/inst/clk_out1_clk_wiz_0
    BUFGCTRL_X0Y1        BUFG (Prop_bufg_I_O)         0.091    36.727 r  clk_gen/inst/clkout1_buf/O
                         net (fo=55, routed)          1.486    38.213    u_ping_pong/clk_out1
    RAMB36_X2Y10         RAMB36E1                                     r  u_ping_pong/ram_reg_1_6/CLKBWRCLK
                         clock pessimism              0.484    38.696    
                         clock uncertainty           -0.098    38.598    
    RAMB36_X2Y10         RAMB36E1 (Setup_ramb36e1_CLKBWRCLK_ENBWREN)
                                                     -0.443    38.155    u_ping_pong/ram_reg_1_6
  -------------------------------------------------------------------
                         required time                         38.155    
                         arrival time                          -9.541    
  -------------------------------------------------------------------
                         slack                                 28.614    

Slack (MET) :             28.736ns  (required time - arrival time)
  Source:                 u_vga/v_count_reg[1]/C
                            (rising edge-triggered cell FDCE clocked by clk_out1_clk_wiz_0  {rise@0.000ns fall@19.861ns period=39.722ns})
  Destination:            u_ping_pong/ram_reg_2_5__0/ENBWREN
                            (rising edge-triggered cell RAMB36E1 clocked by clk_out1_clk_wiz_0_1  {rise@0.000ns fall@19.861ns period=39.722ns})
  Path Group:             clk_out1_clk_wiz_0_1
  Path Type:              Setup (Max at Slow Process Corner)
  Requirement:            39.722ns  (clk_out1_clk_wiz_0_1 rise@39.722ns - clk_out1_clk_wiz_0 rise@0.000ns)
  Data Path Delay:        10.361ns  (logic 3.720ns (35.904%)  route 6.641ns (64.096%))
  Logic Levels:           8  (CARRY4=5 LUT2=1 LUT3=2)
  Clock Path Skew:        -0.084ns (DCD - SCD + CPR)
    Destination Clock Delay (DCD):    -1.517ns = ( 38.205 - 39.722 ) 
    Source Clock Delay      (SCD):    -0.950ns
    Clock Pessimism Removal (CPR):    0.484ns
  Clock Uncertainty:      0.098ns  ((TSJ^2 + DJ^2)^1/2) / 2 + PE
    Total System Jitter     (TSJ):    0.071ns
    Discrete Jitter          (DJ):    0.183ns
    Phase Error              (PE):    0.000ns
  Clock Domain Crossing:  Inter clock paths are considered valid unless explicitly excluded by timing constraints such as set_clock_groups or set_false_path.

    Location             Delay type                Incr(ns)  Path(ns)    Netlist Resource(s)
  -------------------------------------------------------------------    -------------------
                         (clock clk_out1_clk_wiz_0 rise edge)
                                                      0.000     0.000 r  
    W5                                                0.000     0.000 r  clk_100mhz (IN)
                         net (fo=0)                   0.000     0.000    clk_gen/inst/clk_in1
    W5                   IBUF (Prop_ibuf_I_O)         1.458     1.458 r  clk_gen/inst/clkin1_ibufg/O
                         net (fo=1, routed)           1.233     2.691    clk_gen/inst/clk_in1_clk_wiz_0
    MMCME2_ADV_X1Y0      MMCME2_ADV (Prop_mmcme2_adv_CLKIN1_CLKOUT0)
                                                     -6.961    -4.269 r  clk_gen/inst/mmcm_adv_inst/CLKOUT0
                         net (fo=1, routed)           1.661    -2.608    clk_gen/inst/clk_out1_clk_wiz_0
    BUFGCTRL_X0Y1        BUFG (Prop_bufg_I_O)         0.096    -2.512 r  clk_gen/inst/clkout1_buf/O
                         net (fo=55, routed)          1.562    -0.950    u_vga/CLK
    SLICE_X39Y38         FDCE                                         r  u_vga/v_count_reg[1]/C
  -------------------------------------------------------------------    -------------------
    SLICE_X39Y38         FDCE (Prop_fdce_C_Q)         0.456    -0.494 r  u_vga/v_count_reg[1]/Q
                         net (fo=11, routed)          0.886     0.392    u_vga/v_count_reg_n_0_[1]
    SLICE_X36Y38         LUT2 (Prop_lut2_I1_O)        0.124     0.516 r  u_vga/ram_reg_0_2_i_12/O
                         net (fo=1, routed)           0.000     0.516    u_vga/ram_reg_0_2_i_12_n_0
    SLICE_X36Y38         CARRY4 (Prop_carry4_S[1]_CO[3])
                                                      0.550     1.066 r  u_vga/ram_reg_0_2_i_6/CO[3]
                         net (fo=1, routed)           0.000     1.066    u_vga/ram_reg_0_2_i_6_n_0
    SLICE_X36Y39         CARRY4 (Prop_carry4_CI_O[0])
                                                      0.222     1.288 r  u_vga/rd_addr_final__0_carry_i_8/O[0]
                         net (fo=1, routed)           0.582     1.870    u_vga/frame_rd_addr0[11]
    SLICE_X37Y39         CARRY4 (Prop_carry4_S[1]_CO[3])
                                                      0.849     2.719 r  u_vga/rd_addr_final__0_carry_i_2/CO[3]
                         net (fo=1, routed)           0.000     2.719    u_vga/rd_addr_final__0_carry_i_2_n_0
    SLICE_X37Y40         CARRY4 (Prop_carry4_CI_O[1])
                                                      0.334     3.053 r  u_vga/rd_addr_final__0_carry__0_i_1/O[1]
                         net (fo=3, routed)           1.005     4.057    u_ping_pong/frame_rd_addr__0[5]
    SLICE_X39Y40         LUT3 (Prop_lut3_I2_O)        0.303     4.360 r  u_ping_pong/rd_addr_final__0_carry__0_i_5/O
                         net (fo=1, routed)           0.000     4.360    u_ping_pong/rd_addr_final__0_carry__0_i_5_n_0
    SLICE_X39Y40         CARRY4 (Prop_carry4_S[1]_O[2])
                                                      0.580     4.940 f  u_ping_pong/rd_addr_final__0_carry__0/O[2]
                         net (fo=4, routed)           0.830     5.771    u_ping_pong/rd_addr_final[16]
    SLICE_X41Y40         LUT3 (Prop_lut3_I2_O)        0.302     6.073 r  u_ping_pong/ram_reg_2_2__0_i_2/O
                         net (fo=6, routed)           3.339     9.411    u_ping_pong/ram_reg_2_2__0_i_2_n_0
    RAMB36_X2Y13         RAMB36E1                                     r  u_ping_pong/ram_reg_2_5__0/ENBWREN
  -------------------------------------------------------------------    -------------------

                         (clock clk_out1_clk_wiz_0_1 rise edge)
                                                     39.722    39.722 r  
    W5                                                0.000    39.722 r  clk_100mhz (IN)
                         net (fo=0)                   0.000    39.722    clk_gen/inst/clk_in1
    W5                   IBUF (Prop_ibuf_I_O)         1.388    41.110 r  clk_gen/inst/clkin1_ibufg/O
                         net (fo=1, routed)           1.162    42.272    clk_gen/inst/clk_in1_clk_wiz_0
    MMCME2_ADV_X1Y0      MMCME2_ADV (Prop_mmcme2_adv_CLKIN1_CLKOUT0)
                                                     -7.217    35.055 r  clk_gen/inst/mmcm_adv_inst/CLKOUT0
                         net (fo=1, routed)           1.581    36.636    clk_gen/inst/clk_out1_clk_wiz_0
    BUFGCTRL_X0Y1        BUFG (Prop_bufg_I_O)         0.091    36.727 r  clk_gen/inst/clkout1_buf/O
                         net (fo=55, routed)          1.478    38.205    u_ping_pong/clk_out1
    RAMB36_X2Y13         RAMB36E1                                     r  u_ping_pong/ram_reg_2_5__0/CLKBWRCLK
                         clock pessimism              0.484    38.688    
                         clock uncertainty           -0.098    38.590    
    RAMB36_X2Y13         RAMB36E1 (Setup_ramb36e1_CLKBWRCLK_ENBWREN)
                                                     -0.443    38.147    u_ping_pong/ram_reg_2_5__0
  -------------------------------------------------------------------
                         required time                         38.147    
                         arrival time                          -9.411    
  -------------------------------------------------------------------
                         slack                                 28.736    

Slack (MET) :             28.908ns  (required time - arrival time)
  Source:                 u_vga/v_count_reg[1]/C
                            (rising edge-triggered cell FDCE clocked by clk_out1_clk_wiz_0  {rise@0.000ns fall@19.861ns period=39.722ns})
  Destination:            u_ping_pong/ram_reg_0_6/ENBWREN
                            (rising edge-triggered cell RAMB36E1 clocked by clk_out1_clk_wiz_0_1  {rise@0.000ns fall@19.861ns period=39.722ns})
  Path Group:             clk_out1_clk_wiz_0_1
  Path Type:              Setup (Max at Slow Process Corner)
  Requirement:            39.722ns  (clk_out1_clk_wiz_0_1 rise@39.722ns - clk_out1_clk_wiz_0 rise@0.000ns)
  Data Path Delay:        10.286ns  (logic 3.720ns (36.165%)  route 6.566ns (63.835%))
  Logic Levels:           8  (CARRY4=5 LUT2=2 LUT3=1)
  Clock Path Skew:        0.013ns (DCD - SCD + CPR)
    Destination Clock Delay (DCD):    -1.500ns = ( 38.223 - 39.722 ) 
    Source Clock Delay      (SCD):    -0.950ns
    Clock Pessimism Removal (CPR):    0.564ns
  Clock Uncertainty:      0.098ns  ((TSJ^2 + DJ^2)^1/2) / 2 + PE
    Total System Jitter     (TSJ):    0.071ns
    Discrete Jitter          (DJ):    0.183ns
    Phase Error              (PE):    0.000ns
  Clock Domain Crossing:  Inter clock paths are considered valid unless explicitly excluded by timing constraints such as set_clock_groups or set_false_path.

    Location             Delay type                Incr(ns)  Path(ns)    Netlist Resource(s)
  -------------------------------------------------------------------    -------------------
                         (clock clk_out1_clk_wiz_0 rise edge)
                                                      0.000     0.000 r  
    W5                                                0.000     0.000 r  clk_100mhz (IN)
                         net (fo=0)                   0.000     0.000    clk_gen/inst/clk_in1
    W5                   IBUF (Prop_ibuf_I_O)         1.458     1.458 r  clk_gen/inst/clkin1_ibufg/O
                         net (fo=1, routed)           1.233     2.691    clk_gen/inst/clk_in1_clk_wiz_0
    MMCME2_ADV_X1Y0      MMCME2_ADV (Prop_mmcme2_adv_CLKIN1_CLKOUT0)
                                                     -6.961    -4.269 r  clk_gen/inst/mmcm_adv_inst/CLKOUT0
                         net (fo=1, routed)           1.661    -2.608    clk_gen/inst/clk_out1_clk_wiz_0
    BUFGCTRL_X0Y1        BUFG (Prop_bufg_I_O)         0.096    -2.512 r  clk_gen/inst/clkout1_buf/O
                         net (fo=55, routed)          1.562    -0.950    u_vga/CLK
    SLICE_X39Y38         FDCE                                         r  u_vga/v_count_reg[1]/C
  -------------------------------------------------------------------    -------------------
    SLICE_X39Y38         FDCE (Prop_fdce_C_Q)         0.456    -0.494 r  u_vga/v_count_reg[1]/Q
                         net (fo=11, routed)          0.886     0.392    u_vga/v_count_reg_n_0_[1]
    SLICE_X36Y38         LUT2 (Prop_lut2_I1_O)        0.124     0.516 r  u_vga/ram_reg_0_2_i_12/O
                         net (fo=1, routed)           0.000     0.516    u_vga/ram_reg_0_2_i_12_n_0
    SLICE_X36Y38         CARRY4 (Prop_carry4_S[1]_CO[3])
                                                      0.550     1.066 r  u_vga/ram_reg_0_2_i_6/CO[3]
                         net (fo=1, routed)           0.000     1.066    u_vga/ram_reg_0_2_i_6_n_0
    SLICE_X36Y39         CARRY4 (Prop_carry4_CI_O[0])
                                                      0.222     1.288 r  u_vga/rd_addr_final__0_carry_i_8/O[0]
                         net (fo=1, routed)           0.582     1.870    u_vga/frame_rd_addr0[11]
    SLICE_X37Y39         CARRY4 (Prop_carry4_S[1]_CO[3])
                                                      0.849     2.719 r  u_vga/rd_addr_final__0_carry_i_2/CO[3]
                         net (fo=1, routed)           0.000     2.719    u_vga/rd_addr_final__0_carry_i_2_n_0
    SLICE_X37Y40         CARRY4 (Prop_carry4_CI_O[1])
                                                      0.334     3.053 r  u_vga/rd_addr_final__0_carry__0_i_1/O[1]
                         net (fo=3, routed)           1.005     4.057    u_ping_pong/frame_rd_addr__0[5]
    SLICE_X39Y40         LUT3 (Prop_lut3_I2_O)        0.303     4.360 r  u_ping_pong/rd_addr_final__0_carry__0_i_5/O
                         net (fo=1, routed)           0.000     4.360    u_ping_pong/rd_addr_final__0_carry__0_i_5_n_0
    SLICE_X39Y40         CARRY4 (Prop_carry4_S[1]_O[2])
                                                      0.580     4.940 f  u_ping_pong/rd_addr_final__0_carry__0/O[2]
                         net (fo=4, routed)           0.829     5.770    u_ping_pong/rd_addr_final[16]
    SLICE_X41Y40         LUT2 (Prop_lut2_I1_O)        0.302     6.072 r  u_ping_pong/ram_reg_0_2_i_2/O
                         net (fo=12, routed)          3.265     9.337    u_ping_pong/ram_reg_0_2_i_2_n_0
    RAMB36_X2Y9          RAMB36E1                                     r  u_ping_pong/ram_reg_0_6/ENBWREN
  -------------------------------------------------------------------    -------------------

                         (clock clk_out1_clk_wiz_0_1 rise edge)
                                                     39.722    39.722 r  
    W5                                                0.000    39.722 r  clk_100mhz (IN)
                         net (fo=0)                   0.000    39.722    clk_gen/inst/clk_in1
    W5                   IBUF (Prop_ibuf_I_O)         1.388    41.110 r  clk_gen/inst/clkin1_ibufg/O
                         net (fo=1, routed)           1.162    42.272    clk_gen/inst/clk_in1_clk_wiz_0
    MMCME2_ADV_X1Y0      MMCME2_ADV (Prop_mmcme2_adv_CLKIN1_CLKOUT0)
                                                     -7.217    35.055 r  clk_gen/inst/mmcm_adv_inst/CLKOUT0
                         net (fo=1, routed)           1.581    36.636    clk_gen/inst/clk_out1_clk_wiz_0
    BUFGCTRL_X0Y1        BUFG (Prop_bufg_I_O)         0.091    36.727 r  clk_gen/inst/clkout1_buf/O
                         net (fo=55, routed)          1.496    38.223    u_ping_pong/clk_out1
    RAMB36_X2Y9          RAMB36E1                                     r  u_ping_pong/ram_reg_0_6/CLKBWRCLK
                         clock pessimism              0.564    38.786    
                         clock uncertainty           -0.098    38.688    
    RAMB36_X2Y9          RAMB36E1 (Setup_ramb36e1_CLKBWRCLK_ENBWREN)
                                                     -0.443    38.245    u_ping_pong/ram_reg_0_6
  -------------------------------------------------------------------
                         required time                         38.245    
                         arrival time                          -9.337    
  -------------------------------------------------------------------
                         slack                                 28.908    

Slack (MET) :             29.359ns  (required time - arrival time)
  Source:                 u_vga/v_count_reg[1]/C
                            (rising edge-triggered cell FDCE clocked by clk_out1_clk_wiz_0  {rise@0.000ns fall@19.861ns period=39.722ns})
  Destination:            u_ping_pong/ram_reg_2_7__0/ADDRBWRADDR[13]
                            (rising edge-triggered cell RAMB36E1 clocked by clk_out1_clk_wiz_0_1  {rise@0.000ns fall@19.861ns period=39.722ns})
  Path Group:             clk_out1_clk_wiz_0_1
  Path Type:              Setup (Max at Slow Process Corner)
  Requirement:            39.722ns  (clk_out1_clk_wiz_0_1 rise@39.722ns - clk_out1_clk_wiz_0 rise@0.000ns)
  Data Path Delay:        9.428ns  (logic 3.140ns (33.304%)  route 6.288ns (66.696%))
  Logic Levels:           6  (CARRY4=4 LUT2=1 LUT3=1)
  Clock Path Skew:        -0.089ns (DCD - SCD + CPR)
    Destination Clock Delay (DCD):    -1.522ns = ( 38.200 - 39.722 ) 
    Source Clock Delay      (SCD):    -0.950ns
    Clock Pessimism Removal (CPR):    0.484ns
  Clock Uncertainty:      0.098ns  ((TSJ^2 + DJ^2)^1/2) / 2 + PE
    Total System Jitter     (TSJ):    0.071ns
    Discrete Jitter          (DJ):    0.183ns
    Phase Error              (PE):    0.000ns
  Clock Domain Crossing:  Inter clock paths are considered valid unless explicitly excluded by timing constraints such as set_clock_groups or set_false_path.

    Location             Delay type                Incr(ns)  Path(ns)    Netlist Resource(s)
  -------------------------------------------------------------------    -------------------
                         (clock clk_out1_clk_wiz_0 rise edge)
                                                      0.000     0.000 r  
    W5                                                0.000     0.000 r  clk_100mhz (IN)
                         net (fo=0)                   0.000     0.000    clk_gen/inst/clk_in1
    W5                   IBUF (Prop_ibuf_I_O)         1.458     1.458 r  clk_gen/inst/clkin1_ibufg/O
                         net (fo=1, routed)           1.233     2.691    clk_gen/inst/clk_in1_clk_wiz_0
    MMCME2_ADV_X1Y0      MMCME2_ADV (Prop_mmcme2_adv_CLKIN1_CLKOUT0)
                                                     -6.961    -4.269 r  clk_gen/inst/mmcm_adv_inst/CLKOUT0
                         net (fo=1, routed)           1.661    -2.608    clk_gen/inst/clk_out1_clk_wiz_0
    BUFGCTRL_X0Y1        BUFG (Prop_bufg_I_O)         0.096    -2.512 r  clk_gen/inst/clkout1_buf/O
                         net (fo=55, routed)          1.562    -0.950    u_vga/CLK
    SLICE_X39Y38         FDCE                                         r  u_vga/v_count_reg[1]/C
  -------------------------------------------------------------------    -------------------
    SLICE_X39Y38         FDCE (Prop_fdce_C_Q)         0.456    -0.494 r  u_vga/v_count_reg[1]/Q
                         net (fo=11, routed)          0.886     0.392    u_vga/v_count_reg_n_0_[1]
    SLICE_X36Y38         LUT2 (Prop_lut2_I1_O)        0.124     0.516 r  u_vga/ram_reg_0_2_i_12/O
                         net (fo=1, routed)           0.000     0.516    u_vga/ram_reg_0_2_i_12_n_0
    SLICE_X36Y38         CARRY4 (Prop_carry4_S[1]_O[2])
                                                      0.580     1.096 r  u_vga/ram_reg_0_2_i_6/O[2]
                         net (fo=1, routed)           0.600     1.696    u_vga/frame_rd_addr0[9]
    SLICE_X37Y38         CARRY4 (Prop_carry4_S[3]_CO[3])
                                                      0.703     2.399 r  u_vga/ram_reg_0_2_i_3/CO[3]
                         net (fo=1, routed)           0.000     2.399    u_vga/ram_reg_0_2_i_3_n_0
    SLICE_X37Y39         CARRY4 (Prop_carry4_CI_O[1])
                                                      0.334     2.733 r  u_vga/rd_addr_final__0_carry_i_2/O[1]
                         net (fo=3, routed)           1.005     3.737    u_ping_pong/frame_rd_addr__0[1]
    SLICE_X39Y39         LUT3 (Prop_lut3_I2_O)        0.303     4.040 r  u_ping_pong/rd_addr_final__0_carry_i_6/O
                         net (fo=1, routed)           0.000     4.040    u_ping_pong/rd_addr_final__0_carry_i_6_n_0
    SLICE_X39Y39         CARRY4 (Prop_carry4_S[1]_O[3])
                                                      0.640     4.680 r  u_ping_pong/rd_addr_final__0_carry/O[3]
                         net (fo=30, routed)          3.798     8.479    u_ping_pong/rd_addr_final[13]
    RAMB36_X2Y14         RAMB36E1                                     r  u_ping_pong/ram_reg_2_7__0/ADDRBWRADDR[13]
  -------------------------------------------------------------------    -------------------

                         (clock clk_out1_clk_wiz_0_1 rise edge)
                                                     39.722    39.722 r  
    W5                                                0.000    39.722 r  clk_100mhz (IN)
                         net (fo=0)                   0.000    39.722    clk_gen/inst/clk_in1
    W5                   IBUF (Prop_ibuf_I_O)         1.388    41.110 r  clk_gen/inst/clkin1_ibufg/O
                         net (fo=1, routed)           1.162    42.272    clk_gen/inst/clk_in1_clk_wiz_0
    MMCME2_ADV_X1Y0      MMCME2_ADV (Prop_mmcme2_adv_CLKIN1_CLKOUT0)
                                                     -7.217    35.055 r  clk_gen/inst/mmcm_adv_inst/CLKOUT0
                         net (fo=1, routed)           1.581    36.636    clk_gen/inst/clk_out1_clk_wiz_0
    BUFGCTRL_X0Y1        BUFG (Prop_bufg_I_O)         0.091    36.727 r  clk_gen/inst/clkout1_buf/O
                         net (fo=55, routed)          1.473    38.200    u_ping_pong/clk_out1
    RAMB36_X2Y14         RAMB36E1                                     r  u_ping_pong/ram_reg_2_7__0/CLKBWRCLK
                         clock pessimism              0.484    38.683    
                         clock uncertainty           -0.098    38.585    
    RAMB36_X2Y14         RAMB36E1 (Setup_ramb36e1_CLKBWRCLK_ADDRBWRADDR[13])
                                                     -0.748    37.837    u_ping_pong/ram_reg_2_7__0
  -------------------------------------------------------------------
                         required time                         37.837    
                         arrival time                          -8.479    
  -------------------------------------------------------------------
                         slack                                 29.359    





Min Delay Paths
--------------------------------------------------------------------------------------
Slack (MET) :             0.082ns  (arrival time - required time)
  Source:                 u_vga/h_count_reg[0]/C
                            (rising edge-triggered cell FDCE clocked by clk_out1_clk_wiz_0  {rise@0.000ns fall@19.861ns period=39.722ns})
  Destination:            u_vga/h_count_reg[3]/D
                            (rising edge-triggered cell FDCE clocked by clk_out1_clk_wiz_0_1  {rise@0.000ns fall@19.861ns period=39.722ns})
  Path Group:             clk_out1_clk_wiz_0_1
  Path Type:              Hold (Min at Fast Process Corner)
  Requirement:            0.000ns  (clk_out1_clk_wiz_0_1 rise@0.000ns - clk_out1_clk_wiz_0 rise@0.000ns)
  Data Path Delay:        0.300ns  (logic 0.190ns (63.351%)  route 0.110ns (36.650%))
  Logic Levels:           1  (LUT5=1)
  Clock Path Skew:        0.013ns (DCD - SCD - CPR)
    Destination Clock Delay (DCD):    -0.863ns
    Source Clock Delay      (SCD):    -0.622ns
    Clock Pessimism Removal (CPR):    -0.253ns
  Clock Uncertainty:      0.098ns  ((TSJ^2 + DJ^2)^1/2) / 2 + PE
    Total System Jitter     (TSJ):    0.071ns
    Discrete Jitter          (DJ):    0.183ns
    Phase Error              (PE):    0.000ns
  Clock Domain Crossing:  Inter clock paths are considered valid unless explicitly excluded by timing constraints such as set_clock_groups or set_false_path.

    Location             Delay type                Incr(ns)  Path(ns)    Netlist Resource(s)
  -------------------------------------------------------------------    -------------------
                         (clock clk_out1_clk_wiz_0 rise edge)
                                                      0.000     0.000 r  
    W5                                                0.000     0.000 r  clk_100mhz (IN)
                         net (fo=0)                   0.000     0.000    clk_gen/inst/clk_in1
    W5                   IBUF (Prop_ibuf_I_O)         0.226     0.226 r  clk_gen/inst/clkin1_ibufg/O
                         net (fo=1, routed)           0.440     0.667    clk_gen/inst/clk_in1_clk_wiz_0
    MMCME2_ADV_X1Y0      MMCME2_ADV (Prop_mmcme2_adv_CLKIN1_CLKOUT0)
                                                     -2.360    -1.693 r  clk_gen/inst/mmcm_adv_inst/CLKOUT0
                         net (fo=1, routed)           0.486    -1.207    clk_gen/inst/clk_out1_clk_wiz_0
    BUFGCTRL_X0Y1        BUFG (Prop_bufg_I_O)         0.026    -1.181 r  clk_gen/inst/clkout1_buf/O
                         net (fo=55, routed)          0.559    -0.622    u_vga/CLK
    SLICE_X36Y36         FDCE                                         r  u_vga/h_count_reg[0]/C
  -------------------------------------------------------------------    -------------------
    SLICE_X36Y36         FDCE (Prop_fdce_C_Q)         0.141    -0.481 r  u_vga/h_count_reg[0]/Q
                         net (fo=6, routed)           0.110    -0.371    u_vga/h_count_reg_n_0_[0]
    SLICE_X37Y36         LUT5 (Prop_lut5_I3_O)        0.049    -0.322 r  u_vga/h_count[3]_i_1/O
                         net (fo=1, routed)           0.000    -0.322    u_vga/h_count[3]
    SLICE_X37Y36         FDCE                                         r  u_vga/h_count_reg[3]/D
  -------------------------------------------------------------------    -------------------

                         (clock clk_out1_clk_wiz_0_1 rise edge)
                                                      0.000     0.000 r  
    W5                                                0.000     0.000 r  clk_100mhz (IN)
                         net (fo=0)                   0.000     0.000    clk_gen/inst/clk_in1
    W5                   IBUF (Prop_ibuf_I_O)         0.414     0.414 r  clk_gen/inst/clkin1_ibufg/O
                         net (fo=1, routed)           0.480     0.894    clk_gen/inst/clk_in1_clk_wiz_0
    MMCME2_ADV_X1Y0      MMCME2_ADV (Prop_mmcme2_adv_CLKIN1_CLKOUT0)
                                                     -3.142    -2.248 r  clk_gen/inst/mmcm_adv_inst/CLKOUT0
                         net (fo=1, routed)           0.530    -1.718    clk_gen/inst/clk_out1_clk_wiz_0
    BUFGCTRL_X0Y1        BUFG (Prop_bufg_I_O)         0.029    -1.689 r  clk_gen/inst/clkout1_buf/O
                         net (fo=55, routed)          0.827    -0.863    u_vga/CLK
    SLICE_X37Y36         FDCE                                         r  u_vga/h_count_reg[3]/C
                         clock pessimism              0.253    -0.609    
                         clock uncertainty            0.098    -0.511    
    SLICE_X37Y36         FDCE (Hold_fdce_C_D)         0.107    -0.404    u_vga/h_count_reg[3]
  -------------------------------------------------------------------
                         required time                          0.404    
                         arrival time                          -0.322    
  -------------------------------------------------------------------
                         slack                                  0.082    

Slack (MET) :             0.093ns  (arrival time - required time)
  Source:                 u_vga/h_count_reg[0]/C
                            (rising edge-triggered cell FDCE clocked by clk_out1_clk_wiz_0  {rise@0.000ns fall@19.861ns period=39.722ns})
  Destination:            u_vga/h_count_reg[2]/D
                            (rising edge-triggered cell FDCE clocked by clk_out1_clk_wiz_0_1  {rise@0.000ns fall@19.861ns period=39.722ns})
  Path Group:             clk_out1_clk_wiz_0_1
  Path Type:              Hold (Min at Fast Process Corner)
  Requirement:            0.000ns  (clk_out1_clk_wiz_0_1 rise@0.000ns - clk_out1_clk_wiz_0 rise@0.000ns)
  Data Path Delay:        0.296ns  (logic 0.186ns (62.855%)  route 0.110ns (37.145%))
  Logic Levels:           1  (LUT4=1)
  Clock Path Skew:        0.013ns (DCD - SCD - CPR)
    Destination Clock Delay (DCD):    -0.863ns
    Source Clock Delay      (SCD):    -0.622ns
    Clock Pessimism Removal (CPR):    -0.253ns
  Clock Uncertainty:      0.098ns  ((TSJ^2 + DJ^2)^1/2) / 2 + PE
    Total System Jitter     (TSJ):    0.071ns
    Discrete Jitter          (DJ):    0.183ns
    Phase Error              (PE):    0.000ns
  Clock Domain Crossing:  Inter clock paths are considered valid unless explicitly excluded by timing constraints such as set_clock_groups or set_false_path.

    Location             Delay type                Incr(ns)  Path(ns)    Netlist Resource(s)
  -------------------------------------------------------------------    -------------------
                         (clock clk_out1_clk_wiz_0 rise edge)
                                                      0.000     0.000 r  
    W5                                                0.000     0.000 r  clk_100mhz (IN)
                         net (fo=0)                   0.000     0.000    clk_gen/inst/clk_in1
    W5                   IBUF (Prop_ibuf_I_O)         0.226     0.226 r  clk_gen/inst/clkin1_ibufg/O
                         net (fo=1, routed)           0.440     0.667    clk_gen/inst/clk_in1_clk_wiz_0
    MMCME2_ADV_X1Y0      MMCME2_ADV (Prop_mmcme2_adv_CLKIN1_CLKOUT0)
                                                     -2.360    -1.693 r  clk_gen/inst/mmcm_adv_inst/CLKOUT0
                         net (fo=1, routed)           0.486    -1.207    clk_gen/inst/clk_out1_clk_wiz_0
    BUFGCTRL_X0Y1        BUFG (Prop_bufg_I_O)         0.026    -1.181 r  clk_gen/inst/clkout1_buf/O
                         net (fo=55, routed)          0.559    -0.622    u_vga/CLK
    SLICE_X36Y36         FDCE                                         r  u_vga/h_count_reg[0]/C
  -------------------------------------------------------------------    -------------------
    SLICE_X36Y36         FDCE (Prop_fdce_C_Q)         0.141    -0.481 r  u_vga/h_count_reg[0]/Q
                         net (fo=6, routed)           0.110    -0.371    u_vga/h_count_reg_n_0_[0]
    SLICE_X37Y36         LUT4 (Prop_lut4_I2_O)        0.045    -0.326 r  u_vga/h_count[2]_i_1/O
                         net (fo=1, routed)           0.000    -0.326    u_vga/h_count[2]
    SLICE_X37Y36         FDCE                                         r  u_vga/h_count_reg[2]/D
  -------------------------------------------------------------------    -------------------

                         (clock clk_out1_clk_wiz_0_1 rise edge)
                                                      0.000     0.000 r  
    W5                                                0.000     0.000 r  clk_100mhz (IN)
                         net (fo=0)                   0.000     0.000    clk_gen/inst/clk_in1
    W5                   IBUF (Prop_ibuf_I_O)         0.414     0.414 r  clk_gen/inst/clkin1_ibufg/O
                         net (fo=1, routed)           0.480     0.894    clk_gen/inst/clk_in1_clk_wiz_0
    MMCME2_ADV_X1Y0      MMCME2_ADV (Prop_mmcme2_adv_CLKIN1_CLKOUT0)
                                                     -3.142    -2.248 r  clk_gen/inst/mmcm_adv_inst/CLKOUT0
                         net (fo=1, routed)           0.530    -1.718    clk_gen/inst/clk_out1_clk_wiz_0
    BUFGCTRL_X0Y1        BUFG (Prop_bufg_I_O)         0.029    -1.689 r  clk_gen/inst/clkout1_buf/O
                         net (fo=55, routed)          0.827    -0.863    u_vga/CLK
    SLICE_X37Y36         FDCE                                         r  u_vga/h_count_reg[2]/C
                         clock pessimism              0.253    -0.609    
                         clock uncertainty            0.098    -0.511    
    SLICE_X37Y36         FDCE (Hold_fdce_C_D)         0.092    -0.419    u_vga/h_count_reg[2]
  -------------------------------------------------------------------
                         required time                          0.419    
                         arrival time                          -0.326    
  -------------------------------------------------------------------
                         slack                                  0.093    

Slack (MET) :             0.144ns  (arrival time - required time)
  Source:                 u_vga/v_count_reg[7]/C
                            (rising edge-triggered cell FDCE clocked by clk_out1_clk_wiz_0  {rise@0.000ns fall@19.861ns period=39.722ns})
  Destination:            u_vga/v_count_reg[0]/D
                            (rising edge-triggered cell FDCE clocked by clk_out1_clk_wiz_0_1  {rise@0.000ns fall@19.861ns period=39.722ns})
  Path Group:             clk_out1_clk_wiz_0_1
  Path Type:              Hold (Min at Fast Process Corner)
  Requirement:            0.000ns  (clk_out1_clk_wiz_0_1 rise@0.000ns - clk_out1_clk_wiz_0 rise@0.000ns)
  Data Path Delay:        0.363ns  (logic 0.247ns (68.021%)  route 0.116ns (31.979%))
  Logic Levels:           1  (LUT6=1)
  Clock Path Skew:        0.000ns (DCD - SCD - CPR)
    Destination Clock Delay (DCD):    -0.860ns
    Source Clock Delay      (SCD):    -0.620ns
    Clock Pessimism Removal (CPR):    -0.239ns
  Clock Uncertainty:      0.098ns  ((TSJ^2 + DJ^2)^1/2) / 2 + PE
    Total System Jitter     (TSJ):    0.071ns
    Discrete Jitter          (DJ):    0.183ns
    Phase Error              (PE):    0.000ns
  Clock Domain Crossing:  Inter clock paths are considered valid unless explicitly excluded by timing constraints such as set_clock_groups or set_false_path.

    Location             Delay type                Incr(ns)  Path(ns)    Netlist Resource(s)
  -------------------------------------------------------------------    -------------------
                         (clock clk_out1_clk_wiz_0 rise edge)
                                                      0.000     0.000 r  
    W5                                                0.000     0.000 r  clk_100mhz (IN)
                         net (fo=0)                   0.000     0.000    clk_gen/inst/clk_in1
    W5                   IBUF (Prop_ibuf_I_O)         0.226     0.226 r  clk_gen/inst/clkin1_ibufg/O
                         net (fo=1, routed)           0.440     0.667    clk_gen/inst/clk_in1_clk_wiz_0
    MMCME2_ADV_X1Y0      MMCME2_ADV (Prop_mmcme2_adv_CLKIN1_CLKOUT0)
                                                     -2.360    -1.693 r  clk_gen/inst/mmcm_adv_inst/CLKOUT0
                         net (fo=1, routed)           0.486    -1.207    clk_gen/inst/clk_out1_clk_wiz_0
    BUFGCTRL_X0Y1        BUFG (Prop_bufg_I_O)         0.026    -1.181 r  clk_gen/inst/clkout1_buf/O
                         net (fo=55, routed)          0.561    -0.620    u_vga/CLK
    SLICE_X38Y39         FDCE                                         r  u_vga/v_count_reg[7]/C
  -------------------------------------------------------------------    -------------------
    SLICE_X38Y39         FDCE (Prop_fdce_C_Q)         0.148    -0.472 r  u_vga/v_count_reg[7]/Q
                         net (fo=8, routed)           0.116    -0.356    u_vga/v_count_reg_n_0_[7]
    SLICE_X38Y39         LUT6 (Prop_lut6_I0_O)        0.099    -0.257 r  u_vga/v_count[0]_i_1/O
                         net (fo=1, routed)           0.000    -0.257    u_vga/v_count[0]_i_1_n_0
    SLICE_X38Y39         FDCE                                         r  u_vga/v_count_reg[0]/D
  -------------------------------------------------------------------    -------------------

                         (clock clk_out1_clk_wiz_0_1 rise edge)
                                                      0.000     0.000 r  
    W5                                                0.000     0.000 r  clk_100mhz (IN)
                         net (fo=0)                   0.000     0.000    clk_gen/inst/clk_in1
    W5                   IBUF (Prop_ibuf_I_O)         0.414     0.414 r  clk_gen/inst/clkin1_ibufg/O
                         net (fo=1, routed)           0.480     0.894    clk_gen/inst/clk_in1_clk_wiz_0
    MMCME2_ADV_X1Y0      MMCME2_ADV (Prop_mmcme2_adv_CLKIN1_CLKOUT0)
                                                     -3.142    -2.248 r  clk_gen/inst/mmcm_adv_inst/CLKOUT0
                         net (fo=1, routed)           0.530    -1.718    clk_gen/inst/clk_out1_clk_wiz_0
    BUFGCTRL_X0Y1        BUFG (Prop_bufg_I_O)         0.029    -1.689 r  clk_gen/inst/clkout1_buf/O
                         net (fo=55, routed)          0.830    -0.860    u_vga/CLK
    SLICE_X38Y39         FDCE                                         r  u_vga/v_count_reg[0]/C
                         clock pessimism              0.239    -0.620    
                         clock uncertainty            0.098    -0.522    
    SLICE_X38Y39         FDCE (Hold_fdce_C_D)         0.121    -0.401    u_vga/v_count_reg[0]
  -------------------------------------------------------------------
                         required time                          0.401    
                         arrival time                          -0.257    
  -------------------------------------------------------------------
                         slack                                  0.144    

Slack (MET) :             0.149ns  (arrival time - required time)
  Source:                 u_vga/v_count_reg[3]/C
                            (rising edge-triggered cell FDCE clocked by clk_out1_clk_wiz_0  {rise@0.000ns fall@19.861ns period=39.722ns})
  Destination:            u_vga/v_count_reg[4]/D
                            (rising edge-triggered cell FDCE clocked by clk_out1_clk_wiz_0_1  {rise@0.000ns fall@19.861ns period=39.722ns})
  Path Group:             clk_out1_clk_wiz_0_1
  Path Type:              Hold (Min at Fast Process Corner)
  Requirement:            0.000ns  (clk_out1_clk_wiz_0_1 rise@0.000ns - clk_out1_clk_wiz_0 rise@0.000ns)
  Data Path Delay:        0.339ns  (logic 0.227ns (66.991%)  route 0.112ns (33.009%))
  Logic Levels:           1  (LUT6=1)
  Clock Path Skew:        0.000ns (DCD - SCD - CPR)
    Destination Clock Delay (DCD):    -0.860ns
    Source Clock Delay      (SCD):    -0.620ns
    Clock Pessimism Removal (CPR):    -0.239ns
  Clock Uncertainty:      0.098ns  ((TSJ^2 + DJ^2)^1/2) / 2 + PE
    Total System Jitter     (TSJ):    0.071ns
    Discrete Jitter          (DJ):    0.183ns
    Phase Error              (PE):    0.000ns
  Clock Domain Crossing:  Inter clock paths are considered valid unless explicitly excluded by timing constraints such as set_clock_groups or set_false_path.

    Location             Delay type                Incr(ns)  Path(ns)    Netlist Resource(s)
  -------------------------------------------------------------------    -------------------
                         (clock clk_out1_clk_wiz_0 rise edge)
                                                      0.000     0.000 r  
    W5                                                0.000     0.000 r  clk_100mhz (IN)
                         net (fo=0)                   0.000     0.000    clk_gen/inst/clk_in1
    W5                   IBUF (Prop_ibuf_I_O)         0.226     0.226 r  clk_gen/inst/clkin1_ibufg/O
                         net (fo=1, routed)           0.440     0.667    clk_gen/inst/clk_in1_clk_wiz_0
    MMCME2_ADV_X1Y0      MMCME2_ADV (Prop_mmcme2_adv_CLKIN1_CLKOUT0)
                                                     -2.360    -1.693 r  clk_gen/inst/mmcm_adv_inst/CLKOUT0
                         net (fo=1, routed)           0.486    -1.207    clk_gen/inst/clk_out1_clk_wiz_0
    BUFGCTRL_X0Y1        BUFG (Prop_bufg_I_O)         0.026    -1.181 r  clk_gen/inst/clkout1_buf/O
                         net (fo=55, routed)          0.561    -0.620    u_vga/CLK
    SLICE_X39Y38         FDCE                                         r  u_vga/v_count_reg[3]/C
  -------------------------------------------------------------------    -------------------
    SLICE_X39Y38         FDCE (Prop_fdce_C_Q)         0.128    -0.492 r  u_vga/v_count_reg[3]/Q
                         net (fo=8, routed)           0.112    -0.381    u_vga/v_count_reg_n_0_[3]
    SLICE_X39Y38         LUT6 (Prop_lut6_I4_O)        0.099    -0.282 r  u_vga/v_count[4]_i_1/O
                         net (fo=1, routed)           0.000    -0.282    u_vga/v_count[4]_i_1_n_0
    SLICE_X39Y38         FDCE                                         r  u_vga/v_count_reg[4]/D
  -------------------------------------------------------------------    -------------------

                         (clock clk_out1_clk_wiz_0_1 rise edge)
                                                      0.000     0.000 r  
    W5                                                0.000     0.000 r  clk_100mhz (IN)
                         net (fo=0)                   0.000     0.000    clk_gen/inst/clk_in1
    W5                   IBUF (Prop_ibuf_I_O)         0.414     0.414 r  clk_gen/inst/clkin1_ibufg/O
                         net (fo=1, routed)           0.480     0.894    clk_gen/inst/clk_in1_clk_wiz_0
    MMCME2_ADV_X1Y0      MMCME2_ADV (Prop_mmcme2_adv_CLKIN1_CLKOUT0)
                                                     -3.142    -2.248 r  clk_gen/inst/mmcm_adv_inst/CLKOUT0
                         net (fo=1, routed)           0.530    -1.718    clk_gen/inst/clk_out1_clk_wiz_0
    BUFGCTRL_X0Y1        BUFG (Prop_bufg_I_O)         0.029    -1.689 r  clk_gen/inst/clkout1_buf/O
                         net (fo=55, routed)          0.830    -0.860    u_vga/CLK
    SLICE_X39Y38         FDCE                                         r  u_vga/v_count_reg[4]/C
                         clock pessimism              0.239    -0.620    
                         clock uncertainty            0.098    -0.522    
    SLICE_X39Y38         FDCE (Hold_fdce_C_D)         0.092    -0.430    u_vga/v_count_reg[4]
  -------------------------------------------------------------------
                         required time                          0.430    
                         arrival time                          -0.282    
  -------------------------------------------------------------------
                         slack                                  0.149    

Slack (MET) :             0.154ns  (arrival time - required time)
  Source:                 u_vga/h_count_reg[0]/C
                            (rising edge-triggered cell FDCE clocked by clk_out1_clk_wiz_0  {rise@0.000ns fall@19.861ns period=39.722ns})
  Destination:            u_vga/h_count_reg[1]/D
                            (rising edge-triggered cell FDCE clocked by clk_out1_clk_wiz_0_1  {rise@0.000ns fall@19.861ns period=39.722ns})
  Path Group:             clk_out1_clk_wiz_0_1
  Path Type:              Hold (Min at Fast Process Corner)
  Requirement:            0.000ns  (clk_out1_clk_wiz_0_1 rise@0.000ns - clk_out1_clk_wiz_0 rise@0.000ns)
  Data Path Delay:        0.357ns  (logic 0.186ns (52.102%)  route 0.171ns (47.898%))
  Logic Levels:           1  (LUT3=1)
  Clock Path Skew:        0.013ns (DCD - SCD - CPR)
    Destination Clock Delay (DCD):    -0.863ns
    Source Clock Delay      (SCD):    -0.622ns
    Clock Pessimism Removal (CPR):    -0.253ns
  Clock Uncertainty:      0.098ns  ((TSJ^2 + DJ^2)^1/2) / 2 + PE
    Total System Jitter     (TSJ):    0.071ns
    Discrete Jitter          (DJ):    0.183ns
    Phase Error              (PE):    0.000ns
  Clock Domain Crossing:  Inter clock paths are considered valid unless explicitly excluded by timing constraints such as set_clock_groups or set_false_path.

    Location             Delay type                Incr(ns)  Path(ns)    Netlist Resource(s)
  -------------------------------------------------------------------    -------------------
                         (clock clk_out1_clk_wiz_0 rise edge)
                                                      0.000     0.000 r  
    W5                                                0.000     0.000 r  clk_100mhz (IN)
                         net (fo=0)                   0.000     0.000    clk_gen/inst/clk_in1
    W5                   IBUF (Prop_ibuf_I_O)         0.226     0.226 r  clk_gen/inst/clkin1_ibufg/O
                         net (fo=1, routed)           0.440     0.667    clk_gen/inst/clk_in1_clk_wiz_0
    MMCME2_ADV_X1Y0      MMCME2_ADV (Prop_mmcme2_adv_CLKIN1_CLKOUT0)
                                                     -2.360    -1.693 r  clk_gen/inst/mmcm_adv_inst/CLKOUT0
                         net (fo=1, routed)           0.486    -1.207    clk_gen/inst/clk_out1_clk_wiz_0
    BUFGCTRL_X0Y1        BUFG (Prop_bufg_I_O)         0.026    -1.181 r  clk_gen/inst/clkout1_buf/O
                         net (fo=55, routed)          0.559    -0.622    u_vga/CLK
    SLICE_X36Y36         FDCE                                         r  u_vga/h_count_reg[0]/C
  -------------------------------------------------------------------    -------------------
    SLICE_X36Y36         FDCE (Prop_fdce_C_Q)         0.141    -0.481 r  u_vga/h_count_reg[0]/Q
                         net (fo=6, routed)           0.171    -0.310    u_vga/h_count_reg_n_0_[0]
    SLICE_X37Y36         LUT3 (Prop_lut3_I2_O)        0.045    -0.265 r  u_vga/h_count[1]_i_1/O
                         net (fo=1, routed)           0.000    -0.265    u_vga/h_count[1]
    SLICE_X37Y36         FDCE                                         r  u_vga/h_count_reg[1]/D
  -------------------------------------------------------------------    -------------------

                         (clock clk_out1_clk_wiz_0_1 rise edge)
                                                      0.000     0.000 r  
    W5                                                0.000     0.000 r  clk_100mhz (IN)
                         net (fo=0)                   0.000     0.000    clk_gen/inst/clk_in1
    W5                   IBUF (Prop_ibuf_I_O)         0.414     0.414 r  clk_gen/inst/clkin1_ibufg/O
                         net (fo=1, routed)           0.480     0.894    clk_gen/inst/clk_in1_clk_wiz_0
    MMCME2_ADV_X1Y0      MMCME2_ADV (Prop_mmcme2_adv_CLKIN1_CLKOUT0)
                                                     -3.142    -2.248 r  clk_gen/inst/mmcm_adv_inst/CLKOUT0
                         net (fo=1, routed)           0.530    -1.718    clk_gen/inst/clk_out1_clk_wiz_0
    BUFGCTRL_X0Y1        BUFG (Prop_bufg_I_O)         0.029    -1.689 r  clk_gen/inst/clkout1_buf/O
                         net (fo=55, routed)          0.827    -0.863    u_vga/CLK
    SLICE_X37Y36         FDCE                                         r  u_vga/h_count_reg[1]/C
                         clock pessimism              0.253    -0.609    
                         clock uncertainty            0.098    -0.511    
    SLICE_X37Y36         FDCE (Hold_fdce_C_D)         0.092    -0.419    u_vga/h_count_reg[1]
  -------------------------------------------------------------------
                         required time                          0.419    
                         arrival time                          -0.265    
  -------------------------------------------------------------------
                         slack                                  0.154    

Slack (MET) :             0.164ns  (arrival time - required time)
  Source:                 u_vga/h_count_reg[2]/C
                            (rising edge-triggered cell FDCE clocked by clk_out1_clk_wiz_0  {rise@0.000ns fall@19.861ns period=39.722ns})
  Destination:            u_ping_pong/ram_reg_3_4/ADDRBWRADDR[1]
                            (rising edge-triggered cell RAMB36E1 clocked by clk_out1_clk_wiz_0_1  {rise@0.000ns fall@19.861ns period=39.722ns})
  Path Group:             clk_out1_clk_wiz_0_1
  Path Type:              Hold (Min at Fast Process Corner)
  Requirement:            0.000ns  (clk_out1_clk_wiz_0_1 rise@0.000ns - clk_out1_clk_wiz_0 rise@0.000ns)
  Data Path Delay:        0.525ns  (logic 0.141ns (26.838%)  route 0.384ns (73.162%))
  Logic Levels:           0  
  Clock Path Skew:        0.080ns (DCD - SCD - CPR)
    Destination Clock Delay (DCD):    -0.816ns
    Source Clock Delay      (SCD):    -0.622ns
    Clock Pessimism Removal (CPR):    -0.274ns
  Clock Uncertainty:      0.098ns  ((TSJ^2 + DJ^2)^1/2) / 2 + PE
    Total System Jitter     (TSJ):    0.071ns
    Discrete Jitter          (DJ):    0.183ns
    Phase Error              (PE):    0.000ns
  Clock Domain Crossing:  Inter clock paths are considered valid unless explicitly excluded by timing constraints such as set_clock_groups or set_false_path.

    Location             Delay type                Incr(ns)  Path(ns)    Netlist Resource(s)
  -------------------------------------------------------------------    -------------------
                         (clock clk_out1_clk_wiz_0 rise edge)
                                                      0.000     0.000 r  
    W5                                                0.000     0.000 r  clk_100mhz (IN)
                         net (fo=0)                   0.000     0.000    clk_gen/inst/clk_in1
    W5                   IBUF (Prop_ibuf_I_O)         0.226     0.226 r  clk_gen/inst/clkin1_ibufg/O
                         net (fo=1, routed)           0.440     0.667    clk_gen/inst/clk_in1_clk_wiz_0
    MMCME2_ADV_X1Y0      MMCME2_ADV (Prop_mmcme2_adv_CLKIN1_CLKOUT0)
                                                     -2.360    -1.693 r  clk_gen/inst/mmcm_adv_inst/CLKOUT0
                         net (fo=1, routed)           0.486    -1.207    clk_gen/inst/clk_out1_clk_wiz_0
    BUFGCTRL_X0Y1        BUFG (Prop_bufg_I_O)         0.026    -1.181 r  clk_gen/inst/clkout1_buf/O
                         net (fo=55, routed)          0.559    -0.622    u_vga/CLK
    SLICE_X37Y36         FDCE                                         r  u_vga/h_count_reg[2]/C
  -------------------------------------------------------------------    -------------------
    SLICE_X37Y36         FDCE (Prop_fdce_C_Q)         0.141    -0.481 r  u_vga/h_count_reg[2]/Q
                         net (fo=34, routed)          0.384    -0.097    u_ping_pong/ADDRBWRADDR[1]
    RAMB36_X1Y7          RAMB36E1                                     r  u_ping_pong/ram_reg_3_4/ADDRBWRADDR[1]
  -------------------------------------------------------------------    -------------------

                         (clock clk_out1_clk_wiz_0_1 rise edge)
                                                      0.000     0.000 r  
    W5                                                0.000     0.000 r  clk_100mhz (IN)
                         net (fo=0)                   0.000     0.000    clk_gen/inst/clk_in1
    W5                   IBUF (Prop_ibuf_I_O)         0.414     0.414 r  clk_gen/inst/clkin1_ibufg/O
                         net (fo=1, routed)           0.480     0.894    clk_gen/inst/clk_in1_clk_wiz_0
    MMCME2_ADV_X1Y0      MMCME2_ADV (Prop_mmcme2_adv_CLKIN1_CLKOUT0)
                                                     -3.142    -2.248 r  clk_gen/inst/mmcm_adv_inst/CLKOUT0
                         net (fo=1, routed)           0.530    -1.718    clk_gen/inst/clk_out1_clk_wiz_0
    BUFGCTRL_X0Y1        BUFG (Prop_bufg_I_O)         0.029    -1.689 r  clk_gen/inst/clkout1_buf/O
                         net (fo=55, routed)          0.873    -0.816    u_ping_pong/clk_out1
    RAMB36_X1Y7          RAMB36E1                                     r  u_ping_pong/ram_reg_3_4/CLKBWRCLK
                         clock pessimism              0.274    -0.542    
                         clock uncertainty            0.098    -0.444    
    RAMB36_X1Y7          RAMB36E1 (Hold_ramb36e1_CLKBWRCLK_ADDRBWRADDR[1])
                                                      0.183    -0.261    u_ping_pong/ram_reg_3_4
  -------------------------------------------------------------------
                         required time                          0.261    
                         arrival time                          -0.097    
  -------------------------------------------------------------------
                         slack                                  0.164    

Slack (MET) :             0.166ns  (arrival time - required time)
  Source:                 u_vga/h_count_reg[6]/C
                            (rising edge-triggered cell FDCE clocked by clk_out1_clk_wiz_0  {rise@0.000ns fall@19.861ns period=39.722ns})
  Destination:            u_vga/h_count_reg[5]/D
                            (rising edge-triggered cell FDCE clocked by clk_out1_clk_wiz_0_1  {rise@0.000ns fall@19.861ns period=39.722ns})
  Path Group:             clk_out1_clk_wiz_0_1
  Path Type:              Hold (Min at Fast Process Corner)
  Requirement:            0.000ns  (clk_out1_clk_wiz_0_1 rise@0.000ns - clk_out1_clk_wiz_0 rise@0.000ns)
  Data Path Delay:        0.384ns  (logic 0.209ns (54.467%)  route 0.175ns (45.533%))
  Logic Levels:           1  (LUT6=1)
  Clock Path Skew:        0.000ns (DCD - SCD - CPR)
    Destination Clock Delay (DCD):    -0.862ns
    Source Clock Delay      (SCD):    -0.621ns
    Clock Pessimism Removal (CPR):    -0.240ns
  Clock Uncertainty:      0.098ns  ((TSJ^2 + DJ^2)^1/2) / 2 + PE
    Total System Jitter     (TSJ):    0.071ns
    Discrete Jitter          (DJ):    0.183ns
    Phase Error              (PE):    0.000ns
  Clock Domain Crossing:  Inter clock paths are considered valid unless explicitly excluded by timing constraints such as set_clock_groups or set_false_path.

    Location             Delay type                Incr(ns)  Path(ns)    Netlist Resource(s)
  -------------------------------------------------------------------    -------------------
                         (clock clk_out1_clk_wiz_0 rise edge)
                                                      0.000     0.000 r  
    W5                                                0.000     0.000 r  clk_100mhz (IN)
                         net (fo=0)                   0.000     0.000    clk_gen/inst/clk_in1
    W5                   IBUF (Prop_ibuf_I_O)         0.226     0.226 r  clk_gen/inst/clkin1_ibufg/O
                         net (fo=1, routed)           0.440     0.667    clk_gen/inst/clk_in1_clk_wiz_0
    MMCME2_ADV_X1Y0      MMCME2_ADV (Prop_mmcme2_adv_CLKIN1_CLKOUT0)
                                                     -2.360    -1.693 r  clk_gen/inst/mmcm_adv_inst/CLKOUT0
                         net (fo=1, routed)           0.486    -1.207    clk_gen/inst/clk_out1_clk_wiz_0
    BUFGCTRL_X0Y1        BUFG (Prop_bufg_I_O)         0.026    -1.181 r  clk_gen/inst/clkout1_buf/O
                         net (fo=55, routed)          0.560    -0.621    u_vga/CLK
    SLICE_X38Y37         FDCE                                         r  u_vga/h_count_reg[6]/C
  -------------------------------------------------------------------    -------------------
    SLICE_X38Y37         FDCE (Prop_fdce_C_Q)         0.164    -0.457 r  u_vga/h_count_reg[6]/Q
                         net (fo=37, routed)          0.175    -0.283    u_vga/ADDRBWRADDR[5]
    SLICE_X38Y37         LUT6 (Prop_lut6_I3_O)        0.045    -0.238 r  u_vga/h_count[5]_i_1/O
                         net (fo=1, routed)           0.000    -0.238    u_vga/h_count[5]
    SLICE_X38Y37         FDCE                                         r  u_vga/h_count_reg[5]/D
  -------------------------------------------------------------------    -------------------

                         (clock clk_out1_clk_wiz_0_1 rise edge)
                                                      0.000     0.000 r  
    W5                                                0.000     0.000 r  clk_100mhz (IN)
                         net (fo=0)                   0.000     0.000    clk_gen/inst/clk_in1
    W5                   IBUF (Prop_ibuf_I_O)         0.414     0.414 r  clk_gen/inst/clkin1_ibufg/O
                         net (fo=1, routed)           0.480     0.894    clk_gen/inst/clk_in1_clk_wiz_0
    MMCME2_ADV_X1Y0      MMCME2_ADV (Prop_mmcme2_adv_CLKIN1_CLKOUT0)
                                                     -3.142    -2.248 r  clk_gen/inst/mmcm_adv_inst/CLKOUT0
                         net (fo=1, routed)           0.530    -1.718    clk_gen/inst/clk_out1_clk_wiz_0
    BUFGCTRL_X0Y1        BUFG (Prop_bufg_I_O)         0.029    -1.689 r  clk_gen/inst/clkout1_buf/O
                         net (fo=55, routed)          0.828    -0.862    u_vga/CLK
    SLICE_X38Y37         FDCE                                         r  u_vga/h_count_reg[5]/C
                         clock pessimism              0.240    -0.621    
                         clock uncertainty            0.098    -0.523    
    SLICE_X38Y37         FDCE (Hold_fdce_C_D)         0.120    -0.403    u_vga/h_count_reg[5]
  -------------------------------------------------------------------
                         required time                          0.403    
                         arrival time                          -0.238    
  -------------------------------------------------------------------
                         slack                                  0.166    

Slack (MET) :             0.170ns  (arrival time - required time)
  Source:                 u_vga/h_count_reg[1]/C
                            (rising edge-triggered cell FDCE clocked by clk_out1_clk_wiz_0  {rise@0.000ns fall@19.861ns period=39.722ns})
  Destination:            u_vga/h_count_reg[4]/D
                            (rising edge-triggered cell FDCE clocked by clk_out1_clk_wiz_0_1  {rise@0.000ns fall@19.861ns period=39.722ns})
  Path Group:             clk_out1_clk_wiz_0_1
  Path Type:              Hold (Min at Fast Process Corner)
  Requirement:            0.000ns  (clk_out1_clk_wiz_0_1 rise@0.000ns - clk_out1_clk_wiz_0 rise@0.000ns)
  Data Path Delay:        0.360ns  (logic 0.186ns (51.681%)  route 0.174ns (48.319%))
  Logic Levels:           1  (LUT6=1)
  Clock Path Skew:        0.000ns (DCD - SCD - CPR)
    Destination Clock Delay (DCD):    -0.863ns
    Source Clock Delay      (SCD):    -0.622ns
    Clock Pessimism Removal (CPR):    -0.240ns
  Clock Uncertainty:      0.098ns  ((TSJ^2 + DJ^2)^1/2) / 2 + PE
    Total System Jitter     (TSJ):    0.071ns
    Discrete Jitter          (DJ):    0.183ns
    Phase Error              (PE):    0.000ns
  Clock Domain Crossing:  Inter clock paths are considered valid unless explicitly excluded by timing constraints such as set_clock_groups or set_false_path.

    Location             Delay type                Incr(ns)  Path(ns)    Netlist Resource(s)
  -------------------------------------------------------------------    -------------------
                         (clock clk_out1_clk_wiz_0 rise edge)
                                                      0.000     0.000 r  
    W5                                                0.000     0.000 r  clk_100mhz (IN)
                         net (fo=0)                   0.000     0.000    clk_gen/inst/clk_in1
    W5                   IBUF (Prop_ibuf_I_O)         0.226     0.226 r  clk_gen/inst/clkin1_ibufg/O
                         net (fo=1, routed)           0.440     0.667    clk_gen/inst/clk_in1_clk_wiz_0
    MMCME2_ADV_X1Y0      MMCME2_ADV (Prop_mmcme2_adv_CLKIN1_CLKOUT0)
                                                     -2.360    -1.693 r  clk_gen/inst/mmcm_adv_inst/CLKOUT0
                         net (fo=1, routed)           0.486    -1.207    clk_gen/inst/clk_out1_clk_wiz_0
    BUFGCTRL_X0Y1        BUFG (Prop_bufg_I_O)         0.026    -1.181 r  clk_gen/inst/clkout1_buf/O
                         net (fo=55, routed)          0.559    -0.622    u_vga/CLK
    SLICE_X37Y36         FDCE                                         r  u_vga/h_count_reg[1]/C
  -------------------------------------------------------------------    -------------------
    SLICE_X37Y36         FDCE (Prop_fdce_C_Q)         0.141    -0.481 r  u_vga/h_count_reg[1]/Q
                         net (fo=35, routed)          0.174    -0.307    u_vga/ADDRBWRADDR[0]
    SLICE_X37Y36         LUT6 (Prop_lut6_I4_O)        0.045    -0.262 r  u_vga/h_count[4]_i_1/O
                         net (fo=1, routed)           0.000    -0.262    u_vga/h_count[4]
    SLICE_X37Y36         FDCE                                         r  u_vga/h_count_reg[4]/D
  -------------------------------------------------------------------    -------------------

                         (clock clk_out1_clk_wiz_0_1 rise edge)
                                                      0.000     0.000 r  
    W5                                                0.000     0.000 r  clk_100mhz (IN)
                         net (fo=0)                   0.000     0.000    clk_gen/inst/clk_in1
    W5                   IBUF (Prop_ibuf_I_O)         0.414     0.414 r  clk_gen/inst/clkin1_ibufg/O
                         net (fo=1, routed)           0.480     0.894    clk_gen/inst/clk_in1_clk_wiz_0
    MMCME2_ADV_X1Y0      MMCME2_ADV (Prop_mmcme2_adv_CLKIN1_CLKOUT0)
                                                     -3.142    -2.248 r  clk_gen/inst/mmcm_adv_inst/CLKOUT0
                         net (fo=1, routed)           0.530    -1.718    clk_gen/inst/clk_out1_clk_wiz_0
    BUFGCTRL_X0Y1        BUFG (Prop_bufg_I_O)         0.029    -1.689 r  clk_gen/inst/clkout1_buf/O
                         net (fo=55, routed)          0.827    -0.863    u_vga/CLK
    SLICE_X37Y36         FDCE                                         r  u_vga/h_count_reg[4]/C
                         clock pessimism              0.240    -0.622    
                         clock uncertainty            0.098    -0.524    
    SLICE_X37Y36         FDCE (Hold_fdce_C_D)         0.092    -0.432    u_vga/h_count_reg[4]
  -------------------------------------------------------------------
                         required time                          0.432    
                         arrival time                          -0.262    
  -------------------------------------------------------------------
                         slack                                  0.170    

Slack (MET) :             0.175ns  (arrival time - required time)
  Source:                 u_vga/h_count_reg[5]/C
                            (rising edge-triggered cell FDCE clocked by clk_out1_clk_wiz_0  {rise@0.000ns fall@19.861ns period=39.722ns})
  Destination:            u_vga/h_count_reg[9]/D
                            (rising edge-triggered cell FDCE clocked by clk_out1_clk_wiz_0_1  {rise@0.000ns fall@19.861ns period=39.722ns})
  Path Group:             clk_out1_clk_wiz_0_1
  Path Type:              Hold (Min at Fast Process Corner)
  Requirement:            0.000ns  (clk_out1_clk_wiz_0_1 rise@0.000ns - clk_out1_clk_wiz_0 rise@0.000ns)
  Data Path Delay:        0.394ns  (logic 0.209ns (53.008%)  route 0.185ns (46.992%))
  Logic Levels:           1  (LUT6=1)
  Clock Path Skew:        0.000ns (DCD - SCD - CPR)
    Destination Clock Delay (DCD):    -0.862ns
    Source Clock Delay      (SCD):    -0.621ns
    Clock Pessimism Removal (CPR):    -0.240ns
  Clock Uncertainty:      0.098ns  ((TSJ^2 + DJ^2)^1/2) / 2 + PE
    Total System Jitter     (TSJ):    0.071ns
    Discrete Jitter          (DJ):    0.183ns
    Phase Error              (PE):    0.000ns
  Clock Domain Crossing:  Inter clock paths are considered valid unless explicitly excluded by timing constraints such as set_clock_groups or set_false_path.

    Location             Delay type                Incr(ns)  Path(ns)    Netlist Resource(s)
  -------------------------------------------------------------------    -------------------
                         (clock clk_out1_clk_wiz_0 rise edge)
                                                      0.000     0.000 r  
    W5                                                0.000     0.000 r  clk_100mhz (IN)
                         net (fo=0)                   0.000     0.000    clk_gen/inst/clk_in1
    W5                   IBUF (Prop_ibuf_I_O)         0.226     0.226 r  clk_gen/inst/clkin1_ibufg/O
                         net (fo=1, routed)           0.440     0.667    clk_gen/inst/clk_in1_clk_wiz_0
    MMCME2_ADV_X1Y0      MMCME2_ADV (Prop_mmcme2_adv_CLKIN1_CLKOUT0)
                                                     -2.360    -1.693 r  clk_gen/inst/mmcm_adv_inst/CLKOUT0
                         net (fo=1, routed)           0.486    -1.207    clk_gen/inst/clk_out1_clk_wiz_0
    BUFGCTRL_X0Y1        BUFG (Prop_bufg_I_O)         0.026    -1.181 r  clk_gen/inst/clkout1_buf/O
                         net (fo=55, routed)          0.560    -0.621    u_vga/CLK
    SLICE_X38Y37         FDCE                                         r  u_vga/h_count_reg[5]/C
  -------------------------------------------------------------------    -------------------
    SLICE_X38Y37         FDCE (Prop_fdce_C_Q)         0.164    -0.457 r  u_vga/h_count_reg[5]/Q
                         net (fo=37, routed)          0.185    -0.272    u_vga/ADDRBWRADDR[4]
    SLICE_X38Y37         LUT6 (Prop_lut6_I2_O)        0.045    -0.227 r  u_vga/h_count[9]_i_1/O
                         net (fo=1, routed)           0.000    -0.227    u_vga/h_count[9]
    SLICE_X38Y37         FDCE                                         r  u_vga/h_count_reg[9]/D
  -------------------------------------------------------------------    -------------------

                         (clock clk_out1_clk_wiz_0_1 rise edge)
                                                      0.000     0.000 r  
    W5                                                0.000     0.000 r  clk_100mhz (IN)
                         net (fo=0)                   0.000     0.000    clk_gen/inst/clk_in1
    W5                   IBUF (Prop_ibuf_I_O)         0.414     0.414 r  clk_gen/inst/clkin1_ibufg/O
                         net (fo=1, routed)           0.480     0.894    clk_gen/inst/clk_in1_clk_wiz_0
    MMCME2_ADV_X1Y0      MMCME2_ADV (Prop_mmcme2_adv_CLKIN1_CLKOUT0)
                                                     -3.142    -2.248 r  clk_gen/inst/mmcm_adv_inst/CLKOUT0
                         net (fo=1, routed)           0.530    -1.718    clk_gen/inst/clk_out1_clk_wiz_0
    BUFGCTRL_X0Y1        BUFG (Prop_bufg_I_O)         0.029    -1.689 r  clk_gen/inst/clkout1_buf/O
                         net (fo=55, routed)          0.828    -0.862    u_vga/CLK
    SLICE_X38Y37         FDCE                                         r  u_vga/h_count_reg[9]/C
                         clock pessimism              0.240    -0.621    
                         clock uncertainty            0.098    -0.523    
    SLICE_X38Y37         FDCE (Hold_fdce_C_D)         0.121    -0.402    u_vga/h_count_reg[9]
  -------------------------------------------------------------------
                         required time                          0.402    
                         arrival time                          -0.227    
  -------------------------------------------------------------------
                         slack                                  0.175    

Slack (MET) :             0.177ns  (arrival time - required time)
  Source:                 u_vga/h_count_reg[5]/C
                            (rising edge-triggered cell FDCE clocked by clk_out1_clk_wiz_0  {rise@0.000ns fall@19.861ns period=39.722ns})
  Destination:            u_vga/h_count_reg[8]/D
                            (rising edge-triggered cell FDCE clocked by clk_out1_clk_wiz_0_1  {rise@0.000ns fall@19.861ns period=39.722ns})
  Path Group:             clk_out1_clk_wiz_0_1
  Path Type:              Hold (Min at Fast Process Corner)
  Requirement:            0.000ns  (clk_out1_clk_wiz_0_1 rise@0.000ns - clk_out1_clk_wiz_0 rise@0.000ns)
  Data Path Delay:        0.396ns  (logic 0.209ns (52.740%)  route 0.187ns (47.260%))
  Logic Levels:           1  (LUT6=1)
  Clock Path Skew:        0.000ns (DCD - SCD - CPR)
    Destination Clock Delay (DCD):    -0.862ns
    Source Clock Delay      (SCD):    -0.621ns
    Clock Pessimism Removal (CPR):    -0.240ns
  Clock Uncertainty:      0.098ns  ((TSJ^2 + DJ^2)^1/2) / 2 + PE
    Total System Jitter     (TSJ):    0.071ns
    Discrete Jitter          (DJ):    0.183ns
    Phase Error              (PE):    0.000ns
  Clock Domain Crossing:  Inter clock paths are considered valid unless explicitly excluded by timing constraints such as set_clock_groups or set_false_path.

    Location             Delay type                Incr(ns)  Path(ns)    Netlist Resource(s)
  -------------------------------------------------------------------    -------------------
                         (clock clk_out1_clk_wiz_0 rise edge)
                                                      0.000     0.000 r  
    W5                                                0.000     0.000 r  clk_100mhz (IN)
                         net (fo=0)                   0.000     0.000    clk_gen/inst/clk_in1
    W5                   IBUF (Prop_ibuf_I_O)         0.226     0.226 r  clk_gen/inst/clkin1_ibufg/O
                         net (fo=1, routed)           0.440     0.667    clk_gen/inst/clk_in1_clk_wiz_0
    MMCME2_ADV_X1Y0      MMCME2_ADV (Prop_mmcme2_adv_CLKIN1_CLKOUT0)
                                                     -2.360    -1.693 r  clk_gen/inst/mmcm_adv_inst/CLKOUT0
                         net (fo=1, routed)           0.486    -1.207    clk_gen/inst/clk_out1_clk_wiz_0
    BUFGCTRL_X0Y1        BUFG (Prop_bufg_I_O)         0.026    -1.181 r  clk_gen/inst/clkout1_buf/O
                         net (fo=55, routed)          0.560    -0.621    u_vga/CLK
    SLICE_X38Y37         FDCE                                         r  u_vga/h_count_reg[5]/C
  -------------------------------------------------------------------    -------------------
    SLICE_X38Y37         FDCE (Prop_fdce_C_Q)         0.164    -0.457 r  u_vga/h_count_reg[5]/Q
                         net (fo=37, routed)          0.187    -0.270    u_vga/ADDRBWRADDR[4]
    SLICE_X38Y37         LUT6 (Prop_lut6_I3_O)        0.045    -0.225 r  u_vga/h_count[8]_i_1/O
                         net (fo=1, routed)           0.000    -0.225    u_vga/h_count[8]
    SLICE_X38Y37         FDCE                                         r  u_vga/h_count_reg[8]/D
  -------------------------------------------------------------------    -------------------

                         (clock clk_out1_clk_wiz_0_1 rise edge)
                                                      0.000     0.000 r  
    W5                                                0.000     0.000 r  clk_100mhz (IN)
                         net (fo=0)                   0.000     0.000    clk_gen/inst/clk_in1
    W5                   IBUF (Prop_ibuf_I_O)         0.414     0.414 r  clk_gen/inst/clkin1_ibufg/O
                         net (fo=1, routed)           0.480     0.894    clk_gen/inst/clk_in1_clk_wiz_0
    MMCME2_ADV_X1Y0      MMCME2_ADV (Prop_mmcme2_adv_CLKIN1_CLKOUT0)
                                                     -3.142    -2.248 r  clk_gen/inst/mmcm_adv_inst/CLKOUT0
                         net (fo=1, routed)           0.530    -1.718    clk_gen/inst/clk_out1_clk_wiz_0
    BUFGCTRL_X0Y1        BUFG (Prop_bufg_I_O)         0.029    -1.689 r  clk_gen/inst/clkout1_buf/O
                         net (fo=55, routed)          0.828    -0.862    u_vga/CLK
    SLICE_X38Y37         FDCE                                         r  u_vga/h_count_reg[8]/C
                         clock pessimism              0.240    -0.621    
                         clock uncertainty            0.098    -0.523    
    SLICE_X38Y37         FDCE (Hold_fdce_C_D)         0.121    -0.402    u_vga/h_count_reg[8]
  -------------------------------------------------------------------
                         required time                          0.402    
                         arrival time                          -0.225    
  -------------------------------------------------------------------
                         slack                                  0.177    





---------------------------------------------------------------------------------------------------
From Clock:  clk_out2_clk_wiz_0
  To Clock:  clk_out1_clk_wiz_0_1

Setup :            1  Failing Endpoint ,  Worst Slack       -2.048ns,  Total Violation       -2.048ns
Hold  :            0  Failing Endpoints,  Worst Slack        0.211ns,  Total Violation        0.000ns
---------------------------------------------------------------------------------------------------


Max Delay Paths
--------------------------------------------------------------------------------------
Slack (VIOLATED) :        -2.048ns  (required time - arrival time)
  Source:                 u_ping_pong/buf_sel_wr_reg/C
                            (rising edge-triggered cell FDRE clocked by clk_out2_clk_wiz_0  {rise@0.000ns fall@5.000ns period=10.000ns})
  Destination:            u_ping_pong/buf_sel_rd_sync1_reg/D
                            (rising edge-triggered cell FDRE clocked by clk_out1_clk_wiz_0_1  {rise@0.000ns fall@19.861ns period=39.722ns})
  Path Group:             clk_out1_clk_wiz_0_1
  Path Type:              Setup (Max at Slow Process Corner)
  Requirement:            0.278ns  (clk_out1_clk_wiz_0_1 rise@1390.278ns - clk_out2_clk_wiz_0 rise@1390.000ns)
  Data Path Delay:        1.858ns  (logic 0.456ns (24.539%)  route 1.402ns (75.461%))
  Logic Levels:           0  
  Clock Path Skew:        -0.205ns (DCD - SCD + CPR)
    Destination Clock Delay (DCD):    -1.544ns = ( 1388.734 - 1390.278 ) 
    Source Clock Delay      (SCD):    -0.941ns = ( 1389.059 - 1390.000 ) 
    Clock Pessimism Removal (CPR):    0.398ns
  Clock Uncertainty:      0.215ns  ((TSJ^2 + DJ^2)^1/2) / 2 + PE
    Total System Jitter     (TSJ):    0.071ns
    Discrete Jitter          (DJ):    0.177ns
    Phase Error              (PE):    0.120ns
  Clock Domain Crossing:  Inter clock paths are considered valid unless explicitly excluded by timing constraints such as set_clock_groups or set_false_path.

    Location             Delay type                Incr(ns)  Path(ns)    Netlist Resource(s)
  -------------------------------------------------------------------    -------------------
                         (clock clk_out2_clk_wiz_0 rise edge)
                                                   1390.000  1390.000 r  
    W5                                                0.000  1390.000 r  clk_100mhz (IN)
                         net (fo=0)                   0.000  1390.000    clk_gen/inst/clk_in1
    W5                   IBUF (Prop_ibuf_I_O)         1.458  1391.458 r  clk_gen/inst/clkin1_ibufg/O
                         net (fo=1, routed)           1.233  1392.692    clk_gen/inst/clk_in1_clk_wiz_0
    MMCME2_ADV_X1Y0      MMCME2_ADV (Prop_mmcme2_adv_CLKIN1_CLKOUT1)
                                                     -6.961  1385.731 r  clk_gen/inst/mmcm_adv_inst/CLKOUT1
                         net (fo=1, routed)           1.661  1387.392    clk_gen/inst/clk_out2_clk_wiz_0
    BUFGCTRL_X0Y0        BUFG (Prop_bufg_I_O)         0.096  1387.488 r  clk_gen/inst/clkout2_buf/O
                         net (fo=137, routed)         1.571  1389.059    u_ping_pong/clk_out2
    SLICE_X51Y44         FDRE                                         r  u_ping_pong/buf_sel_wr_reg/C
  -------------------------------------------------------------------    -------------------
    SLICE_X51Y44         FDRE (Prop_fdre_C_Q)         0.456  1389.516 r  u_ping_pong/buf_sel_wr_reg/Q
                         net (fo=13, routed)          1.402  1390.918    u_ping_pong/buf_sel_wr
    SLICE_X48Y43         FDRE                                         r  u_ping_pong/buf_sel_rd_sync1_reg/D
  -------------------------------------------------------------------    -------------------

                         (clock clk_out1_clk_wiz_0_1 rise edge)
                                                   1390.278  1390.278 r  
    W5                                                0.000  1390.278 r  clk_100mhz (IN)
                         net (fo=0)                   0.000  1390.278    clk_gen/inst/clk_in1
    W5                   IBUF (Prop_ibuf_I_O)         1.388  1391.666 r  clk_gen/inst/clkin1_ibufg/O
                         net (fo=1, routed)           1.162  1392.828    clk_gen/inst/clk_in1_clk_wiz_0
    MMCME2_ADV_X1Y0      MMCME2_ADV (Prop_mmcme2_adv_CLKIN1_CLKOUT0)
                                                     -7.217  1385.610 r  clk_gen/inst/mmcm_adv_inst/CLKOUT0
                         net (fo=1, routed)           1.581  1387.191    clk_gen/inst/clk_out1_clk_wiz_0
    BUFGCTRL_X0Y1        BUFG (Prop_bufg_I_O)         0.091  1387.282 r  clk_gen/inst/clkout1_buf/O
                         net (fo=55, routed)          1.451  1388.734    u_ping_pong/clk_out1
    SLICE_X48Y43         FDRE                                         r  u_ping_pong/buf_sel_rd_sync1_reg/C
                         clock pessimism              0.398  1389.132    
                         clock uncertainty           -0.215  1388.917    
    SLICE_X48Y43         FDRE (Setup_fdre_C_D)       -0.047  1388.870    u_ping_pong/buf_sel_rd_sync1_reg
  -------------------------------------------------------------------
                         required time                       1388.870    
                         arrival time                       -1390.918    
  -------------------------------------------------------------------
                         slack                                 -2.048    





Min Delay Paths
--------------------------------------------------------------------------------------
Slack (MET) :             0.211ns  (arrival time - required time)
  Source:                 u_ping_pong/buf_sel_wr_reg/C
                            (rising edge-triggered cell FDRE clocked by clk_out2_clk_wiz_0  {rise@0.000ns fall@5.000ns period=10.000ns})
  Destination:            u_ping_pong/buf_sel_rd_sync1_reg/D
                            (rising edge-triggered cell FDRE clocked by clk_out1_clk_wiz_0_1  {rise@0.000ns fall@19.861ns period=39.722ns})
  Path Group:             clk_out1_clk_wiz_0_1
  Path Type:              Hold (Min at Fast Process Corner)
  Requirement:            0.000ns  (clk_out1_clk_wiz_0_1 rise@0.000ns - clk_out2_clk_wiz_0 rise@0.000ns)
  Data Path Delay:        0.818ns  (logic 0.141ns (17.232%)  route 0.677ns (82.768%))
  Logic Levels:           0  
  Clock Path Skew:        0.317ns (DCD - SCD - CPR)
    Destination Clock Delay (DCD):    -0.854ns
    Source Clock Delay      (SCD):    -0.615ns
    Clock Pessimism Removal (CPR):    -0.555ns
  Clock Uncertainty:      0.215ns  ((TSJ^2 + DJ^2)^1/2) / 2 + PE
    Total System Jitter     (TSJ):    0.071ns
    Discrete Jitter          (DJ):    0.177ns
    Phase Error              (PE):    0.120ns
  Clock Domain Crossing:  Inter clock paths are considered valid unless explicitly excluded by timing constraints such as set_clock_groups or set_false_path.

    Location             Delay type                Incr(ns)  Path(ns)    Netlist Resource(s)
  -------------------------------------------------------------------    -------------------
                         (clock clk_out2_clk_wiz_0 rise edge)
                                                      0.000     0.000 r  
    W5                                                0.000     0.000 r  clk_100mhz (IN)
                         net (fo=0)                   0.000     0.000    clk_gen/inst/clk_in1
    W5                   IBUF (Prop_ibuf_I_O)         0.226     0.226 r  clk_gen/inst/clkin1_ibufg/O
                         net (fo=1, routed)           0.440     0.667    clk_gen/inst/clk_in1_clk_wiz_0
    MMCME2_ADV_X1Y0      MMCME2_ADV (Prop_mmcme2_adv_CLKIN1_CLKOUT1)
                                                     -2.360    -1.693 r  clk_gen/inst/mmcm_adv_inst/CLKOUT1
                         net (fo=1, routed)           0.486    -1.207    clk_gen/inst/clk_out2_clk_wiz_0
    BUFGCTRL_X0Y0        BUFG (Prop_bufg_I_O)         0.026    -1.181 r  clk_gen/inst/clkout2_buf/O
                         net (fo=137, routed)         0.566    -0.615    u_ping_pong/clk_out2
    SLICE_X51Y44         FDRE                                         r  u_ping_pong/buf_sel_wr_reg/C
  -------------------------------------------------------------------    -------------------
    SLICE_X51Y44         FDRE (Prop_fdre_C_Q)         0.141    -0.474 r  u_ping_pong/buf_sel_wr_reg/Q
                         net (fo=13, routed)          0.677     0.203    u_ping_pong/buf_sel_wr
    SLICE_X48Y43         FDRE                                         r  u_ping_pong/buf_sel_rd_sync1_reg/D
  -------------------------------------------------------------------    -------------------

                         (clock clk_out1_clk_wiz_0_1 rise edge)
                                                      0.000     0.000 r  
    W5                                                0.000     0.000 r  clk_100mhz (IN)
                         net (fo=0)                   0.000     0.000    clk_gen/inst/clk_in1
    W5                   IBUF (Prop_ibuf_I_O)         0.414     0.414 r  clk_gen/inst/clkin1_ibufg/O
                         net (fo=1, routed)           0.480     0.894    clk_gen/inst/clk_in1_clk_wiz_0
    MMCME2_ADV_X1Y0      MMCME2_ADV (Prop_mmcme2_adv_CLKIN1_CLKOUT0)
                                                     -3.142    -2.248 r  clk_gen/inst/mmcm_adv_inst/CLKOUT0
                         net (fo=1, routed)           0.530    -1.718    clk_gen/inst/clk_out1_clk_wiz_0
    BUFGCTRL_X0Y1        BUFG (Prop_bufg_I_O)         0.029    -1.689 r  clk_gen/inst/clkout1_buf/O
                         net (fo=55, routed)          0.836    -0.854    u_ping_pong/clk_out1
    SLICE_X48Y43         FDRE                                         r  u_ping_pong/buf_sel_rd_sync1_reg/C
                         clock pessimism              0.555    -0.299    
                         clock uncertainty            0.215    -0.084    
    SLICE_X48Y43         FDRE (Hold_fdre_C_D)         0.075    -0.009    u_ping_pong/buf_sel_rd_sync1_reg
  -------------------------------------------------------------------
                         required time                          0.009    
                         arrival time                           0.203    
  -------------------------------------------------------------------
                         slack                                  0.211    





---------------------------------------------------------------------------------------------------
From Clock:  clk_out2_clk_wiz_0_1
  To Clock:  clk_out1_clk_wiz_0_1

Setup :            1  Failing Endpoint ,  Worst Slack       -2.048ns,  Total Violation       -2.048ns
Hold  :            0  Failing Endpoints,  Worst Slack        0.211ns,  Total Violation        0.000ns
---------------------------------------------------------------------------------------------------


Max Delay Paths
--------------------------------------------------------------------------------------
Slack (VIOLATED) :        -2.048ns  (required time - arrival time)
  Source:                 u_ping_pong/buf_sel_wr_reg/C
                            (rising edge-triggered cell FDRE clocked by clk_out2_clk_wiz_0_1  {rise@0.000ns fall@5.000ns period=10.000ns})
  Destination:            u_ping_pong/buf_sel_rd_sync1_reg/D
                            (rising edge-triggered cell FDRE clocked by clk_out1_clk_wiz_0_1  {rise@0.000ns fall@19.861ns period=39.722ns})
  Path Group:             clk_out1_clk_wiz_0_1
  Path Type:              Setup (Max at Slow Process Corner)
  Requirement:            0.278ns  (clk_out1_clk_wiz_0_1 rise@1390.278ns - clk_out2_clk_wiz_0_1 rise@1390.000ns)
  Data Path Delay:        1.858ns  (logic 0.456ns (24.539%)  route 1.402ns (75.461%))
  Logic Levels:           0  
  Clock Path Skew:        -0.205ns (DCD - SCD + CPR)
    Destination Clock Delay (DCD):    -1.544ns = ( 1388.734 - 1390.278 ) 
    Source Clock Delay      (SCD):    -0.941ns = ( 1389.059 - 1390.000 ) 
    Clock Pessimism Removal (CPR):    0.398ns
  Clock Uncertainty:      0.215ns  ((TSJ^2 + DJ^2)^1/2) / 2 + PE
    Total System Jitter     (TSJ):    0.071ns
    Discrete Jitter          (DJ):    0.177ns
    Phase Error              (PE):    0.120ns

    Location             Delay type                Incr(ns)  Path(ns)    Netlist Resource(s)
  -------------------------------------------------------------------    -------------------
                         (clock clk_out2_clk_wiz_0_1 rise edge)
                                                   1390.000  1390.000 r  
    W5                                                0.000  1390.000 r  clk_100mhz (IN)
                         net (fo=0)                   0.000  1390.000    clk_gen/inst/clk_in1
    W5                   IBUF (Prop_ibuf_I_O)         1.458  1391.458 r  clk_gen/inst/clkin1_ibufg/O
                         net (fo=1, routed)           1.233  1392.692    clk_gen/inst/clk_in1_clk_wiz_0
    MMCME2_ADV_X1Y0      MMCME2_ADV (Prop_mmcme2_adv_CLKIN1_CLKOUT1)
                                                     -6.961  1385.731 r  clk_gen/inst/mmcm_adv_inst/CLKOUT1
                         net (fo=1, routed)           1.661  1387.392    clk_gen/inst/clk_out2_clk_wiz_0
    BUFGCTRL_X0Y0        BUFG (Prop_bufg_I_O)         0.096  1387.488 r  clk_gen/inst/clkout2_buf/O
                         net (fo=137, routed)         1.571  1389.059    u_ping_pong/clk_out2
    SLICE_X51Y44         FDRE                                         r  u_ping_pong/buf_sel_wr_reg/C
  -------------------------------------------------------------------    -------------------
    SLICE_X51Y44         FDRE (Prop_fdre_C_Q)         0.456  1389.516 r  u_ping_pong/buf_sel_wr_reg/Q
                         net (fo=13, routed)          1.402  1390.918    u_ping_pong/buf_sel_wr
    SLICE_X48Y43         FDRE                                         r  u_ping_pong/buf_sel_rd_sync1_reg/D
  -------------------------------------------------------------------    -------------------

                         (clock clk_out1_clk_wiz_0_1 rise edge)
                                                   1390.278  1390.278 r  
    W5                                                0.000  1390.278 r  clk_100mhz (IN)
                         net (fo=0)                   0.000  1390.278    clk_gen/inst/clk_in1
    W5                   IBUF (Prop_ibuf_I_O)         1.388  1391.666 r  clk_gen/inst/clkin1_ibufg/O
                         net (fo=1, routed)           1.162  1392.828    clk_gen/inst/clk_in1_clk_wiz_0
    MMCME2_ADV_X1Y0      MMCME2_ADV (Prop_mmcme2_adv_CLKIN1_CLKOUT0)
                                                     -7.217  1385.610 r  clk_gen/inst/mmcm_adv_inst/CLKOUT0
                         net (fo=1, routed)           1.581  1387.191    clk_gen/inst/clk_out1_clk_wiz_0
    BUFGCTRL_X0Y1        BUFG (Prop_bufg_I_O)         0.091  1387.282 r  clk_gen/inst/clkout1_buf/O
                         net (fo=55, routed)          1.451  1388.734    u_ping_pong/clk_out1
    SLICE_X48Y43         FDRE                                         r  u_ping_pong/buf_sel_rd_sync1_reg/C
                         clock pessimism              0.398  1389.132    
                         clock uncertainty           -0.215  1388.917    
    SLICE_X48Y43         FDRE (Setup_fdre_C_D)       -0.047  1388.870    u_ping_pong/buf_sel_rd_sync1_reg
  -------------------------------------------------------------------
                         required time                       1388.870    
                         arrival time                       -1390.918    
  -------------------------------------------------------------------
                         slack                                 -2.048    





Min Delay Paths
--------------------------------------------------------------------------------------
Slack (MET) :             0.211ns  (arrival time - required time)
  Source:                 u_ping_pong/buf_sel_wr_reg/C
                            (rising edge-triggered cell FDRE clocked by clk_out2_clk_wiz_0_1  {rise@0.000ns fall@5.000ns period=10.000ns})
  Destination:            u_ping_pong/buf_sel_rd_sync1_reg/D
                            (rising edge-triggered cell FDRE clocked by clk_out1_clk_wiz_0_1  {rise@0.000ns fall@19.861ns period=39.722ns})
  Path Group:             clk_out1_clk_wiz_0_1
  Path Type:              Hold (Min at Fast Process Corner)
  Requirement:            0.000ns  (clk_out1_clk_wiz_0_1 rise@0.000ns - clk_out2_clk_wiz_0_1 rise@0.000ns)
  Data Path Delay:        0.818ns  (logic 0.141ns (17.232%)  route 0.677ns (82.768%))
  Logic Levels:           0  
  Clock Path Skew:        0.317ns (DCD - SCD - CPR)
    Destination Clock Delay (DCD):    -0.854ns
    Source Clock Delay      (SCD):    -0.615ns
    Clock Pessimism Removal (CPR):    -0.555ns
  Clock Uncertainty:      0.215ns  ((TSJ^2 + DJ^2)^1/2) / 2 + PE
    Total System Jitter     (TSJ):    0.071ns
    Discrete Jitter          (DJ):    0.177ns
    Phase Error              (PE):    0.120ns

    Location             Delay type                Incr(ns)  Path(ns)    Netlist Resource(s)
  -------------------------------------------------------------------    -------------------
                         (clock clk_out2_clk_wiz_0_1 rise edge)
                                                      0.000     0.000 r  
    W5                                                0.000     0.000 r  clk_100mhz (IN)
                         net (fo=0)                   0.000     0.000    clk_gen/inst/clk_in1
    W5                   IBUF (Prop_ibuf_I_O)         0.226     0.226 r  clk_gen/inst/clkin1_ibufg/O
                         net (fo=1, routed)           0.440     0.667    clk_gen/inst/clk_in1_clk_wiz_0
    MMCME2_ADV_X1Y0      MMCME2_ADV (Prop_mmcme2_adv_CLKIN1_CLKOUT1)
                                                     -2.360    -1.693 r  clk_gen/inst/mmcm_adv_inst/CLKOUT1
                         net (fo=1, routed)           0.486    -1.207    clk_gen/inst/clk_out2_clk_wiz_0
    BUFGCTRL_X0Y0        BUFG (Prop_bufg_I_O)         0.026    -1.181 r  clk_gen/inst/clkout2_buf/O
                         net (fo=137, routed)         0.566    -0.615    u_ping_pong/clk_out2
    SLICE_X51Y44         FDRE                                         r  u_ping_pong/buf_sel_wr_reg/C
  -------------------------------------------------------------------    -------------------
    SLICE_X51Y44         FDRE (Prop_fdre_C_Q)         0.141    -0.474 r  u_ping_pong/buf_sel_wr_reg/Q
                         net (fo=13, routed)          0.677     0.203    u_ping_pong/buf_sel_wr
    SLICE_X48Y43         FDRE                                         r  u_ping_pong/buf_sel_rd_sync1_reg/D
  -------------------------------------------------------------------    -------------------

                         (clock clk_out1_clk_wiz_0_1 rise edge)
                                                      0.000     0.000 r  
    W5                                                0.000     0.000 r  clk_100mhz (IN)
                         net (fo=0)                   0.000     0.000    clk_gen/inst/clk_in1
    W5                   IBUF (Prop_ibuf_I_O)         0.414     0.414 r  clk_gen/inst/clkin1_ibufg/O
                         net (fo=1, routed)           0.480     0.894    clk_gen/inst/clk_in1_clk_wiz_0
    MMCME2_ADV_X1Y0      MMCME2_ADV (Prop_mmcme2_adv_CLKIN1_CLKOUT0)
                                                     -3.142    -2.248 r  clk_gen/inst/mmcm_adv_inst/CLKOUT0
                         net (fo=1, routed)           0.530    -1.718    clk_gen/inst/clk_out1_clk_wiz_0
    BUFGCTRL_X0Y1        BUFG (Prop_bufg_I_O)         0.029    -1.689 r  clk_gen/inst/clkout1_buf/O
                         net (fo=55, routed)          0.836    -0.854    u_ping_pong/clk_out1
    SLICE_X48Y43         FDRE                                         r  u_ping_pong/buf_sel_rd_sync1_reg/C
                         clock pessimism              0.555    -0.299    
                         clock uncertainty            0.215    -0.084    
    SLICE_X48Y43         FDRE (Hold_fdre_C_D)         0.075    -0.009    u_ping_pong/buf_sel_rd_sync1_reg
  -------------------------------------------------------------------
                         required time                          0.009    
                         arrival time                           0.203    
  -------------------------------------------------------------------
                         slack                                  0.211    





---------------------------------------------------------------------------------------------------
From Clock:  clk_out2_clk_wiz_0
  To Clock:  clk_out2_clk_wiz_0_1

Setup :            0  Failing Endpoints,  Worst Slack        3.261ns,  Total Violation        0.000ns
Hold  :            0  Failing Endpoints,  Worst Slack        0.095ns,  Total Violation        0.000ns
---------------------------------------------------------------------------------------------------


Max Delay Paths
--------------------------------------------------------------------------------------
Slack (MET) :             3.261ns  (required time - arrival time)
  Source:                 u_ping_pong/wr_ptr_reg[14]/C
                            (rising edge-triggered cell FDRE clocked by clk_out2_clk_wiz_0  {rise@0.000ns fall@5.000ns period=10.000ns})
  Destination:            u_ping_pong/ram_reg_3_5/ENARDEN
                            (rising edge-triggered cell RAMB36E1 clocked by clk_out2_clk_wiz_0_1  {rise@0.000ns fall@5.000ns period=10.000ns})
  Path Group:             clk_out2_clk_wiz_0_1
  Path Type:              Setup (Max at Slow Process Corner)
  Requirement:            10.000ns  (clk_out2_clk_wiz_0_1 rise@10.000ns - clk_out2_clk_wiz_0 rise@0.000ns)
  Data Path Delay:        6.127ns  (logic 1.788ns (29.181%)  route 4.339ns (70.819%))
  Logic Levels:           4  (CARRY4=1 LUT3=2 LUT5=1)
  Clock Path Skew:        -0.091ns (DCD - SCD + CPR)
    Destination Clock Delay (DCD):    -1.514ns = ( 8.486 - 10.000 ) 
    Source Clock Delay      (SCD):    -0.940ns
    Clock Pessimism Removal (CPR):    0.484ns
  Clock Uncertainty:      0.077ns  ((TSJ^2 + DJ^2)^1/2) / 2 + PE
    Total System Jitter     (TSJ):    0.071ns
    Discrete Jitter          (DJ):    0.138ns
    Phase Error              (PE):    0.000ns
  Clock Domain Crossing:  Inter clock paths are considered valid unless explicitly excluded by timing constraints such as set_clock_groups or set_false_path.

    Location             Delay type                Incr(ns)  Path(ns)    Netlist Resource(s)
  -------------------------------------------------------------------    -------------------
                         (clock clk_out2_clk_wiz_0 rise edge)
                                                      0.000     0.000 r  
    W5                                                0.000     0.000 r  clk_100mhz (IN)
                         net (fo=0)                   0.000     0.000    clk_gen/inst/clk_in1
    W5                   IBUF (Prop_ibuf_I_O)         1.458     1.458 r  clk_gen/inst/clkin1_ibufg/O
                         net (fo=1, routed)           1.233     2.691    clk_gen/inst/clk_in1_clk_wiz_0
    MMCME2_ADV_X1Y0      MMCME2_ADV (Prop_mmcme2_adv_CLKIN1_CLKOUT1)
                                                     -6.961    -4.269 r  clk_gen/inst/mmcm_adv_inst/CLKOUT1
                         net (fo=1, routed)           1.661    -2.608    clk_gen/inst/clk_out2_clk_wiz_0
    BUFGCTRL_X0Y0        BUFG (Prop_bufg_I_O)         0.096    -2.512 r  clk_gen/inst/clkout2_buf/O
                         net (fo=137, routed)         1.572    -0.940    u_ping_pong/clk_out2
    SLICE_X51Y47         FDRE                                         r  u_ping_pong/wr_ptr_reg[14]/C
  -------------------------------------------------------------------    -------------------
    SLICE_X51Y47         FDRE (Prop_fdre_C_Q)         0.419    -0.521 r  u_ping_pong/wr_ptr_reg[14]/Q
                         net (fo=5, routed)           0.837     0.316    u_ping_pong/wr_ptr[14]
    SLICE_X51Y45         LUT3 (Prop_lut3_I1_O)        0.299     0.615 r  u_ping_pong/wr_addr_final__0_carry__0_i_4/O
                         net (fo=25, routed)          0.000     0.615    u_ping_pong/wr_addr_final__0_carry__0_i_4_n_0
    SLICE_X51Y45         CARRY4 (Prop_carry4_S[1]_O[3])
                                                      0.640     1.255 f  u_ping_pong/wr_addr_final__0_carry__0/O[3]
                         net (fo=14, routed)          1.453     2.709    u_ping_pong/wr_addr_final[17]
    SLICE_X32Y43         LUT3 (Prop_lut3_I1_O)        0.306     3.015 r  u_ping_pong/ram_reg_2_2_i_1/O
                         net (fo=12, routed)          1.343     4.357    u_ping_pong/ram_reg_2_2_i_1_n_0
    SLICE_X14Y53         LUT5 (Prop_lut5_I4_O)        0.124     4.481 r  u_ping_pong/ram_reg_3_5_ENARDEN_cooolgate_en_gate_19/O
                         net (fo=1, routed)           0.706     5.188    u_ping_pong/ram_reg_3_5_ENARDEN_cooolgate_en_sig_10
    RAMB36_X0Y11         RAMB36E1                                     r  u_ping_pong/ram_reg_3_5/ENARDEN
  -------------------------------------------------------------------    -------------------

                         (clock clk_out2_clk_wiz_0_1 rise edge)
                                                     10.000    10.000 r  
    W5                                                0.000    10.000 r  clk_100mhz (IN)
                         net (fo=0)                   0.000    10.000    clk_gen/inst/clk_in1
    W5                   IBUF (Prop_ibuf_I_O)         1.388    11.388 r  clk_gen/inst/clkin1_ibufg/O
                         net (fo=1, routed)           1.162    12.550    clk_gen/inst/clk_in1_clk_wiz_0
    MMCME2_ADV_X1Y0      MMCME2_ADV (Prop_mmcme2_adv_CLKIN1_CLKOUT1)
                                                     -7.217     5.332 r  clk_gen/inst/mmcm_adv_inst/CLKOUT1
                         net (fo=1, routed)           1.581     6.914    clk_gen/inst/clk_out2_clk_wiz_0
    BUFGCTRL_X0Y0        BUFG (Prop_bufg_I_O)         0.091     7.005 r  clk_gen/inst/clkout2_buf/O
                         net (fo=137, routed)         1.481     8.486    u_ping_pong/clk_out2
    RAMB36_X0Y11         RAMB36E1                                     r  u_ping_pong/ram_reg_3_5/CLKARDCLK
                         clock pessimism              0.484     8.969    
                         clock uncertainty           -0.077     8.892    
    RAMB36_X0Y11         RAMB36E1 (Setup_ramb36e1_CLKARDCLK_ENARDEN)
                                                     -0.443     8.449    u_ping_pong/ram_reg_3_5
  -------------------------------------------------------------------
                         required time                          8.449    
                         arrival time                          -5.188    
  -------------------------------------------------------------------
                         slack                                  3.261    

Slack (MET) :             3.430ns  (required time - arrival time)
  Source:                 u_ping_pong/wr_ptr_reg[14]/C
                            (rising edge-triggered cell FDRE clocked by clk_out2_clk_wiz_0  {rise@0.000ns fall@5.000ns period=10.000ns})
  Destination:            u_ping_pong/ram_reg_2_5/ENARDEN
                            (rising edge-triggered cell RAMB36E1 clocked by clk_out2_clk_wiz_0_1  {rise@0.000ns fall@5.000ns period=10.000ns})
  Path Group:             clk_out2_clk_wiz_0_1
  Path Type:              Setup (Max at Slow Process Corner)
  Requirement:            10.000ns  (clk_out2_clk_wiz_0_1 rise@10.000ns - clk_out2_clk_wiz_0 rise@0.000ns)
  Data Path Delay:        5.960ns  (logic 1.788ns (30.001%)  route 4.172ns (69.999%))
  Logic Levels:           4  (CARRY4=1 LUT3=2 LUT5=1)
  Clock Path Skew:        -0.090ns (DCD - SCD + CPR)
    Destination Clock Delay (DCD):    -1.513ns = ( 8.487 - 10.000 ) 
    Source Clock Delay      (SCD):    -0.940ns
    Clock Pessimism Removal (CPR):    0.484ns
  Clock Uncertainty:      0.077ns  ((TSJ^2 + DJ^2)^1/2) / 2 + PE
    Total System Jitter     (TSJ):    0.071ns
    Discrete Jitter          (DJ):    0.138ns
    Phase Error              (PE):    0.000ns
  Clock Domain Crossing:  Inter clock paths are considered valid unless explicitly excluded by timing constraints such as set_clock_groups or set_false_path.

    Location             Delay type                Incr(ns)  Path(ns)    Netlist Resource(s)
  -------------------------------------------------------------------    -------------------
                         (clock clk_out2_clk_wiz_0 rise edge)
                                                      0.000     0.000 r  
    W5                                                0.000     0.000 r  clk_100mhz (IN)
                         net (fo=0)                   0.000     0.000    clk_gen/inst/clk_in1
    W5                   IBUF (Prop_ibuf_I_O)         1.458     1.458 r  clk_gen/inst/clkin1_ibufg/O
                         net (fo=1, routed)           1.233     2.691    clk_gen/inst/clk_in1_clk_wiz_0
    MMCME2_ADV_X1Y0      MMCME2_ADV (Prop_mmcme2_adv_CLKIN1_CLKOUT1)
                                                     -6.961    -4.269 r  clk_gen/inst/mmcm_adv_inst/CLKOUT1
                         net (fo=1, routed)           1.661    -2.608    clk_gen/inst/clk_out2_clk_wiz_0
    BUFGCTRL_X0Y0        BUFG (Prop_bufg_I_O)         0.096    -2.512 r  clk_gen/inst/clkout2_buf/O
                         net (fo=137, routed)         1.572    -0.940    u_ping_pong/clk_out2
    SLICE_X51Y47         FDRE                                         r  u_ping_pong/wr_ptr_reg[14]/C
  -------------------------------------------------------------------    -------------------
    SLICE_X51Y47         FDRE (Prop_fdre_C_Q)         0.419    -0.521 r  u_ping_pong/wr_ptr_reg[14]/Q
                         net (fo=5, routed)           0.837     0.316    u_ping_pong/wr_ptr[14]
    SLICE_X51Y45         LUT3 (Prop_lut3_I1_O)        0.299     0.615 r  u_ping_pong/wr_addr_final__0_carry__0_i_4/O
                         net (fo=25, routed)          0.000     0.615    u_ping_pong/wr_addr_final__0_carry__0_i_4_n_0
    SLICE_X51Y45         CARRY4 (Prop_carry4_S[1]_O[3])
                                                      0.640     1.255 f  u_ping_pong/wr_addr_final__0_carry__0/O[3]
                         net (fo=14, routed)          1.453     2.709    u_ping_pong/wr_addr_final[17]
    SLICE_X32Y43         LUT3 (Prop_lut3_I1_O)        0.306     3.015 r  u_ping_pong/ram_reg_2_2_i_1/O
                         net (fo=12, routed)          1.343     4.357    u_ping_pong/ram_reg_2_2_i_1_n_0
    SLICE_X14Y52         LUT5 (Prop_lut5_I4_O)        0.124     4.481 r  u_ping_pong/ram_reg_2_5_ENARDEN_cooolgate_en_gate_43/O
                         net (fo=1, routed)           0.539     5.020    u_ping_pong/ram_reg_2_5_ENARDEN_cooolgate_en_sig_22
    RAMB36_X0Y10         RAMB36E1                                     r  u_ping_pong/ram_reg_2_5/ENARDEN
  -------------------------------------------------------------------    -------------------

                         (clock clk_out2_clk_wiz_0_1 rise edge)
                                                     10.000    10.000 r  
    W5                                                0.000    10.000 r  clk_100mhz (IN)
                         net (fo=0)                   0.000    10.000    clk_gen/inst/clk_in1
    W5                   IBUF (Prop_ibuf_I_O)         1.388    11.388 r  clk_gen/inst/clkin1_ibufg/O
                         net (fo=1, routed)           1.162    12.550    clk_gen/inst/clk_in1_clk_wiz_0
    MMCME2_ADV_X1Y0      MMCME2_ADV (Prop_mmcme2_adv_CLKIN1_CLKOUT1)
                                                     -7.217     5.332 r  clk_gen/inst/mmcm_adv_inst/CLKOUT1
                         net (fo=1, routed)           1.581     6.914    clk_gen/inst/clk_out2_clk_wiz_0
    BUFGCTRL_X0Y0        BUFG (Prop_bufg_I_O)         0.091     7.005 r  clk_gen/inst/clkout2_buf/O
                         net (fo=137, routed)         1.482     8.487    u_ping_pong/clk_out2
    RAMB36_X0Y10         RAMB36E1                                     r  u_ping_pong/ram_reg_2_5/CLKARDCLK
                         clock pessimism              0.484     8.970    
                         clock uncertainty           -0.077     8.893    
    RAMB36_X0Y10         RAMB36E1 (Setup_ramb36e1_CLKARDCLK_ENARDEN)
                                                     -0.443     8.450    u_ping_pong/ram_reg_2_5
  -------------------------------------------------------------------
                         required time                          8.450    
                         arrival time                          -5.020    
  -------------------------------------------------------------------
                         slack                                  3.430    

Slack (MET) :             3.459ns  (required time - arrival time)
  Source:                 u_ping_pong/wr_ptr_reg[12]/C
                            (rising edge-triggered cell FDRE clocked by clk_out2_clk_wiz_0  {rise@0.000ns fall@5.000ns period=10.000ns})
  Destination:            u_ping_pong/ram_reg_3_5/ADDRARDADDR[15]
                            (rising edge-triggered cell RAMB36E1 clocked by clk_out2_clk_wiz_0_1  {rise@0.000ns fall@5.000ns period=10.000ns})
  Path Group:             clk_out2_clk_wiz_0_1
  Path Type:              Setup (Max at Slow Process Corner)
  Requirement:            10.000ns  (clk_out2_clk_wiz_0_1 rise@10.000ns - clk_out2_clk_wiz_0 rise@0.000ns)
  Data Path Delay:        5.679ns  (logic 1.315ns (23.156%)  route 4.364ns (76.844%))
  Logic Levels:           3  (CARRY4=2 LUT3=1)
  Clock Path Skew:        -0.091ns (DCD - SCD + CPR)
    Destination Clock Delay (DCD):    -1.514ns = ( 8.486 - 10.000 ) 
    Source Clock Delay      (SCD):    -0.940ns
    Clock Pessimism Removal (CPR):    0.484ns
  Clock Uncertainty:      0.077ns  ((TSJ^2 + DJ^2)^1/2) / 2 + PE
    Total System Jitter     (TSJ):    0.071ns
    Discrete Jitter          (DJ):    0.138ns
    Phase Error              (PE):    0.000ns
  Clock Domain Crossing:  Inter clock paths are considered valid unless explicitly excluded by timing constraints such as set_clock_groups or set_false_path.

    Location             Delay type                Incr(ns)  Path(ns)    Netlist Resource(s)
  -------------------------------------------------------------------    -------------------
                         (clock clk_out2_clk_wiz_0 rise edge)
                                                      0.000     0.000 r  
    W5                                                0.000     0.000 r  clk_100mhz (IN)
                         net (fo=0)                   0.000     0.000    clk_gen/inst/clk_in1
    W5                   IBUF (Prop_ibuf_I_O)         1.458     1.458 r  clk_gen/inst/clkin1_ibufg/O
                         net (fo=1, routed)           1.233     2.691    clk_gen/inst/clk_in1_clk_wiz_0
    MMCME2_ADV_X1Y0      MMCME2_ADV (Prop_mmcme2_adv_CLKIN1_CLKOUT1)
                                                     -6.961    -4.269 r  clk_gen/inst/mmcm_adv_inst/CLKOUT1
                         net (fo=1, routed)           1.661    -2.608    clk_gen/inst/clk_out2_clk_wiz_0
    BUFGCTRL_X0Y0        BUFG (Prop_bufg_I_O)         0.096    -2.512 r  clk_gen/inst/clkout2_buf/O
                         net (fo=137, routed)         1.572    -0.940    u_ping_pong/clk_out2
    SLICE_X51Y47         FDRE                                         r  u_ping_pong/wr_ptr_reg[12]/C
  -------------------------------------------------------------------    -------------------
    SLICE_X51Y47         FDRE (Prop_fdre_C_Q)         0.456    -0.484 r  u_ping_pong/wr_ptr_reg[12]/Q
                         net (fo=5, routed)           0.841     0.357    u_ping_pong/wr_ptr[12]
    SLICE_X51Y44         LUT3 (Prop_lut3_I1_O)        0.124     0.481 r  u_ping_pong/wr_addr_final__0_carry_i_3/O
                         net (fo=1, routed)           0.000     0.481    u_ping_pong/wr_addr_final__0_carry_i_3_n_0
    SLICE_X51Y44         CARRY4 (Prop_carry4_S[3]_CO[3])
                                                      0.401     0.882 r  u_ping_pong/wr_addr_final__0_carry/CO[3]
                         net (fo=1, routed)           0.000     0.882    u_ping_pong/wr_addr_final__0_carry_n_0
    SLICE_X51Y45         CARRY4 (Prop_carry4_CI_O[1])
                                                      0.334     1.216 r  u_ping_pong/wr_addr_final__0_carry__0/O[1]
                         net (fo=26, routed)          3.523     4.739    u_ping_pong/wr_addr_final[15]
    RAMB36_X0Y11         RAMB36E1                                     r  u_ping_pong/ram_reg_3_5/ADDRARDADDR[15]
  -------------------------------------------------------------------    -------------------

                         (clock clk_out2_clk_wiz_0_1 rise edge)
                                                     10.000    10.000 r  
    W5                                                0.000    10.000 r  clk_100mhz (IN)
                         net (fo=0)                   0.000    10.000    clk_gen/inst/clk_in1
    W5                   IBUF (Prop_ibuf_I_O)         1.388    11.388 r  clk_gen/inst/clkin1_ibufg/O
                         net (fo=1, routed)           1.162    12.550    clk_gen/inst/clk_in1_clk_wiz_0
    MMCME2_ADV_X1Y0      MMCME2_ADV (Prop_mmcme2_adv_CLKIN1_CLKOUT1)
                                                     -7.217     5.332 r  clk_gen/inst/mmcm_adv_inst/CLKOUT1
                         net (fo=1, routed)           1.581     6.914    clk_gen/inst/clk_out2_clk_wiz_0
    BUFGCTRL_X0Y0        BUFG (Prop_bufg_I_O)         0.091     7.005 r  clk_gen/inst/clkout2_buf/O
                         net (fo=137, routed)         1.481     8.486    u_ping_pong/clk_out2
    RAMB36_X0Y11         RAMB36E1                                     r  u_ping_pong/ram_reg_3_5/CLKARDCLK
                         clock pessimism              0.484     8.969    
                         clock uncertainty           -0.077     8.892    
    RAMB36_X0Y11         RAMB36E1 (Setup_ramb36e1_CLKARDCLK_ADDRARDADDR[15])
                                                     -0.694     8.198    u_ping_pong/ram_reg_3_5
  -------------------------------------------------------------------
                         required time                          8.198    
                         arrival time                          -4.739    
  -------------------------------------------------------------------
                         slack                                  3.459    

Slack (MET) :             3.459ns  (required time - arrival time)
  Source:                 u_ping_pong/wr_ptr_reg[14]/C
                            (rising edge-triggered cell FDRE clocked by clk_out2_clk_wiz_0  {rise@0.000ns fall@5.000ns period=10.000ns})
  Destination:            u_ping_pong/ram_reg_2_3/ENARDEN
                            (rising edge-triggered cell RAMB36E1 clocked by clk_out2_clk_wiz_0_1  {rise@0.000ns fall@5.000ns period=10.000ns})
  Path Group:             clk_out2_clk_wiz_0_1
  Path Type:              Setup (Max at Slow Process Corner)
  Requirement:            10.000ns  (clk_out2_clk_wiz_0_1 rise@10.000ns - clk_out2_clk_wiz_0 rise@0.000ns)
  Data Path Delay:        5.942ns  (logic 1.788ns (30.090%)  route 4.154ns (69.910%))
  Logic Levels:           4  (CARRY4=1 LUT3=2 LUT5=1)
  Clock Path Skew:        -0.079ns (DCD - SCD + CPR)
    Destination Clock Delay (DCD):    -1.510ns = ( 8.490 - 10.000 ) 
    Source Clock Delay      (SCD):    -0.940ns
    Clock Pessimism Removal (CPR):    0.492ns
  Clock Uncertainty:      0.077ns  ((TSJ^2 + DJ^2)^1/2) / 2 + PE
    Total System Jitter     (TSJ):    0.071ns
    Discrete Jitter          (DJ):    0.138ns
    Phase Error              (PE):    0.000ns
  Clock Domain Crossing:  Inter clock paths are considered valid unless explicitly excluded by timing constraints such as set_clock_groups or set_false_path.

    Location             Delay type                Incr(ns)  Path(ns)    Netlist Resource(s)
  -------------------------------------------------------------------    -------------------
                         (clock clk_out2_clk_wiz_0 rise edge)
                                                      0.000     0.000 r  
    W5                                                0.000     0.000 r  clk_100mhz (IN)
                         net (fo=0)                   0.000     0.000    clk_gen/inst/clk_in1
    W5                   IBUF (Prop_ibuf_I_O)         1.458     1.458 r  clk_gen/inst/clkin1_ibufg/O
                         net (fo=1, routed)           1.233     2.691    clk_gen/inst/clk_in1_clk_wiz_0
    MMCME2_ADV_X1Y0      MMCME2_ADV (Prop_mmcme2_adv_CLKIN1_CLKOUT1)
                                                     -6.961    -4.269 r  clk_gen/inst/mmcm_adv_inst/CLKOUT1
                         net (fo=1, routed)           1.661    -2.608    clk_gen/inst/clk_out2_clk_wiz_0
    BUFGCTRL_X0Y0        BUFG (Prop_bufg_I_O)         0.096    -2.512 r  clk_gen/inst/clkout2_buf/O
                         net (fo=137, routed)         1.572    -0.940    u_ping_pong/clk_out2
    SLICE_X51Y47         FDRE                                         r  u_ping_pong/wr_ptr_reg[14]/C
  -------------------------------------------------------------------    -------------------
    SLICE_X51Y47         FDRE (Prop_fdre_C_Q)         0.419    -0.521 r  u_ping_pong/wr_ptr_reg[14]/Q
                         net (fo=5, routed)           0.837     0.316    u_ping_pong/wr_ptr[14]
    SLICE_X51Y45         LUT3 (Prop_lut3_I1_O)        0.299     0.615 r  u_ping_pong/wr_addr_final__0_carry__0_i_4/O
                         net (fo=25, routed)          0.000     0.615    u_ping_pong/wr_addr_final__0_carry__0_i_4_n_0
    SLICE_X51Y45         CARRY4 (Prop_carry4_S[1]_O[3])
                                                      0.640     1.255 f  u_ping_pong/wr_addr_final__0_carry__0/O[3]
                         net (fo=14, routed)          1.453     2.709    u_ping_pong/wr_addr_final[17]
    SLICE_X32Y43         LUT3 (Prop_lut3_I1_O)        0.306     3.015 r  u_ping_pong/ram_reg_2_2_i_1/O
                         net (fo=12, routed)          0.995     4.010    u_ping_pong/ram_reg_2_2_i_1_n_0
    SLICE_X14Y38         LUT5 (Prop_lut5_I4_O)        0.124     4.134 r  u_ping_pong/ram_reg_2_3_ENARDEN_cooolgate_en_gate_39/O
                         net (fo=1, routed)           0.869     5.003    u_ping_pong/ram_reg_2_3_ENARDEN_cooolgate_en_sig_20
    RAMB36_X0Y6          RAMB36E1                                     r  u_ping_pong/ram_reg_2_3/ENARDEN
  -------------------------------------------------------------------    -------------------

                         (clock clk_out2_clk_wiz_0_1 rise edge)
                                                     10.000    10.000 r  
    W5                                                0.000    10.000 r  clk_100mhz (IN)
                         net (fo=0)                   0.000    10.000    clk_gen/inst/clk_in1
    W5                   IBUF (Prop_ibuf_I_O)         1.388    11.388 r  clk_gen/inst/clkin1_ibufg/O
                         net (fo=1, routed)           1.162    12.550    clk_gen/inst/clk_in1_clk_wiz_0
    MMCME2_ADV_X1Y0      MMCME2_ADV (Prop_mmcme2_adv_CLKIN1_CLKOUT1)
                                                     -7.217     5.332 r  clk_gen/inst/mmcm_adv_inst/CLKOUT1
                         net (fo=1, routed)           1.581     6.914    clk_gen/inst/clk_out2_clk_wiz_0
    BUFGCTRL_X0Y0        BUFG (Prop_bufg_I_O)         0.091     7.005 r  clk_gen/inst/clkout2_buf/O
                         net (fo=137, routed)         1.486     8.490    u_ping_pong/clk_out2
    RAMB36_X0Y6          RAMB36E1                                     r  u_ping_pong/ram_reg_2_3/CLKARDCLK
                         clock pessimism              0.492     8.982    
                         clock uncertainty           -0.077     8.905    
    RAMB36_X0Y6          RAMB36E1 (Setup_ramb36e1_CLKARDCLK_ENARDEN)
                                                     -0.443     8.462    u_ping_pong/ram_reg_2_3
  -------------------------------------------------------------------
                         required time                          8.462    
                         arrival time                          -5.003    
  -------------------------------------------------------------------
                         slack                                  3.459    

Slack (MET) :             3.517ns  (required time - arrival time)
  Source:                 u_ping_pong/wr_ptr_reg[12]/C
                            (rising edge-triggered cell FDRE clocked by clk_out2_clk_wiz_0  {rise@0.000ns fall@5.000ns period=10.000ns})
  Destination:            u_ping_pong/ram_reg_2_5/ADDRARDADDR[15]
                            (rising edge-triggered cell RAMB36E1 clocked by clk_out2_clk_wiz_0_1  {rise@0.000ns fall@5.000ns period=10.000ns})
  Path Group:             clk_out2_clk_wiz_0_1
  Path Type:              Setup (Max at Slow Process Corner)
  Requirement:            10.000ns  (clk_out2_clk_wiz_0_1 rise@10.000ns - clk_out2_clk_wiz_0 rise@0.000ns)
  Data Path Delay:        5.621ns  (logic 1.315ns (23.394%)  route 4.306ns (76.606%))
  Logic Levels:           3  (CARRY4=2 LUT3=1)
  Clock Path Skew:        -0.090ns (DCD - SCD + CPR)
    Destination Clock Delay (DCD):    -1.513ns = ( 8.487 - 10.000 ) 
    Source Clock Delay      (SCD):    -0.940ns
    Clock Pessimism Removal (CPR):    0.484ns
  Clock Uncertainty:      0.077ns  ((TSJ^2 + DJ^2)^1/2) / 2 + PE
    Total System Jitter     (TSJ):    0.071ns
    Discrete Jitter          (DJ):    0.138ns
    Phase Error              (PE):    0.000ns
  Clock Domain Crossing:  Inter clock paths are considered valid unless explicitly excluded by timing constraints such as set_clock_groups or set_false_path.

    Location             Delay type                Incr(ns)  Path(ns)    Netlist Resource(s)
  -------------------------------------------------------------------    -------------------
                         (clock clk_out2_clk_wiz_0 rise edge)
                                                      0.000     0.000 r  
    W5                                                0.000     0.000 r  clk_100mhz (IN)
                         net (fo=0)                   0.000     0.000    clk_gen/inst/clk_in1
    W5                   IBUF (Prop_ibuf_I_O)         1.458     1.458 r  clk_gen/inst/clkin1_ibufg/O
                         net (fo=1, routed)           1.233     2.691    clk_gen/inst/clk_in1_clk_wiz_0
    MMCME2_ADV_X1Y0      MMCME2_ADV (Prop_mmcme2_adv_CLKIN1_CLKOUT1)
                                                     -6.961    -4.269 r  clk_gen/inst/mmcm_adv_inst/CLKOUT1
                         net (fo=1, routed)           1.661    -2.608    clk_gen/inst/clk_out2_clk_wiz_0
    BUFGCTRL_X0Y0        BUFG (Prop_bufg_I_O)         0.096    -2.512 r  clk_gen/inst/clkout2_buf/O
                         net (fo=137, routed)         1.572    -0.940    u_ping_pong/clk_out2
    SLICE_X51Y47         FDRE                                         r  u_ping_pong/wr_ptr_reg[12]/C
  -------------------------------------------------------------------    -------------------
    SLICE_X51Y47         FDRE (Prop_fdre_C_Q)         0.456    -0.484 r  u_ping_pong/wr_ptr_reg[12]/Q
                         net (fo=5, routed)           0.841     0.357    u_ping_pong/wr_ptr[12]
    SLICE_X51Y44         LUT3 (Prop_lut3_I1_O)        0.124     0.481 r  u_ping_pong/wr_addr_final__0_carry_i_3/O
                         net (fo=1, routed)           0.000     0.481    u_ping_pong/wr_addr_final__0_carry_i_3_n_0
    SLICE_X51Y44         CARRY4 (Prop_carry4_S[3]_CO[3])
                                                      0.401     0.882 r  u_ping_pong/wr_addr_final__0_carry/CO[3]
                         net (fo=1, routed)           0.000     0.882    u_ping_pong/wr_addr_final__0_carry_n_0
    SLICE_X51Y45         CARRY4 (Prop_carry4_CI_O[1])
                                                      0.334     1.216 r  u_ping_pong/wr_addr_final__0_carry__0/O[1]
                         net (fo=26, routed)          3.465     4.682    u_ping_pong/wr_addr_final[15]
    RAMB36_X0Y10         RAMB36E1                                     r  u_ping_pong/ram_reg_2_5/ADDRARDADDR[15]
  -------------------------------------------------------------------    -------------------

                         (clock clk_out2_clk_wiz_0_1 rise edge)
                                                     10.000    10.000 r  
    W5                                                0.000    10.000 r  clk_100mhz (IN)
                         net (fo=0)                   0.000    10.000    clk_gen/inst/clk_in1
    W5                   IBUF (Prop_ibuf_I_O)         1.388    11.388 r  clk_gen/inst/clkin1_ibufg/O
                         net (fo=1, routed)           1.162    12.550    clk_gen/inst/clk_in1_clk_wiz_0
    MMCME2_ADV_X1Y0      MMCME2_ADV (Prop_mmcme2_adv_CLKIN1_CLKOUT1)
                                                     -7.217     5.332 r  clk_gen/inst/mmcm_adv_inst/CLKOUT1
                         net (fo=1, routed)           1.581     6.914    clk_gen/inst/clk_out2_clk_wiz_0
    BUFGCTRL_X0Y0        BUFG (Prop_bufg_I_O)         0.091     7.005 r  clk_gen/inst/clkout2_buf/O
                         net (fo=137, routed)         1.482     8.487    u_ping_pong/clk_out2
    RAMB36_X0Y10         RAMB36E1                                     r  u_ping_pong/ram_reg_2_5/CLKARDCLK
                         clock pessimism              0.484     8.970    
                         clock uncertainty           -0.077     8.893    
    RAMB36_X0Y10         RAMB36E1 (Setup_ramb36e1_CLKARDCLK_ADDRARDADDR[15])
                                                     -0.694     8.199    u_ping_pong/ram_reg_2_5
  -------------------------------------------------------------------
                         required time                          8.199    
                         arrival time                          -4.682    
  -------------------------------------------------------------------
                         slack                                  3.517    

Slack (MET) :             3.540ns  (required time - arrival time)
  Source:                 u_ping_pong/wr_ptr_reg[12]/C
                            (rising edge-triggered cell FDRE clocked by clk_out2_clk_wiz_0  {rise@0.000ns fall@5.000ns period=10.000ns})
  Destination:            u_ping_pong/ram_reg_2_3/ADDRARDADDR[15]
                            (rising edge-triggered cell RAMB36E1 clocked by clk_out2_clk_wiz_0_1  {rise@0.000ns fall@5.000ns period=10.000ns})
  Path Group:             clk_out2_clk_wiz_0_1
  Path Type:              Setup (Max at Slow Process Corner)
  Requirement:            10.000ns  (clk_out2_clk_wiz_0_1 rise@10.000ns - clk_out2_clk_wiz_0 rise@0.000ns)
  Data Path Delay:        5.610ns  (logic 1.315ns (23.440%)  route 4.295ns (76.560%))
  Logic Levels:           3  (CARRY4=2 LUT3=1)
  Clock Path Skew:        -0.079ns (DCD - SCD + CPR)
    Destination Clock Delay (DCD):    -1.510ns = ( 8.490 - 10.000 ) 
    Source Clock Delay      (SCD):    -0.940ns
    Clock Pessimism Removal (CPR):    0.492ns
  Clock Uncertainty:      0.077ns  ((TSJ^2 + DJ^2)^1/2) / 2 + PE
    Total System Jitter     (TSJ):    0.071ns
    Discrete Jitter          (DJ):    0.138ns
    Phase Error              (PE):    0.000ns
  Clock Domain Crossing:  Inter clock paths are considered valid unless explicitly excluded by timing constraints such as set_clock_groups or set_false_path.

    Location             Delay type                Incr(ns)  Path(ns)    Netlist Resource(s)
  -------------------------------------------------------------------    -------------------
                         (clock clk_out2_clk_wiz_0 rise edge)
                                                      0.000     0.000 r  
    W5                                                0.000     0.000 r  clk_100mhz (IN)
                         net (fo=0)                   0.000     0.000    clk_gen/inst/clk_in1
    W5                   IBUF (Prop_ibuf_I_O)         1.458     1.458 r  clk_gen/inst/clkin1_ibufg/O
                         net (fo=1, routed)           1.233     2.691    clk_gen/inst/clk_in1_clk_wiz_0
    MMCME2_ADV_X1Y0      MMCME2_ADV (Prop_mmcme2_adv_CLKIN1_CLKOUT1)
                                                     -6.961    -4.269 r  clk_gen/inst/mmcm_adv_inst/CLKOUT1
                         net (fo=1, routed)           1.661    -2.608    clk_gen/inst/clk_out2_clk_wiz_0
    BUFGCTRL_X0Y0        BUFG (Prop_bufg_I_O)         0.096    -2.512 r  clk_gen/inst/clkout2_buf/O
                         net (fo=137, routed)         1.572    -0.940    u_ping_pong/clk_out2
    SLICE_X51Y47         FDRE                                         r  u_ping_pong/wr_ptr_reg[12]/C
  -------------------------------------------------------------------    -------------------
    SLICE_X51Y47         FDRE (Prop_fdre_C_Q)         0.456    -0.484 r  u_ping_pong/wr_ptr_reg[12]/Q
                         net (fo=5, routed)           0.841     0.357    u_ping_pong/wr_ptr[12]
    SLICE_X51Y44         LUT3 (Prop_lut3_I1_O)        0.124     0.481 r  u_ping_pong/wr_addr_final__0_carry_i_3/O
                         net (fo=1, routed)           0.000     0.481    u_ping_pong/wr_addr_final__0_carry_i_3_n_0
    SLICE_X51Y44         CARRY4 (Prop_carry4_S[3]_CO[3])
                                                      0.401     0.882 r  u_ping_pong/wr_addr_final__0_carry/CO[3]
                         net (fo=1, routed)           0.000     0.882    u_ping_pong/wr_addr_final__0_carry_n_0
    SLICE_X51Y45         CARRY4 (Prop_carry4_CI_O[1])
                                                      0.334     1.216 r  u_ping_pong/wr_addr_final__0_carry__0/O[1]
                         net (fo=26, routed)          3.454     4.670    u_ping_pong/wr_addr_final[15]
    RAMB36_X0Y6          RAMB36E1                                     r  u_ping_pong/ram_reg_2_3/ADDRARDADDR[15]
  -------------------------------------------------------------------    -------------------

                         (clock clk_out2_clk_wiz_0_1 rise edge)
                                                     10.000    10.000 r  
    W5                                                0.000    10.000 r  clk_100mhz (IN)
                         net (fo=0)                   0.000    10.000    clk_gen/inst/clk_in1
    W5                   IBUF (Prop_ibuf_I_O)         1.388    11.388 r  clk_gen/inst/clkin1_ibufg/O
                         net (fo=1, routed)           1.162    12.550    clk_gen/inst/clk_in1_clk_wiz_0
    MMCME2_ADV_X1Y0      MMCME2_ADV (Prop_mmcme2_adv_CLKIN1_CLKOUT1)
                                                     -7.217     5.332 r  clk_gen/inst/mmcm_adv_inst/CLKOUT1
                         net (fo=1, routed)           1.581     6.914    clk_gen/inst/clk_out2_clk_wiz_0
    BUFGCTRL_X0Y0        BUFG (Prop_bufg_I_O)         0.091     7.005 r  clk_gen/inst/clkout2_buf/O
                         net (fo=137, routed)         1.486     8.490    u_ping_pong/clk_out2
    RAMB36_X0Y6          RAMB36E1                                     r  u_ping_pong/ram_reg_2_3/CLKARDCLK
                         clock pessimism              0.492     8.982    
                         clock uncertainty           -0.077     8.905    
    RAMB36_X0Y6          RAMB36E1 (Setup_ramb36e1_CLKARDCLK_ADDRARDADDR[15])
                                                     -0.694     8.211    u_ping_pong/ram_reg_2_3
  -------------------------------------------------------------------
                         required time                          8.211    
                         arrival time                          -4.670    
  -------------------------------------------------------------------
                         slack                                  3.540    

Slack (MET) :             3.601ns  (required time - arrival time)
  Source:                 u_ping_pong/wr_ptr_reg[14]/C
                            (rising edge-triggered cell FDRE clocked by clk_out2_clk_wiz_0  {rise@0.000ns fall@5.000ns period=10.000ns})
  Destination:            u_ping_pong/ram_reg_3_7/ENARDEN
                            (rising edge-triggered cell RAMB36E1 clocked by clk_out2_clk_wiz_0_1  {rise@0.000ns fall@5.000ns period=10.000ns})
  Path Group:             clk_out2_clk_wiz_0_1
  Path Type:              Setup (Max at Slow Process Corner)
  Requirement:            10.000ns  (clk_out2_clk_wiz_0_1 rise@10.000ns - clk_out2_clk_wiz_0 rise@0.000ns)
  Data Path Delay:        5.789ns  (logic 1.788ns (30.888%)  route 4.001ns (69.112%))
  Logic Levels:           4  (CARRY4=1 LUT3=2 LUT5=1)
  Clock Path Skew:        -0.090ns (DCD - SCD + CPR)
    Destination Clock Delay (DCD):    -1.513ns = ( 8.487 - 10.000 ) 
    Source Clock Delay      (SCD):    -0.940ns
    Clock Pessimism Removal (CPR):    0.484ns
  Clock Uncertainty:      0.077ns  ((TSJ^2 + DJ^2)^1/2) / 2 + PE
    Total System Jitter     (TSJ):    0.071ns
    Discrete Jitter          (DJ):    0.138ns
    Phase Error              (PE):    0.000ns
  Clock Domain Crossing:  Inter clock paths are considered valid unless explicitly excluded by timing constraints such as set_clock_groups or set_false_path.

    Location             Delay type                Incr(ns)  Path(ns)    Netlist Resource(s)
  -------------------------------------------------------------------    -------------------
                         (clock clk_out2_clk_wiz_0 rise edge)
                                                      0.000     0.000 r  
    W5                                                0.000     0.000 r  clk_100mhz (IN)
                         net (fo=0)                   0.000     0.000    clk_gen/inst/clk_in1
    W5                   IBUF (Prop_ibuf_I_O)         1.458     1.458 r  clk_gen/inst/clkin1_ibufg/O
                         net (fo=1, routed)           1.233     2.691    clk_gen/inst/clk_in1_clk_wiz_0
    MMCME2_ADV_X1Y0      MMCME2_ADV (Prop_mmcme2_adv_CLKIN1_CLKOUT1)
                                                     -6.961    -4.269 r  clk_gen/inst/mmcm_adv_inst/CLKOUT1
                         net (fo=1, routed)           1.661    -2.608    clk_gen/inst/clk_out2_clk_wiz_0
    BUFGCTRL_X0Y0        BUFG (Prop_bufg_I_O)         0.096    -2.512 r  clk_gen/inst/clkout2_buf/O
                         net (fo=137, routed)         1.572    -0.940    u_ping_pong/clk_out2
    SLICE_X51Y47         FDRE                                         r  u_ping_pong/wr_ptr_reg[14]/C
  -------------------------------------------------------------------    -------------------
    SLICE_X51Y47         FDRE (Prop_fdre_C_Q)         0.419    -0.521 r  u_ping_pong/wr_ptr_reg[14]/Q
                         net (fo=5, routed)           0.837     0.316    u_ping_pong/wr_ptr[14]
    SLICE_X51Y45         LUT3 (Prop_lut3_I1_O)        0.299     0.615 r  u_ping_pong/wr_addr_final__0_carry__0_i_4/O
                         net (fo=25, routed)          0.000     0.615    u_ping_pong/wr_addr_final__0_carry__0_i_4_n_0
    SLICE_X51Y45         CARRY4 (Prop_carry4_S[1]_O[3])
                                                      0.640     1.255 f  u_ping_pong/wr_addr_final__0_carry__0/O[3]
                         net (fo=14, routed)          1.453     2.709    u_ping_pong/wr_addr_final[17]
    SLICE_X32Y43         LUT3 (Prop_lut3_I1_O)        0.306     3.015 r  u_ping_pong/ram_reg_2_2_i_1/O
                         net (fo=12, routed)          0.934     3.948    u_ping_pong/ram_reg_2_2_i_1_n_0
    SLICE_X44Y53         LUT5 (Prop_lut5_I4_O)        0.124     4.072 r  u_ping_pong/ram_reg_3_7_ENARDEN_cooolgate_en_gate_23/O
                         net (fo=1, routed)           0.777     4.849    u_ping_pong/ram_reg_3_7_ENARDEN_cooolgate_en_sig_12
    RAMB36_X1Y11         RAMB36E1                                     r  u_ping_pong/ram_reg_3_7/ENARDEN
  -------------------------------------------------------------------    -------------------

                         (clock clk_out2_clk_wiz_0_1 rise edge)
                                                     10.000    10.000 r  
    W5                                                0.000    10.000 r  clk_100mhz (IN)
                         net (fo=0)                   0.000    10.000    clk_gen/inst/clk_in1
    W5                   IBUF (Prop_ibuf_I_O)         1.388    11.388 r  clk_gen/inst/clkin1_ibufg/O
                         net (fo=1, routed)           1.162    12.550    clk_gen/inst/clk_in1_clk_wiz_0
    MMCME2_ADV_X1Y0      MMCME2_ADV (Prop_mmcme2_adv_CLKIN1_CLKOUT1)
                                                     -7.217     5.332 r  clk_gen/inst/mmcm_adv_inst/CLKOUT1
                         net (fo=1, routed)           1.581     6.914    clk_gen/inst/clk_out2_clk_wiz_0
    BUFGCTRL_X0Y0        BUFG (Prop_bufg_I_O)         0.091     7.005 r  clk_gen/inst/clkout2_buf/O
                         net (fo=137, routed)         1.482     8.487    u_ping_pong/clk_out2
    RAMB36_X1Y11         RAMB36E1                                     r  u_ping_pong/ram_reg_3_7/CLKARDCLK
                         clock pessimism              0.484     8.970    
                         clock uncertainty           -0.077     8.893    
    RAMB36_X1Y11         RAMB36E1 (Setup_ramb36e1_CLKARDCLK_ENARDEN)
                                                     -0.443     8.450    u_ping_pong/ram_reg_3_7
  -------------------------------------------------------------------
                         required time                          8.450    
                         arrival time                          -4.849    
  -------------------------------------------------------------------
                         slack                                  3.601    

Slack (MET) :             3.708ns  (required time - arrival time)
  Source:                 u_ping_pong/wr_ptr_reg[12]/C
                            (rising edge-triggered cell FDRE clocked by clk_out2_clk_wiz_0  {rise@0.000ns fall@5.000ns period=10.000ns})
  Destination:            u_ping_pong/ram_reg_2_3/ADDRARDADDR[14]
                            (rising edge-triggered cell RAMB36E1 clocked by clk_out2_clk_wiz_0_1  {rise@0.000ns fall@5.000ns period=10.000ns})
  Path Group:             clk_out2_clk_wiz_0_1
  Path Type:              Setup (Max at Slow Process Corner)
  Requirement:            10.000ns  (clk_out2_clk_wiz_0_1 rise@10.000ns - clk_out2_clk_wiz_0 rise@0.000ns)
  Data Path Delay:        5.395ns  (logic 1.203ns (22.298%)  route 4.192ns (77.702%))
  Logic Levels:           3  (CARRY4=2 LUT3=1)
  Clock Path Skew:        -0.079ns (DCD - SCD + CPR)
    Destination Clock Delay (DCD):    -1.510ns = ( 8.490 - 10.000 ) 
    Source Clock Delay      (SCD):    -0.940ns
    Clock Pessimism Removal (CPR):    0.492ns
  Clock Uncertainty:      0.077ns  ((TSJ^2 + DJ^2)^1/2) / 2 + PE
    Total System Jitter     (TSJ):    0.071ns
    Discrete Jitter          (DJ):    0.138ns
    Phase Error              (PE):    0.000ns
  Clock Domain Crossing:  Inter clock paths are considered valid unless explicitly excluded by timing constraints such as set_clock_groups or set_false_path.

    Location             Delay type                Incr(ns)  Path(ns)    Netlist Resource(s)
  -------------------------------------------------------------------    -------------------
                         (clock clk_out2_clk_wiz_0 rise edge)
                                                      0.000     0.000 r  
    W5                                                0.000     0.000 r  clk_100mhz (IN)
                         net (fo=0)                   0.000     0.000    clk_gen/inst/clk_in1
    W5                   IBUF (Prop_ibuf_I_O)         1.458     1.458 r  clk_gen/inst/clkin1_ibufg/O
                         net (fo=1, routed)           1.233     2.691    clk_gen/inst/clk_in1_clk_wiz_0
    MMCME2_ADV_X1Y0      MMCME2_ADV (Prop_mmcme2_adv_CLKIN1_CLKOUT1)
                                                     -6.961    -4.269 r  clk_gen/inst/mmcm_adv_inst/CLKOUT1
                         net (fo=1, routed)           1.661    -2.608    clk_gen/inst/clk_out2_clk_wiz_0
    BUFGCTRL_X0Y0        BUFG (Prop_bufg_I_O)         0.096    -2.512 r  clk_gen/inst/clkout2_buf/O
                         net (fo=137, routed)         1.572    -0.940    u_ping_pong/clk_out2
    SLICE_X51Y47         FDRE                                         r  u_ping_pong/wr_ptr_reg[12]/C
  -------------------------------------------------------------------    -------------------
    SLICE_X51Y47         FDRE (Prop_fdre_C_Q)         0.456    -0.484 r  u_ping_pong/wr_ptr_reg[12]/Q
                         net (fo=5, routed)           0.841     0.357    u_ping_pong/wr_ptr[12]
    SLICE_X51Y44         LUT3 (Prop_lut3_I1_O)        0.124     0.481 r  u_ping_pong/wr_addr_final__0_carry_i_3/O
                         net (fo=1, routed)           0.000     0.481    u_ping_pong/wr_addr_final__0_carry_i_3_n_0
    SLICE_X51Y44         CARRY4 (Prop_carry4_S[3]_CO[3])
                                                      0.401     0.882 r  u_ping_pong/wr_addr_final__0_carry/CO[3]
                         net (fo=1, routed)           0.000     0.882    u_ping_pong/wr_addr_final__0_carry_n_0
    SLICE_X51Y45         CARRY4 (Prop_carry4_CI_O[0])
                                                      0.222     1.104 r  u_ping_pong/wr_addr_final__0_carry__0/O[0]
                         net (fo=30, routed)          3.351     4.455    u_ping_pong/wr_addr_final[14]
    RAMB36_X0Y6          RAMB36E1                                     r  u_ping_pong/ram_reg_2_3/ADDRARDADDR[14]
  -------------------------------------------------------------------    -------------------

                         (clock clk_out2_clk_wiz_0_1 rise edge)
                                                     10.000    10.000 r  
    W5                                                0.000    10.000 r  clk_100mhz (IN)
                         net (fo=0)                   0.000    10.000    clk_gen/inst/clk_in1
    W5                   IBUF (Prop_ibuf_I_O)         1.388    11.388 r  clk_gen/inst/clkin1_ibufg/O
                         net (fo=1, routed)           1.162    12.550    clk_gen/inst/clk_in1_clk_wiz_0
    MMCME2_ADV_X1Y0      MMCME2_ADV (Prop_mmcme2_adv_CLKIN1_CLKOUT1)
                                                     -7.217     5.332 r  clk_gen/inst/mmcm_adv_inst/CLKOUT1
                         net (fo=1, routed)           1.581     6.914    clk_gen/inst/clk_out2_clk_wiz_0
    BUFGCTRL_X0Y0        BUFG (Prop_bufg_I_O)         0.091     7.005 r  clk_gen/inst/clkout2_buf/O
                         net (fo=137, routed)         1.486     8.490    u_ping_pong/clk_out2
    RAMB36_X0Y6          RAMB36E1                                     r  u_ping_pong/ram_reg_2_3/CLKARDCLK
                         clock pessimism              0.492     8.982    
                         clock uncertainty           -0.077     8.905    
    RAMB36_X0Y6          RAMB36E1 (Setup_ramb36e1_CLKARDCLK_ADDRARDADDR[14])
                                                     -0.741     8.164    u_ping_pong/ram_reg_2_3
  -------------------------------------------------------------------
                         required time                          8.164    
                         arrival time                          -4.455    
  -------------------------------------------------------------------
                         slack                                  3.708    

Slack (MET) :             3.719ns  (required time - arrival time)
  Source:                 u_ping_pong/wr_ptr_reg[14]/C
                            (rising edge-triggered cell FDRE clocked by clk_out2_clk_wiz_0  {rise@0.000ns fall@5.000ns period=10.000ns})
  Destination:            u_ping_pong/ram_reg_2_7/ENARDEN
                            (rising edge-triggered cell RAMB36E1 clocked by clk_out2_clk_wiz_0_1  {rise@0.000ns fall@5.000ns period=10.000ns})
  Path Group:             clk_out2_clk_wiz_0_1
  Path Type:              Setup (Max at Slow Process Corner)
  Requirement:            10.000ns  (clk_out2_clk_wiz_0_1 rise@10.000ns - clk_out2_clk_wiz_0 rise@0.000ns)
  Data Path Delay:        5.671ns  (logic 1.788ns (31.529%)  route 3.883ns (68.471%))
  Logic Levels:           4  (CARRY4=1 LUT3=2 LUT5=1)
  Clock Path Skew:        -0.089ns (DCD - SCD + CPR)
    Destination Clock Delay (DCD):    -1.512ns = ( 8.488 - 10.000 ) 
    Source Clock Delay      (SCD):    -0.940ns
    Clock Pessimism Removal (CPR):    0.484ns
  Clock Uncertainty:      0.077ns  ((TSJ^2 + DJ^2)^1/2) / 2 + PE
    Total System Jitter     (TSJ):    0.071ns
    Discrete Jitter          (DJ):    0.138ns
    Phase Error              (PE):    0.000ns
  Clock Domain Crossing:  Inter clock paths are considered valid unless explicitly excluded by timing constraints such as set_clock_groups or set_false_path.

    Location             Delay type                Incr(ns)  Path(ns)    Netlist Resource(s)
  -------------------------------------------------------------------    -------------------
                         (clock clk_out2_clk_wiz_0 rise edge)
                                                      0.000     0.000 r  
    W5                                                0.000     0.000 r  clk_100mhz (IN)
                         net (fo=0)                   0.000     0.000    clk_gen/inst/clk_in1
    W5                   IBUF (Prop_ibuf_I_O)         1.458     1.458 r  clk_gen/inst/clkin1_ibufg/O
                         net (fo=1, routed)           1.233     2.691    clk_gen/inst/clk_in1_clk_wiz_0
    MMCME2_ADV_X1Y0      MMCME2_ADV (Prop_mmcme2_adv_CLKIN1_CLKOUT1)
                                                     -6.961    -4.269 r  clk_gen/inst/mmcm_adv_inst/CLKOUT1
                         net (fo=1, routed)           1.661    -2.608    clk_gen/inst/clk_out2_clk_wiz_0
    BUFGCTRL_X0Y0        BUFG (Prop_bufg_I_O)         0.096    -2.512 r  clk_gen/inst/clkout2_buf/O
                         net (fo=137, routed)         1.572    -0.940    u_ping_pong/clk_out2
    SLICE_X51Y47         FDRE                                         r  u_ping_pong/wr_ptr_reg[14]/C
  -------------------------------------------------------------------    -------------------
    SLICE_X51Y47         FDRE (Prop_fdre_C_Q)         0.419    -0.521 r  u_ping_pong/wr_ptr_reg[14]/Q
                         net (fo=5, routed)           0.837     0.316    u_ping_pong/wr_ptr[14]
    SLICE_X51Y45         LUT3 (Prop_lut3_I1_O)        0.299     0.615 r  u_ping_pong/wr_addr_final__0_carry__0_i_4/O
                         net (fo=25, routed)          0.000     0.615    u_ping_pong/wr_addr_final__0_carry__0_i_4_n_0
    SLICE_X51Y45         CARRY4 (Prop_carry4_S[1]_O[3])
                                                      0.640     1.255 f  u_ping_pong/wr_addr_final__0_carry__0/O[3]
                         net (fo=14, routed)          1.453     2.709    u_ping_pong/wr_addr_final[17]
    SLICE_X32Y43         LUT3 (Prop_lut3_I1_O)        0.306     3.015 r  u_ping_pong/ram_reg_2_2_i_1/O
                         net (fo=12, routed)          1.021     4.036    u_ping_pong/ram_reg_2_2_i_1_n_0
    SLICE_X44Y52         LUT5 (Prop_lut5_I4_O)        0.124     4.160 r  u_ping_pong/ram_reg_2_7_ENARDEN_cooolgate_en_gate_47/O
                         net (fo=1, routed)           0.572     4.731    u_ping_pong/ram_reg_2_7_ENARDEN_cooolgate_en_sig_24
    RAMB36_X1Y10         RAMB36E1                                     r  u_ping_pong/ram_reg_2_7/ENARDEN
  -------------------------------------------------------------------    -------------------

                         (clock clk_out2_clk_wiz_0_1 rise edge)
                                                     10.000    10.000 r  
    W5                                                0.000    10.000 r  clk_100mhz (IN)
                         net (fo=0)                   0.000    10.000    clk_gen/inst/clk_in1
    W5                   IBUF (Prop_ibuf_I_O)         1.388    11.388 r  clk_gen/inst/clkin1_ibufg/O
                         net (fo=1, routed)           1.162    12.550    clk_gen/inst/clk_in1_clk_wiz_0
    MMCME2_ADV_X1Y0      MMCME2_ADV (Prop_mmcme2_adv_CLKIN1_CLKOUT1)
                                                     -7.217     5.332 r  clk_gen/inst/mmcm_adv_inst/CLKOUT1
                         net (fo=1, routed)           1.581     6.914    clk_gen/inst/clk_out2_clk_wiz_0
    BUFGCTRL_X0Y0        BUFG (Prop_bufg_I_O)         0.091     7.005 r  clk_gen/inst/clkout2_buf/O
                         net (fo=137, routed)         1.483     8.488    u_ping_pong/clk_out2
    RAMB36_X1Y10         RAMB36E1                                     r  u_ping_pong/ram_reg_2_7/CLKARDCLK
                         clock pessimism              0.484     8.971    
                         clock uncertainty           -0.077     8.894    
    RAMB36_X1Y10         RAMB36E1 (Setup_ramb36e1_CLKARDCLK_ENARDEN)
                                                     -0.443     8.451    u_ping_pong/ram_reg_2_7
  -------------------------------------------------------------------
                         required time                          8.451    
                         arrival time                          -4.731    
  -------------------------------------------------------------------
                         slack                                  3.719    

Slack (MET) :             3.783ns  (required time - arrival time)
  Source:                 u_ping_pong/wr_ptr_reg[14]/C
                            (rising edge-triggered cell FDRE clocked by clk_out2_clk_wiz_0  {rise@0.000ns fall@5.000ns period=10.000ns})
  Destination:            u_ping_pong/ram_reg_3_3/ENARDEN
                            (rising edge-triggered cell RAMB36E1 clocked by clk_out2_clk_wiz_0_1  {rise@0.000ns fall@5.000ns period=10.000ns})
  Path Group:             clk_out2_clk_wiz_0_1
  Path Type:              Setup (Max at Slow Process Corner)
  Requirement:            10.000ns  (clk_out2_clk_wiz_0_1 rise@10.000ns - clk_out2_clk_wiz_0 rise@0.000ns)
  Data Path Delay:        5.622ns  (logic 1.788ns (31.804%)  route 3.834ns (68.196%))
  Logic Levels:           4  (CARRY4=1 LUT3=2 LUT5=1)
  Clock Path Skew:        -0.075ns (DCD - SCD + CPR)
    Destination Clock Delay (DCD):    -1.506ns = ( 8.494 - 10.000 ) 
    Source Clock Delay      (SCD):    -0.940ns
    Clock Pessimism Removal (CPR):    0.492ns
  Clock Uncertainty:      0.077ns  ((TSJ^2 + DJ^2)^1/2) / 2 + PE
    Total System Jitter     (TSJ):    0.071ns
    Discrete Jitter          (DJ):    0.138ns
    Phase Error              (PE):    0.000ns
  Clock Domain Crossing:  Inter clock paths are considered valid unless explicitly excluded by timing constraints such as set_clock_groups or set_false_path.

    Location             Delay type                Incr(ns)  Path(ns)    Netlist Resource(s)
  -------------------------------------------------------------------    -------------------
                         (clock clk_out2_clk_wiz_0 rise edge)
                                                      0.000     0.000 r  
    W5                                                0.000     0.000 r  clk_100mhz (IN)
                         net (fo=0)                   0.000     0.000    clk_gen/inst/clk_in1
    W5                   IBUF (Prop_ibuf_I_O)         1.458     1.458 r  clk_gen/inst/clkin1_ibufg/O
                         net (fo=1, routed)           1.233     2.691    clk_gen/inst/clk_in1_clk_wiz_0
    MMCME2_ADV_X1Y0      MMCME2_ADV (Prop_mmcme2_adv_CLKIN1_CLKOUT1)
                                                     -6.961    -4.269 r  clk_gen/inst/mmcm_adv_inst/CLKOUT1
                         net (fo=1, routed)           1.661    -2.608    clk_gen/inst/clk_out2_clk_wiz_0
    BUFGCTRL_X0Y0        BUFG (Prop_bufg_I_O)         0.096    -2.512 r  clk_gen/inst/clkout2_buf/O
                         net (fo=137, routed)         1.572    -0.940    u_ping_pong/clk_out2
    SLICE_X51Y47         FDRE                                         r  u_ping_pong/wr_ptr_reg[14]/C
  -------------------------------------------------------------------    -------------------
    SLICE_X51Y47         FDRE (Prop_fdre_C_Q)         0.419    -0.521 r  u_ping_pong/wr_ptr_reg[14]/Q
                         net (fo=5, routed)           0.837     0.316    u_ping_pong/wr_ptr[14]
    SLICE_X51Y45         LUT3 (Prop_lut3_I1_O)        0.299     0.615 r  u_ping_pong/wr_addr_final__0_carry__0_i_4/O
                         net (fo=25, routed)          0.000     0.615    u_ping_pong/wr_addr_final__0_carry__0_i_4_n_0
    SLICE_X51Y45         CARRY4 (Prop_carry4_S[1]_O[3])
                                                      0.640     1.255 f  u_ping_pong/wr_addr_final__0_carry__0/O[3]
                         net (fo=14, routed)          1.453     2.709    u_ping_pong/wr_addr_final[17]
    SLICE_X32Y43         LUT3 (Prop_lut3_I1_O)        0.306     3.015 r  u_ping_pong/ram_reg_2_2_i_1/O
                         net (fo=12, routed)          0.992     4.007    u_ping_pong/ram_reg_2_2_i_1_n_0
    SLICE_X14Y38         LUT5 (Prop_lut5_I4_O)        0.124     4.131 r  u_ping_pong/ram_reg_3_3_ENARDEN_cooolgate_en_gate_15/O
                         net (fo=1, routed)           0.552     4.682    u_ping_pong/ram_reg_3_3_ENARDEN_cooolgate_en_sig_8
    RAMB36_X0Y7          RAMB36E1                                     r  u_ping_pong/ram_reg_3_3/ENARDEN
  -------------------------------------------------------------------    -------------------

                         (clock clk_out2_clk_wiz_0_1 rise edge)
                                                     10.000    10.000 r  
    W5                                                0.000    10.000 r  clk_100mhz (IN)
                         net (fo=0)                   0.000    10.000    clk_gen/inst/clk_in1
    W5                   IBUF (Prop_ibuf_I_O)         1.388    11.388 r  clk_gen/inst/clkin1_ibufg/O
                         net (fo=1, routed)           1.162    12.550    clk_gen/inst/clk_in1_clk_wiz_0
    MMCME2_ADV_X1Y0      MMCME2_ADV (Prop_mmcme2_adv_CLKIN1_CLKOUT1)
                                                     -7.217     5.332 r  clk_gen/inst/mmcm_adv_inst/CLKOUT1
                         net (fo=1, routed)           1.581     6.914    clk_gen/inst/clk_out2_clk_wiz_0
    BUFGCTRL_X0Y0        BUFG (Prop_bufg_I_O)         0.091     7.005 r  clk_gen/inst/clkout2_buf/O
                         net (fo=137, routed)         1.490     8.494    u_ping_pong/clk_out2
    RAMB36_X0Y7          RAMB36E1                                     r  u_ping_pong/ram_reg_3_3/CLKARDCLK
                         clock pessimism              0.492     8.986    
                         clock uncertainty           -0.077     8.909    
    RAMB36_X0Y7          RAMB36E1 (Setup_ramb36e1_CLKARDCLK_ENARDEN)
                                                     -0.443     8.466    u_ping_pong/ram_reg_3_3
  -------------------------------------------------------------------
                         required time                          8.466    
                         arrival time                          -4.682    
  -------------------------------------------------------------------
                         slack                                  3.783    





Min Delay Paths
--------------------------------------------------------------------------------------
Slack (MET) :             0.095ns  (arrival time - required time)
  Source:                 u_ping_pong/wr_ptr_reg[1]/C
                            (rising edge-triggered cell FDRE clocked by clk_out2_clk_wiz_0  {rise@0.000ns fall@5.000ns period=10.000ns})
  Destination:            u_ping_pong/ram_reg_3_6/ADDRARDADDR[1]
                            (rising edge-triggered cell RAMB36E1 clocked by clk_out2_clk_wiz_0_1  {rise@0.000ns fall@5.000ns period=10.000ns})
  Path Group:             clk_out2_clk_wiz_0_1
  Path Type:              Hold (Min at Fast Process Corner)
  Requirement:            0.000ns  (clk_out2_clk_wiz_0_1 rise@0.000ns - clk_out2_clk_wiz_0 rise@0.000ns)
  Data Path Delay:        0.435ns  (logic 0.164ns (37.735%)  route 0.271ns (62.265%))
  Logic Levels:           0  
  Clock Path Skew:        0.079ns (DCD - SCD - CPR)
    Destination Clock Delay (DCD):    -0.810ns
    Source Clock Delay      (SCD):    -0.615ns
    Clock Pessimism Removal (CPR):    -0.274ns
  Clock Uncertainty:      0.077ns  ((TSJ^2 + DJ^2)^1/2) / 2 + PE
    Total System Jitter     (TSJ):    0.071ns
    Discrete Jitter          (DJ):    0.138ns
    Phase Error              (PE):    0.000ns
  Clock Domain Crossing:  Inter clock paths are considered valid unless explicitly excluded by timing constraints such as set_clock_groups or set_false_path.

    Location             Delay type                Incr(ns)  Path(ns)    Netlist Resource(s)
  -------------------------------------------------------------------    -------------------
                         (clock clk_out2_clk_wiz_0 rise edge)
                                                      0.000     0.000 r  
    W5                                                0.000     0.000 r  clk_100mhz (IN)
                         net (fo=0)                   0.000     0.000    clk_gen/inst/clk_in1
    W5                   IBUF (Prop_ibuf_I_O)         0.226     0.226 r  clk_gen/inst/clkin1_ibufg/O
                         net (fo=1, routed)           0.440     0.667    clk_gen/inst/clk_in1_clk_wiz_0
    MMCME2_ADV_X1Y0      MMCME2_ADV (Prop_mmcme2_adv_CLKIN1_CLKOUT1)
                                                     -2.360    -1.693 r  clk_gen/inst/mmcm_adv_inst/CLKOUT1
                         net (fo=1, routed)           0.486    -1.207    clk_gen/inst/clk_out2_clk_wiz_0
    BUFGCTRL_X0Y0        BUFG (Prop_bufg_I_O)         0.026    -1.181 r  clk_gen/inst/clkout2_buf/O
                         net (fo=137, routed)         0.566    -0.615    u_ping_pong/clk_out2
    SLICE_X52Y46         FDRE                                         r  u_ping_pong/wr_ptr_reg[1]/C
  -------------------------------------------------------------------    -------------------
    SLICE_X52Y46         FDRE (Prop_fdre_C_Q)         0.164    -0.451 r  u_ping_pong/wr_ptr_reg[1]/Q
                         net (fo=32, routed)          0.271    -0.181    u_ping_pong/wr_ptr[1]
    RAMB36_X1Y9          RAMB36E1                                     r  u_ping_pong/ram_reg_3_6/ADDRARDADDR[1]
  -------------------------------------------------------------------    -------------------

                         (clock clk_out2_clk_wiz_0_1 rise edge)
                                                      0.000     0.000 r  
    W5                                                0.000     0.000 r  clk_100mhz (IN)
                         net (fo=0)                   0.000     0.000    clk_gen/inst/clk_in1
    W5                   IBUF (Prop_ibuf_I_O)         0.414     0.414 r  clk_gen/inst/clkin1_ibufg/O
                         net (fo=1, routed)           0.480     0.894    clk_gen/inst/clk_in1_clk_wiz_0
    MMCME2_ADV_X1Y0      MMCME2_ADV (Prop_mmcme2_adv_CLKIN1_CLKOUT1)
                                                     -3.142    -2.248 r  clk_gen/inst/mmcm_adv_inst/CLKOUT1
                         net (fo=1, routed)           0.530    -1.718    clk_gen/inst/clk_out2_clk_wiz_0
    BUFGCTRL_X0Y0        BUFG (Prop_bufg_I_O)         0.029    -1.689 r  clk_gen/inst/clkout2_buf/O
                         net (fo=137, routed)         0.879    -0.810    u_ping_pong/clk_out2
    RAMB36_X1Y9          RAMB36E1                                     r  u_ping_pong/ram_reg_3_6/CLKARDCLK
                         clock pessimism              0.274    -0.536    
                         clock uncertainty            0.077    -0.459    
    RAMB36_X1Y9          RAMB36E1 (Hold_ramb36e1_CLKARDCLK_ADDRARDADDR[1])
                                                      0.183    -0.276    u_ping_pong/ram_reg_3_6
  -------------------------------------------------------------------
                         required time                          0.276    
                         arrival time                          -0.181    
  -------------------------------------------------------------------
                         slack                                  0.095    

Slack (MET) :             0.102ns  (arrival time - required time)
  Source:                 u_ping_pong/wr_ptr_reg[2]/C
                            (rising edge-triggered cell FDRE clocked by clk_out2_clk_wiz_0  {rise@0.000ns fall@5.000ns period=10.000ns})
  Destination:            u_ping_pong/ram_reg_0_6/ADDRARDADDR[2]
                            (rising edge-triggered cell RAMB36E1 clocked by clk_out2_clk_wiz_0_1  {rise@0.000ns fall@5.000ns period=10.000ns})
  Path Group:             clk_out2_clk_wiz_0_1
  Path Type:              Hold (Min at Fast Process Corner)
  Requirement:            0.000ns  (clk_out2_clk_wiz_0_1 rise@0.000ns - clk_out2_clk_wiz_0 rise@0.000ns)
  Data Path Delay:        0.442ns  (logic 0.164ns (37.071%)  route 0.278ns (62.929%))
  Logic Levels:           0  
  Clock Path Skew:        0.080ns (DCD - SCD - CPR)
    Destination Clock Delay (DCD):    -0.809ns
    Source Clock Delay      (SCD):    -0.615ns
    Clock Pessimism Removal (CPR):    -0.274ns
  Clock Uncertainty:      0.077ns  ((TSJ^2 + DJ^2)^1/2) / 2 + PE
    Total System Jitter     (TSJ):    0.071ns
    Discrete Jitter          (DJ):    0.138ns
    Phase Error              (PE):    0.000ns
  Clock Domain Crossing:  Inter clock paths are considered valid unless explicitly excluded by timing constraints such as set_clock_groups or set_false_path.

    Location             Delay type                Incr(ns)  Path(ns)    Netlist Resource(s)
  -------------------------------------------------------------------    -------------------
                         (clock clk_out2_clk_wiz_0 rise edge)
                                                      0.000     0.000 r  
    W5                                                0.000     0.000 r  clk_100mhz (IN)
                         net (fo=0)                   0.000     0.000    clk_gen/inst/clk_in1
    W5                   IBUF (Prop_ibuf_I_O)         0.226     0.226 r  clk_gen/inst/clkin1_ibufg/O
                         net (fo=1, routed)           0.440     0.667    clk_gen/inst/clk_in1_clk_wiz_0
    MMCME2_ADV_X1Y0      MMCME2_ADV (Prop_mmcme2_adv_CLKIN1_CLKOUT1)
                                                     -2.360    -1.693 r  clk_gen/inst/mmcm_adv_inst/CLKOUT1
                         net (fo=1, routed)           0.486    -1.207    clk_gen/inst/clk_out2_clk_wiz_0
    BUFGCTRL_X0Y0        BUFG (Prop_bufg_I_O)         0.026    -1.181 r  clk_gen/inst/clkout2_buf/O
                         net (fo=137, routed)         0.566    -0.615    u_ping_pong/clk_out2
    SLICE_X52Y45         FDRE                                         r  u_ping_pong/wr_ptr_reg[2]/C
  -------------------------------------------------------------------    -------------------
    SLICE_X52Y45         FDRE (Prop_fdre_C_Q)         0.164    -0.451 r  u_ping_pong/wr_ptr_reg[2]/Q
                         net (fo=32, routed)          0.278    -0.173    u_ping_pong/wr_ptr[2]
    RAMB36_X2Y9          RAMB36E1                                     r  u_ping_pong/ram_reg_0_6/ADDRARDADDR[2]
  -------------------------------------------------------------------    -------------------

                         (clock clk_out2_clk_wiz_0_1 rise edge)
                                                      0.000     0.000 r  
    W5                                                0.000     0.000 r  clk_100mhz (IN)
                         net (fo=0)                   0.000     0.000    clk_gen/inst/clk_in1
    W5                   IBUF (Prop_ibuf_I_O)         0.414     0.414 r  clk_gen/inst/clkin1_ibufg/O
                         net (fo=1, routed)           0.480     0.894    clk_gen/inst/clk_in1_clk_wiz_0
    MMCME2_ADV_X1Y0      MMCME2_ADV (Prop_mmcme2_adv_CLKIN1_CLKOUT1)
                                                     -3.142    -2.248 r  clk_gen/inst/mmcm_adv_inst/CLKOUT1
                         net (fo=1, routed)           0.530    -1.718    clk_gen/inst/clk_out2_clk_wiz_0
    BUFGCTRL_X0Y0        BUFG (Prop_bufg_I_O)         0.029    -1.689 r  clk_gen/inst/clkout2_buf/O
                         net (fo=137, routed)         0.880    -0.809    u_ping_pong/clk_out2
    RAMB36_X2Y9          RAMB36E1                                     r  u_ping_pong/ram_reg_0_6/CLKARDCLK
                         clock pessimism              0.274    -0.535    
                         clock uncertainty            0.077    -0.458    
    RAMB36_X2Y9          RAMB36E1 (Hold_ramb36e1_CLKARDCLK_ADDRARDADDR[2])
                                                      0.183    -0.275    u_ping_pong/ram_reg_0_6
  -------------------------------------------------------------------
                         required time                          0.275    
                         arrival time                          -0.173    
  -------------------------------------------------------------------
                         slack                                  0.102    

Slack (MET) :             0.103ns  (arrival time - required time)
  Source:                 u_frame_sync/magic_buffer_reg[14]/C
                            (rising edge-triggered cell FDRE clocked by clk_out2_clk_wiz_0  {rise@0.000ns fall@5.000ns period=10.000ns})
  Destination:            u_frame_sync/magic_buffer_reg[22]/D
                            (rising edge-triggered cell FDRE clocked by clk_out2_clk_wiz_0_1  {rise@0.000ns fall@5.000ns period=10.000ns})
  Path Group:             clk_out2_clk_wiz_0_1
  Path Type:              Hold (Min at Fast Process Corner)
  Requirement:            0.000ns  (clk_out2_clk_wiz_0_1 rise@0.000ns - clk_out2_clk_wiz_0 rise@0.000ns)
  Data Path Delay:        0.263ns  (logic 0.141ns (53.584%)  route 0.122ns (46.416%))
  Logic Levels:           0  
  Clock Path Skew:        0.013ns (DCD - SCD - CPR)
    Destination Clock Delay (DCD):    -0.858ns
    Source Clock Delay      (SCD):    -0.619ns
    Clock Pessimism Removal (CPR):    -0.252ns
  Clock Uncertainty:      0.077ns  ((TSJ^2 + DJ^2)^1/2) / 2 + PE
    Total System Jitter     (TSJ):    0.071ns
    Discrete Jitter          (DJ):    0.138ns
    Phase Error              (PE):    0.000ns
  Clock Domain Crossing:  Inter clock paths are considered valid unless explicitly excluded by timing constraints such as set_clock_groups or set_false_path.

    Location             Delay type                Incr(ns)  Path(ns)    Netlist Resource(s)
  -------------------------------------------------------------------    -------------------
                         (clock clk_out2_clk_wiz_0 rise edge)
                                                      0.000     0.000 r  
    W5                                                0.000     0.000 r  clk_100mhz (IN)
                         net (fo=0)                   0.000     0.000    clk_gen/inst/clk_in1
    W5                   IBUF (Prop_ibuf_I_O)         0.226     0.226 r  clk_gen/inst/clkin1_ibufg/O
                         net (fo=1, routed)           0.440     0.667    clk_gen/inst/clk_in1_clk_wiz_0
    MMCME2_ADV_X1Y0      MMCME2_ADV (Prop_mmcme2_adv_CLKIN1_CLKOUT1)
                                                     -2.360    -1.693 r  clk_gen/inst/mmcm_adv_inst/CLKOUT1
                         net (fo=1, routed)           0.486    -1.207    clk_gen/inst/clk_out2_clk_wiz_0
    BUFGCTRL_X0Y0        BUFG (Prop_bufg_I_O)         0.026    -1.181 r  clk_gen/inst/clkout2_buf/O
                         net (fo=137, routed)         0.562    -0.619    u_frame_sync/clk_out2
    SLICE_X41Y51         FDRE                                         r  u_frame_sync/magic_buffer_reg[14]/C
  -------------------------------------------------------------------    -------------------
    SLICE_X41Y51         FDRE (Prop_fdre_C_Q)         0.141    -0.478 r  u_frame_sync/magic_buffer_reg[14]/Q
                         net (fo=2, routed)           0.122    -0.356    u_frame_sync/sel0[22]
    SLICE_X40Y51         FDRE                                         r  u_frame_sync/magic_buffer_reg[22]/D
  -------------------------------------------------------------------    -------------------

                         (clock clk_out2_clk_wiz_0_1 rise edge)
                                                      0.000     0.000 r  
    W5                                                0.000     0.000 r  clk_100mhz (IN)
                         net (fo=0)                   0.000     0.000    clk_gen/inst/clk_in1
    W5                   IBUF (Prop_ibuf_I_O)         0.414     0.414 r  clk_gen/inst/clkin1_ibufg/O
                         net (fo=1, routed)           0.480     0.894    clk_gen/inst/clk_in1_clk_wiz_0
    MMCME2_ADV_X1Y0      MMCME2_ADV (Prop_mmcme2_adv_CLKIN1_CLKOUT1)
                                                     -3.142    -2.248 r  clk_gen/inst/mmcm_adv_inst/CLKOUT1
                         net (fo=1, routed)           0.530    -1.718    clk_gen/inst/clk_out2_clk_wiz_0
    BUFGCTRL_X0Y0        BUFG (Prop_bufg_I_O)         0.029    -1.689 r  clk_gen/inst/clkout2_buf/O
                         net (fo=137, routed)         0.832    -0.858    u_frame_sync/clk_out2
    SLICE_X40Y51         FDRE                                         r  u_frame_sync/magic_buffer_reg[22]/C
                         clock pessimism              0.252    -0.606    
                         clock uncertainty            0.077    -0.529    
    SLICE_X40Y51         FDRE (Hold_fdre_C_D)         0.070    -0.459    u_frame_sync/magic_buffer_reg[22]
  -------------------------------------------------------------------
                         required time                          0.459    
                         arrival time                          -0.356    
  -------------------------------------------------------------------
                         slack                                  0.103    

Slack (MET) :             0.103ns  (arrival time - required time)
  Source:                 u_uart_rx/rx_sync_stage1_reg/C
                            (rising edge-triggered cell FDRE clocked by clk_out2_clk_wiz_0  {rise@0.000ns fall@5.000ns period=10.000ns})
  Destination:            u_uart_rx/rx_sync_reg/D
                            (rising edge-triggered cell FDRE clocked by clk_out2_clk_wiz_0_1  {rise@0.000ns fall@5.000ns period=10.000ns})
  Path Group:             clk_out2_clk_wiz_0_1
  Path Type:              Hold (Min at Fast Process Corner)
  Requirement:            0.000ns  (clk_out2_clk_wiz_0_1 rise@0.000ns - clk_out2_clk_wiz_0 rise@0.000ns)
  Data Path Delay:        0.267ns  (logic 0.141ns (52.873%)  route 0.126ns (47.127%))
  Logic Levels:           0  
  Clock Path Skew:        0.016ns (DCD - SCD - CPR)
    Destination Clock Delay (DCD):    -0.859ns
    Source Clock Delay      (SCD):    -0.620ns
    Clock Pessimism Removal (CPR):    -0.255ns
  Clock Uncertainty:      0.077ns  ((TSJ^2 + DJ^2)^1/2) / 2 + PE
    Total System Jitter     (TSJ):    0.071ns
    Discrete Jitter          (DJ):    0.138ns
    Phase Error              (PE):    0.000ns
  Clock Domain Crossing:  Inter clock paths are considered valid unless explicitly excluded by timing constraints such as set_clock_groups or set_false_path.

    Location             Delay type                Incr(ns)  Path(ns)    Netlist Resource(s)
  -------------------------------------------------------------------    -------------------
                         (clock clk_out2_clk_wiz_0 rise edge)
                                                      0.000     0.000 r  
    W5                                                0.000     0.000 r  clk_100mhz (IN)
                         net (fo=0)                   0.000     0.000    clk_gen/inst/clk_in1
    W5                   IBUF (Prop_ibuf_I_O)         0.226     0.226 r  clk_gen/inst/clkin1_ibufg/O
                         net (fo=1, routed)           0.440     0.667    clk_gen/inst/clk_in1_clk_wiz_0
    MMCME2_ADV_X1Y0      MMCME2_ADV (Prop_mmcme2_adv_CLKIN1_CLKOUT1)
                                                     -2.360    -1.693 r  clk_gen/inst/mmcm_adv_inst/CLKOUT1
                         net (fo=1, routed)           0.486    -1.207    clk_gen/inst/clk_out2_clk_wiz_0
    BUFGCTRL_X0Y0        BUFG (Prop_bufg_I_O)         0.026    -1.181 r  clk_gen/inst/clkout2_buf/O
                         net (fo=137, routed)         0.561    -0.620    u_uart_rx/CLK
    SLICE_X28Y55         FDRE                                         r  u_uart_rx/rx_sync_stage1_reg/C
  -------------------------------------------------------------------    -------------------
    SLICE_X28Y55         FDRE (Prop_fdre_C_Q)         0.141    -0.479 r  u_uart_rx/rx_sync_stage1_reg/Q
                         net (fo=1, routed)           0.126    -0.354    u_uart_rx/rx_sync_stage1
    SLICE_X28Y53         FDRE                                         r  u_uart_rx/rx_sync_reg/D
  -------------------------------------------------------------------    -------------------

                         (clock clk_out2_clk_wiz_0_1 rise edge)
                                                      0.000     0.000 r  
    W5                                                0.000     0.000 r  clk_100mhz (IN)
                         net (fo=0)                   0.000     0.000    clk_gen/inst/clk_in1
    W5                   IBUF (Prop_ibuf_I_O)         0.414     0.414 r  clk_gen/inst/clkin1_ibufg/O
                         net (fo=1, routed)           0.480     0.894    clk_gen/inst/clk_in1_clk_wiz_0
    MMCME2_ADV_X1Y0      MMCME2_ADV (Prop_mmcme2_adv_CLKIN1_CLKOUT1)
                                                     -3.142    -2.248 r  clk_gen/inst/mmcm_adv_inst/CLKOUT1
                         net (fo=1, routed)           0.530    -1.718    clk_gen/inst/clk_out2_clk_wiz_0
    BUFGCTRL_X0Y0        BUFG (Prop_bufg_I_O)         0.029    -1.689 r  clk_gen/inst/clkout2_buf/O
                         net (fo=137, routed)         0.831    -0.859    u_uart_rx/CLK
    SLICE_X28Y53         FDRE                                         r  u_uart_rx/rx_sync_reg/C
                         clock pessimism              0.255    -0.604    
                         clock uncertainty            0.077    -0.527    
    SLICE_X28Y53         FDRE (Hold_fdre_C_D)         0.070    -0.457    u_uart_rx/rx_sync_reg
  -------------------------------------------------------------------
                         required time                          0.457    
                         arrival time                          -0.354    
  -------------------------------------------------------------------
                         slack                                  0.103    

Slack (MET) :             0.107ns  (arrival time - required time)
  Source:                 u_uart_rx/dout_reg[2]/C
                            (rising edge-triggered cell FDRE clocked by clk_out2_clk_wiz_0  {rise@0.000ns fall@5.000ns period=10.000ns})
  Destination:            u_frame_sync/magic_buffer_reg[2]/D
                            (rising edge-triggered cell FDRE clocked by clk_out2_clk_wiz_0_1  {rise@0.000ns fall@5.000ns period=10.000ns})
  Path Group:             clk_out2_clk_wiz_0_1
  Path Type:              Hold (Min at Fast Process Corner)
  Requirement:            0.000ns  (clk_out2_clk_wiz_0_1 rise@0.000ns - clk_out2_clk_wiz_0 rise@0.000ns)
  Data Path Delay:        0.291ns  (logic 0.164ns (56.321%)  route 0.127ns (43.679%))
  Logic Levels:           0  
  Clock Path Skew:        0.036ns (DCD - SCD - CPR)
    Destination Clock Delay (DCD):    -0.858ns
    Source Clock Delay      (SCD):    -0.619ns
    Clock Pessimism Removal (CPR):    -0.275ns
  Clock Uncertainty:      0.077ns  ((TSJ^2 + DJ^2)^1/2) / 2 + PE
    Total System Jitter     (TSJ):    0.071ns
    Discrete Jitter          (DJ):    0.138ns
    Phase Error              (PE):    0.000ns
  Clock Domain Crossing:  Inter clock paths are considered valid unless explicitly excluded by timing constraints such as set_clock_groups or set_false_path.

    Location             Delay type                Incr(ns)  Path(ns)    Netlist Resource(s)
  -------------------------------------------------------------------    -------------------
                         (clock clk_out2_clk_wiz_0 rise edge)
                                                      0.000     0.000 r  
    W5                                                0.000     0.000 r  clk_100mhz (IN)
                         net (fo=0)                   0.000     0.000    clk_gen/inst/clk_in1
    W5                   IBUF (Prop_ibuf_I_O)         0.226     0.226 r  clk_gen/inst/clkin1_ibufg/O
                         net (fo=1, routed)           0.440     0.667    clk_gen/inst/clk_in1_clk_wiz_0
    MMCME2_ADV_X1Y0      MMCME2_ADV (Prop_mmcme2_adv_CLKIN1_CLKOUT1)
                                                     -2.360    -1.693 r  clk_gen/inst/mmcm_adv_inst/CLKOUT1
                         net (fo=1, routed)           0.486    -1.207    clk_gen/inst/clk_out2_clk_wiz_0
    BUFGCTRL_X0Y0        BUFG (Prop_bufg_I_O)         0.026    -1.181 r  clk_gen/inst/clkout2_buf/O
                         net (fo=137, routed)         0.562    -0.619    u_uart_rx/CLK
    SLICE_X38Y50         FDRE                                         r  u_uart_rx/dout_reg[2]/C
  -------------------------------------------------------------------    -------------------
    SLICE_X38Y50         FDRE (Prop_fdre_C_Q)         0.164    -0.455 r  u_uart_rx/dout_reg[2]/Q
                         net (fo=3, routed)           0.127    -0.328    u_frame_sync/Q[2]
    SLICE_X40Y50         FDRE                                         r  u_frame_sync/magic_buffer_reg[2]/D
  -------------------------------------------------------------------    -------------------

                         (clock clk_out2_clk_wiz_0_1 rise edge)
                                                      0.000     0.000 r  
    W5                                                0.000     0.000 r  clk_100mhz (IN)
                         net (fo=0)                   0.000     0.000    clk_gen/inst/clk_in1
    W5                   IBUF (Prop_ibuf_I_O)         0.414     0.414 r  clk_gen/inst/clkin1_ibufg/O
                         net (fo=1, routed)           0.480     0.894    clk_gen/inst/clk_in1_clk_wiz_0
    MMCME2_ADV_X1Y0      MMCME2_ADV (Prop_mmcme2_adv_CLKIN1_CLKOUT1)
                                                     -3.142    -2.248 r  clk_gen/inst/mmcm_adv_inst/CLKOUT1
                         net (fo=1, routed)           0.530    -1.718    clk_gen/inst/clk_out2_clk_wiz_0
    BUFGCTRL_X0Y0        BUFG (Prop_bufg_I_O)         0.029    -1.689 r  clk_gen/inst/clkout2_buf/O
                         net (fo=137, routed)         0.832    -0.858    u_frame_sync/clk_out2
    SLICE_X40Y50         FDRE                                         r  u_frame_sync/magic_buffer_reg[2]/C
                         clock pessimism              0.275    -0.583    
                         clock uncertainty            0.077    -0.506    
    SLICE_X40Y50         FDRE (Hold_fdre_C_D)         0.071    -0.435    u_frame_sync/magic_buffer_reg[2]
  -------------------------------------------------------------------
                         required time                          0.435    
                         arrival time                          -0.328    
  -------------------------------------------------------------------
                         slack                                  0.107    

Slack (MET) :             0.112ns  (arrival time - required time)
  Source:                 u_uart_rx/rx_data_reg[3]/C
                            (rising edge-triggered cell FDRE clocked by clk_out2_clk_wiz_0  {rise@0.000ns fall@5.000ns period=10.000ns})
  Destination:            u_uart_rx/dout_reg[3]/D
                            (rising edge-triggered cell FDRE clocked by clk_out2_clk_wiz_0_1  {rise@0.000ns fall@5.000ns period=10.000ns})
  Path Group:             clk_out2_clk_wiz_0_1
  Path Type:              Hold (Min at Fast Process Corner)
  Requirement:            0.000ns  (clk_out2_clk_wiz_0_1 rise@0.000ns - clk_out2_clk_wiz_0 rise@0.000ns)
  Data Path Delay:        0.281ns  (logic 0.164ns (58.306%)  route 0.117ns (41.694%))
  Logic Levels:           0  
  Clock Path Skew:        0.016ns (DCD - SCD - CPR)
    Destination Clock Delay (DCD):    -0.859ns
    Source Clock Delay      (SCD):    -0.619ns
    Clock Pessimism Removal (CPR):    -0.256ns
  Clock Uncertainty:      0.077ns  ((TSJ^2 + DJ^2)^1/2) / 2 + PE
    Total System Jitter     (TSJ):    0.071ns
    Discrete Jitter          (DJ):    0.138ns
    Phase Error              (PE):    0.000ns
  Clock Domain Crossing:  Inter clock paths are considered valid unless explicitly excluded by timing constraints such as set_clock_groups or set_false_path.

    Location             Delay type                Incr(ns)  Path(ns)    Netlist Resource(s)
  -------------------------------------------------------------------    -------------------
                         (clock clk_out2_clk_wiz_0 rise edge)
                                                      0.000     0.000 r  
    W5                                                0.000     0.000 r  clk_100mhz (IN)
                         net (fo=0)                   0.000     0.000    clk_gen/inst/clk_in1
    W5                   IBUF (Prop_ibuf_I_O)         0.226     0.226 r  clk_gen/inst/clkin1_ibufg/O
                         net (fo=1, routed)           0.440     0.667    clk_gen/inst/clk_in1_clk_wiz_0
    MMCME2_ADV_X1Y0      MMCME2_ADV (Prop_mmcme2_adv_CLKIN1_CLKOUT1)
                                                     -2.360    -1.693 r  clk_gen/inst/mmcm_adv_inst/CLKOUT1
                         net (fo=1, routed)           0.486    -1.207    clk_gen/inst/clk_out2_clk_wiz_0
    BUFGCTRL_X0Y0        BUFG (Prop_bufg_I_O)         0.026    -1.181 r  clk_gen/inst/clkout2_buf/O
                         net (fo=137, routed)         0.562    -0.619    u_uart_rx/CLK
    SLICE_X38Y51         FDRE                                         r  u_uart_rx/rx_data_reg[3]/C
  -------------------------------------------------------------------    -------------------
    SLICE_X38Y51         FDRE (Prop_fdre_C_Q)         0.164    -0.455 r  u_uart_rx/rx_data_reg[3]/Q
                         net (fo=2, routed)           0.117    -0.338    u_uart_rx/rx_data[3]
    SLICE_X38Y50         FDRE                                         r  u_uart_rx/dout_reg[3]/D
  -------------------------------------------------------------------    -------------------

                         (clock clk_out2_clk_wiz_0_1 rise edge)
                                                      0.000     0.000 r  
    W5                                                0.000     0.000 r  clk_100mhz (IN)
                         net (fo=0)                   0.000     0.000    clk_gen/inst/clk_in1
    W5                   IBUF (Prop_ibuf_I_O)         0.414     0.414 r  clk_gen/inst/clkin1_ibufg/O
                         net (fo=1, routed)           0.480     0.894    clk_gen/inst/clk_in1_clk_wiz_0
    MMCME2_ADV_X1Y0      MMCME2_ADV (Prop_mmcme2_adv_CLKIN1_CLKOUT1)
                                                     -3.142    -2.248 r  clk_gen/inst/mmcm_adv_inst/CLKOUT1
                         net (fo=1, routed)           0.530    -1.718    clk_gen/inst/clk_out2_clk_wiz_0
    BUFGCTRL_X0Y0        BUFG (Prop_bufg_I_O)         0.029    -1.689 r  clk_gen/inst/clkout2_buf/O
                         net (fo=137, routed)         0.830    -0.859    u_uart_rx/CLK
    SLICE_X38Y50         FDRE                                         r  u_uart_rx/dout_reg[3]/C
                         clock pessimism              0.256    -0.603    
                         clock uncertainty            0.077    -0.526    
    SLICE_X38Y50         FDRE (Hold_fdre_C_D)         0.076    -0.450    u_uart_rx/dout_reg[3]
  -------------------------------------------------------------------
                         required time                          0.450    
                         arrival time                          -0.338    
  -------------------------------------------------------------------
                         slack                                  0.112    

Slack (MET) :             0.113ns  (arrival time - required time)
  Source:                 u_uart_rx/valid_reg/C
                            (rising edge-triggered cell FDRE clocked by clk_out2_clk_wiz_0  {rise@0.000ns fall@5.000ns period=10.000ns})
  Destination:            u_frame_sync/magic_buffer_reg[0]/CE
                            (rising edge-triggered cell FDRE clocked by clk_out2_clk_wiz_0_1  {rise@0.000ns fall@5.000ns period=10.000ns})
  Path Group:             clk_out2_clk_wiz_0_1
  Path Type:              Hold (Min at Fast Process Corner)
  Requirement:            0.000ns  (clk_out2_clk_wiz_0_1 rise@0.000ns - clk_out2_clk_wiz_0 rise@0.000ns)
  Data Path Delay:        0.420ns  (logic 0.141ns (33.599%)  route 0.279ns (66.401%))
  Logic Levels:           0  
  Clock Path Skew:        0.268ns (DCD - SCD - CPR)
    Destination Clock Delay (DCD):    -0.858ns
    Source Clock Delay      (SCD):    -0.617ns
    Clock Pessimism Removal (CPR):    -0.508ns
  Clock Uncertainty:      0.077ns  ((TSJ^2 + DJ^2)^1/2) / 2 + PE
    Total System Jitter     (TSJ):    0.071ns
    Discrete Jitter          (DJ):    0.138ns
    Phase Error              (PE):    0.000ns
  Clock Domain Crossing:  Inter clock paths are considered valid unless explicitly excluded by timing constraints such as set_clock_groups or set_false_path.

    Location             Delay type                Incr(ns)  Path(ns)    Netlist Resource(s)
  -------------------------------------------------------------------    -------------------
                         (clock clk_out2_clk_wiz_0 rise edge)
                                                      0.000     0.000 r  
    W5                                                0.000     0.000 r  clk_100mhz (IN)
                         net (fo=0)                   0.000     0.000    clk_gen/inst/clk_in1
    W5                   IBUF (Prop_ibuf_I_O)         0.226     0.226 r  clk_gen/inst/clkin1_ibufg/O
                         net (fo=1, routed)           0.440     0.667    clk_gen/inst/clk_in1_clk_wiz_0
    MMCME2_ADV_X1Y0      MMCME2_ADV (Prop_mmcme2_adv_CLKIN1_CLKOUT1)
                                                     -2.360    -1.693 r  clk_gen/inst/mmcm_adv_inst/CLKOUT1
                         net (fo=1, routed)           0.486    -1.207    clk_gen/inst/clk_out2_clk_wiz_0
    BUFGCTRL_X0Y0        BUFG (Prop_bufg_I_O)         0.026    -1.181 r  clk_gen/inst/clkout2_buf/O
                         net (fo=137, routed)         0.564    -0.617    u_uart_rx/CLK
    SLICE_X39Y49         FDRE                                         r  u_uart_rx/valid_reg/C
  -------------------------------------------------------------------    -------------------
    SLICE_X39Y49         FDRE (Prop_fdre_C_Q)         0.141    -0.476 r  u_uart_rx/valid_reg/Q
                         net (fo=29, routed)          0.279    -0.198    u_frame_sync/uart_valid
    SLICE_X40Y50         FDRE                                         r  u_frame_sync/magic_buffer_reg[0]/CE
  -------------------------------------------------------------------    -------------------

                         (clock clk_out2_clk_wiz_0_1 rise edge)
                                                      0.000     0.000 r  
    W5                                                0.000     0.000 r  clk_100mhz (IN)
                         net (fo=0)                   0.000     0.000    clk_gen/inst/clk_in1
    W5                   IBUF (Prop_ibuf_I_O)         0.414     0.414 r  clk_gen/inst/clkin1_ibufg/O
                         net (fo=1, routed)           0.480     0.894    clk_gen/inst/clk_in1_clk_wiz_0
    MMCME2_ADV_X1Y0      MMCME2_ADV (Prop_mmcme2_adv_CLKIN1_CLKOUT1)
                                                     -3.142    -2.248 r  clk_gen/inst/mmcm_adv_inst/CLKOUT1
                         net (fo=1, routed)           0.530    -1.718    clk_gen/inst/clk_out2_clk_wiz_0
    BUFGCTRL_X0Y0        BUFG (Prop_bufg_I_O)         0.029    -1.689 r  clk_gen/inst/clkout2_buf/O
                         net (fo=137, routed)         0.832    -0.858    u_frame_sync/clk_out2
    SLICE_X40Y50         FDRE                                         r  u_frame_sync/magic_buffer_reg[0]/C
                         clock pessimism              0.508    -0.349    
                         clock uncertainty            0.077    -0.272    
    SLICE_X40Y50         FDRE (Hold_fdre_C_CE)       -0.039    -0.311    u_frame_sync/magic_buffer_reg[0]
  -------------------------------------------------------------------
                         required time                          0.311    
                         arrival time                          -0.198    
  -------------------------------------------------------------------
                         slack                                  0.113    

Slack (MET) :             0.113ns  (arrival time - required time)
  Source:                 u_uart_rx/valid_reg/C
                            (rising edge-triggered cell FDRE clocked by clk_out2_clk_wiz_0  {rise@0.000ns fall@5.000ns period=10.000ns})
  Destination:            u_frame_sync/magic_buffer_reg[10]/CE
                            (rising edge-triggered cell FDRE clocked by clk_out2_clk_wiz_0_1  {rise@0.000ns fall@5.000ns period=10.000ns})
  Path Group:             clk_out2_clk_wiz_0_1
  Path Type:              Hold (Min at Fast Process Corner)
  Requirement:            0.000ns  (clk_out2_clk_wiz_0_1 rise@0.000ns - clk_out2_clk_wiz_0 rise@0.000ns)
  Data Path Delay:        0.420ns  (logic 0.141ns (33.599%)  route 0.279ns (66.401%))
  Logic Levels:           0  
  Clock Path Skew:        0.268ns (DCD - SCD - CPR)
    Destination Clock Delay (DCD):    -0.858ns
    Source Clock Delay      (SCD):    -0.617ns
    Clock Pessimism Removal (CPR):    -0.508ns
  Clock Uncertainty:      0.077ns  ((TSJ^2 + DJ^2)^1/2) / 2 + PE
    Total System Jitter     (TSJ):    0.071ns
    Discrete Jitter          (DJ):    0.138ns
    Phase Error              (PE):    0.000ns
  Clock Domain Crossing:  Inter clock paths are considered valid unless explicitly excluded by timing constraints such as set_clock_groups or set_false_path.

    Location             Delay type                Incr(ns)  Path(ns)    Netlist Resource(s)
  -------------------------------------------------------------------    -------------------
                         (clock clk_out2_clk_wiz_0 rise edge)
                                                      0.000     0.000 r  
    W5                                                0.000     0.000 r  clk_100mhz (IN)
                         net (fo=0)                   0.000     0.000    clk_gen/inst/clk_in1
    W5                   IBUF (Prop_ibuf_I_O)         0.226     0.226 r  clk_gen/inst/clkin1_ibufg/O
                         net (fo=1, routed)           0.440     0.667    clk_gen/inst/clk_in1_clk_wiz_0
    MMCME2_ADV_X1Y0      MMCME2_ADV (Prop_mmcme2_adv_CLKIN1_CLKOUT1)
                                                     -2.360    -1.693 r  clk_gen/inst/mmcm_adv_inst/CLKOUT1
                         net (fo=1, routed)           0.486    -1.207    clk_gen/inst/clk_out2_clk_wiz_0
    BUFGCTRL_X0Y0        BUFG (Prop_bufg_I_O)         0.026    -1.181 r  clk_gen/inst/clkout2_buf/O
                         net (fo=137, routed)         0.564    -0.617    u_uart_rx/CLK
    SLICE_X39Y49         FDRE                                         r  u_uart_rx/valid_reg/C
  -------------------------------------------------------------------    -------------------
    SLICE_X39Y49         FDRE (Prop_fdre_C_Q)         0.141    -0.476 r  u_uart_rx/valid_reg/Q
                         net (fo=29, routed)          0.279    -0.198    u_frame_sync/uart_valid
    SLICE_X40Y50         FDRE                                         r  u_frame_sync/magic_buffer_reg[10]/CE
  -------------------------------------------------------------------    -------------------

                         (clock clk_out2_clk_wiz_0_1 rise edge)
                                                      0.000     0.000 r  
    W5                                                0.000     0.000 r  clk_100mhz (IN)
                         net (fo=0)                   0.000     0.000    clk_gen/inst/clk_in1
    W5                   IBUF (Prop_ibuf_I_O)         0.414     0.414 r  clk_gen/inst/clkin1_ibufg/O
                         net (fo=1, routed)           0.480     0.894    clk_gen/inst/clk_in1_clk_wiz_0
    MMCME2_ADV_X1Y0      MMCME2_ADV (Prop_mmcme2_adv_CLKIN1_CLKOUT1)
                                                     -3.142    -2.248 r  clk_gen/inst/mmcm_adv_inst/CLKOUT1
                         net (fo=1, routed)           0.530    -1.718    clk_gen/inst/clk_out2_clk_wiz_0
    BUFGCTRL_X0Y0        BUFG (Prop_bufg_I_O)         0.029    -1.689 r  clk_gen/inst/clkout2_buf/O
                         net (fo=137, routed)         0.832    -0.858    u_frame_sync/clk_out2
    SLICE_X40Y50         FDRE                                         r  u_frame_sync/magic_buffer_reg[10]/C
                         clock pessimism              0.508    -0.349    
                         clock uncertainty            0.077    -0.272    
    SLICE_X40Y50         FDRE (Hold_fdre_C_CE)       -0.039    -0.311    u_frame_sync/magic_buffer_reg[10]
  -------------------------------------------------------------------
                         required time                          0.311    
                         arrival time                          -0.198    
  -------------------------------------------------------------------
                         slack                                  0.113    

Slack (MET) :             0.113ns  (arrival time - required time)
  Source:                 u_uart_rx/valid_reg/C
                            (rising edge-triggered cell FDRE clocked by clk_out2_clk_wiz_0  {rise@0.000ns fall@5.000ns period=10.000ns})
  Destination:            u_frame_sync/magic_buffer_reg[12]/CE
                            (rising edge-triggered cell FDRE clocked by clk_out2_clk_wiz_0_1  {rise@0.000ns fall@5.000ns period=10.000ns})
  Path Group:             clk_out2_clk_wiz_0_1
  Path Type:              Hold (Min at Fast Process Corner)
  Requirement:            0.000ns  (clk_out2_clk_wiz_0_1 rise@0.000ns - clk_out2_clk_wiz_0 rise@0.000ns)
  Data Path Delay:        0.420ns  (logic 0.141ns (33.599%)  route 0.279ns (66.401%))
  Logic Levels:           0  
  Clock Path Skew:        0.268ns (DCD - SCD - CPR)
    Destination Clock Delay (DCD):    -0.858ns
    Source Clock Delay      (SCD):    -0.617ns
    Clock Pessimism Removal (CPR):    -0.508ns
  Clock Uncertainty:      0.077ns  ((TSJ^2 + DJ^2)^1/2) / 2 + PE
    Total System Jitter     (TSJ):    0.071ns
    Discrete Jitter          (DJ):    0.138ns
    Phase Error              (PE):    0.000ns
  Clock Domain Crossing:  Inter clock paths are considered valid unless explicitly excluded by timing constraints such as set_clock_groups or set_false_path.

    Location             Delay type                Incr(ns)  Path(ns)    Netlist Resource(s)
  -------------------------------------------------------------------    -------------------
                         (clock clk_out2_clk_wiz_0 rise edge)
                                                      0.000     0.000 r  
    W5                                                0.000     0.000 r  clk_100mhz (IN)
                         net (fo=0)                   0.000     0.000    clk_gen/inst/clk_in1
    W5                   IBUF (Prop_ibuf_I_O)         0.226     0.226 r  clk_gen/inst/clkin1_ibufg/O
                         net (fo=1, routed)           0.440     0.667    clk_gen/inst/clk_in1_clk_wiz_0
    MMCME2_ADV_X1Y0      MMCME2_ADV (Prop_mmcme2_adv_CLKIN1_CLKOUT1)
                                                     -2.360    -1.693 r  clk_gen/inst/mmcm_adv_inst/CLKOUT1
                         net (fo=1, routed)           0.486    -1.207    clk_gen/inst/clk_out2_clk_wiz_0
    BUFGCTRL_X0Y0        BUFG (Prop_bufg_I_O)         0.026    -1.181 r  clk_gen/inst/clkout2_buf/O
                         net (fo=137, routed)         0.564    -0.617    u_uart_rx/CLK
    SLICE_X39Y49         FDRE                                         r  u_uart_rx/valid_reg/C
  -------------------------------------------------------------------    -------------------
    SLICE_X39Y49         FDRE (Prop_fdre_C_Q)         0.141    -0.476 r  u_uart_rx/valid_reg/Q
                         net (fo=29, routed)          0.279    -0.198    u_frame_sync/uart_valid
    SLICE_X40Y50         FDRE                                         r  u_frame_sync/magic_buffer_reg[12]/CE
  -------------------------------------------------------------------    -------------------

                         (clock clk_out2_clk_wiz_0_1 rise edge)
                                                      0.000     0.000 r  
    W5                                                0.000     0.000 r  clk_100mhz (IN)
                         net (fo=0)                   0.000     0.000    clk_gen/inst/clk_in1
    W5                   IBUF (Prop_ibuf_I_O)         0.414     0.414 r  clk_gen/inst/clkin1_ibufg/O
                         net (fo=1, routed)           0.480     0.894    clk_gen/inst/clk_in1_clk_wiz_0
    MMCME2_ADV_X1Y0      MMCME2_ADV (Prop_mmcme2_adv_CLKIN1_CLKOUT1)
                                                     -3.142    -2.248 r  clk_gen/inst/mmcm_adv_inst/CLKOUT1
                         net (fo=1, routed)           0.530    -1.718    clk_gen/inst/clk_out2_clk_wiz_0
    BUFGCTRL_X0Y0        BUFG (Prop_bufg_I_O)         0.029    -1.689 r  clk_gen/inst/clkout2_buf/O
                         net (fo=137, routed)         0.832    -0.858    u_frame_sync/clk_out2
    SLICE_X40Y50         FDRE                                         r  u_frame_sync/magic_buffer_reg[12]/C
                         clock pessimism              0.508    -0.349    
                         clock uncertainty            0.077    -0.272    
    SLICE_X40Y50         FDRE (Hold_fdre_C_CE)       -0.039    -0.311    u_frame_sync/magic_buffer_reg[12]
  -------------------------------------------------------------------
                         required time                          0.311    
                         arrival time                          -0.198    
  -------------------------------------------------------------------
                         slack                                  0.113    

Slack (MET) :             0.113ns  (arrival time - required time)
  Source:                 u_uart_rx/valid_reg/C
                            (rising edge-triggered cell FDRE clocked by clk_out2_clk_wiz_0  {rise@0.000ns fall@5.000ns period=10.000ns})
  Destination:            u_frame_sync/magic_buffer_reg[17]/CE
                            (rising edge-triggered cell FDRE clocked by clk_out2_clk_wiz_0_1  {rise@0.000ns fall@5.000ns period=10.000ns})
  Path Group:             clk_out2_clk_wiz_0_1
  Path Type:              Hold (Min at Fast Process Corner)
  Requirement:            0.000ns  (clk_out2_clk_wiz_0_1 rise@0.000ns - clk_out2_clk_wiz_0 rise@0.000ns)
  Data Path Delay:        0.420ns  (logic 0.141ns (33.599%)  route 0.279ns (66.401%))
  Logic Levels:           0  
  Clock Path Skew:        0.268ns (DCD - SCD - CPR)
    Destination Clock Delay (DCD):    -0.858ns
    Source Clock Delay      (SCD):    -0.617ns
    Clock Pessimism Removal (CPR):    -0.508ns
  Clock Uncertainty:      0.077ns  ((TSJ^2 + DJ^2)^1/2) / 2 + PE
    Total System Jitter     (TSJ):    0.071ns
    Discrete Jitter          (DJ):    0.138ns
    Phase Error              (PE):    0.000ns
  Clock Domain Crossing:  Inter clock paths are considered valid unless explicitly excluded by timing constraints such as set_clock_groups or set_false_path.

    Location             Delay type                Incr(ns)  Path(ns)    Netlist Resource(s)
  -------------------------------------------------------------------    -------------------
                         (clock clk_out2_clk_wiz_0 rise edge)
                                                      0.000     0.000 r  
    W5                                                0.000     0.000 r  clk_100mhz (IN)
                         net (fo=0)                   0.000     0.000    clk_gen/inst/clk_in1
    W5                   IBUF (Prop_ibuf_I_O)         0.226     0.226 r  clk_gen/inst/clkin1_ibufg/O
                         net (fo=1, routed)           0.440     0.667    clk_gen/inst/clk_in1_clk_wiz_0
    MMCME2_ADV_X1Y0      MMCME2_ADV (Prop_mmcme2_adv_CLKIN1_CLKOUT1)
                                                     -2.360    -1.693 r  clk_gen/inst/mmcm_adv_inst/CLKOUT1
                         net (fo=1, routed)           0.486    -1.207    clk_gen/inst/clk_out2_clk_wiz_0
    BUFGCTRL_X0Y0        BUFG (Prop_bufg_I_O)         0.026    -1.181 r  clk_gen/inst/clkout2_buf/O
                         net (fo=137, routed)         0.564    -0.617    u_uart_rx/CLK
    SLICE_X39Y49         FDRE                                         r  u_uart_rx/valid_reg/C
  -------------------------------------------------------------------    -------------------
    SLICE_X39Y49         FDRE (Prop_fdre_C_Q)         0.141    -0.476 r  u_uart_rx/valid_reg/Q
                         net (fo=29, routed)          0.279    -0.198    u_frame_sync/uart_valid
    SLICE_X40Y50         FDRE                                         r  u_frame_sync/magic_buffer_reg[17]/CE
  -------------------------------------------------------------------    -------------------

                         (clock clk_out2_clk_wiz_0_1 rise edge)
                                                      0.000     0.000 r  
    W5                                                0.000     0.000 r  clk_100mhz (IN)
                         net (fo=0)                   0.000     0.000    clk_gen/inst/clk_in1
    W5                   IBUF (Prop_ibuf_I_O)         0.414     0.414 r  clk_gen/inst/clkin1_ibufg/O
                         net (fo=1, routed)           0.480     0.894    clk_gen/inst/clk_in1_clk_wiz_0
    MMCME2_ADV_X1Y0      MMCME2_ADV (Prop_mmcme2_adv_CLKIN1_CLKOUT1)
                                                     -3.142    -2.248 r  clk_gen/inst/mmcm_adv_inst/CLKOUT1
                         net (fo=1, routed)           0.530    -1.718    clk_gen/inst/clk_out2_clk_wiz_0
    BUFGCTRL_X0Y0        BUFG (Prop_bufg_I_O)         0.029    -1.689 r  clk_gen/inst/clkout2_buf/O
                         net (fo=137, routed)         0.832    -0.858    u_frame_sync/clk_out2
    SLICE_X40Y50         FDRE                                         r  u_frame_sync/magic_buffer_reg[17]/C
                         clock pessimism              0.508    -0.349    
                         clock uncertainty            0.077    -0.272    
    SLICE_X40Y50         FDRE (Hold_fdre_C_CE)       -0.039    -0.311    u_frame_sync/magic_buffer_reg[17]
  -------------------------------------------------------------------
                         required time                          0.311    
                         arrival time                          -0.198    
  -------------------------------------------------------------------
                         slack                                  0.113    





